run_name,dataset,algorithm,variant,seed,pr_auc,roc_auc,mcc,f1,distance_concentration_ratio,n_features,pca_variance,recall_type_g,recall_type_l
phase4__thyroid__IForest__seed-42__task-003314__cfg-5e6eedb9,thyroid,IForest,bootstrap-iforest-stable,42,0.6694207359197007,0.9835363162617238,0.6509138380167387,0.6595744680851063,45.09152774242569,6.0,,,
phase4__pima__OCSVM__seed-42__task-003313__cfg-9b9826c0,pima,OCSVM,lhs-ocsvm-pima,42,0.49247500758429796,0.655723880597015,0.24698123843562245,0.5102420856610801,2.615846188558707,8.0,,,
phase4__ionosphere__OCSVM__seed-42__task-003312__cfg-16c2be88,ionosphere,OCSVM,lhs-ocsvm-ionosphere,42,0.9028702501593155,0.9062786596119929,0.721927903017824,0.8221343873517787,2.3145271663195177,32.0,,,
phase4__breastw__OCSVM__seed-42__task-003311__cfg-6731a9dd,breastw,OCSVM,lhs-ocsvm-breastw,42,0.9338105427241014,0.9788721776169474,0.8681865834343587,0.9144050104384134,3.638782655539799,9.0,,,
phase4__pima__OCSVM__seed-42__task-003310__cfg-92349a28,pima,OCSVM,sobol-ocsvm-pima,42,0.4920050265315097,0.6555223880597014,0.23552841926411186,0.5027932960893855,2.615846188558707,8.0,,,
phase4__ionosphere__OCSVM__seed-42__task-003309__cfg-5a2b683b,ionosphere,OCSVM,sobol-ocsvm-ionosphere,42,0.9132835772453516,0.9104409171075838,0.721927903017824,0.8221343873517787,2.3145271663195177,32.0,,,
phase4__breastw__OCSVM__seed-42__task-003308__cfg-8f2d8453,breastw,OCSVM,sobol-ocsvm-breastw,42,0.9341704183252518,0.9776471031701157,0.8488960588081292,0.9018789144050104,3.638782655539799,9.0,,,
phase4__smtp__IForest__seed-42__task-003307__cfg-864dda4e,smtp,IForest,sobol-iforest-smtp,42,0.5093101020278381,0.9395212665307067,0.5762226443347567,0.576271186440678,14.050066162689816,3.0,,,
phase4__breastw__IForest__seed-42__task-003306__cfg-27fca87c,breastw,IForest,sobol-iforest-breastw,42,0.9871431452432098,0.9934599871838364,0.9131978075622275,0.9436325678496869,3.638782655539799,9.0,,,
phase4__ionosphere__IForest__seed-42__task-003305__cfg-28095f9a,ionosphere,IForest,sobol-iforest-ionosphere,42,0.819772638442562,0.8616225749559083,0.5118145581096513,0.6877470355731226,2.3145271663195177,32.0,,,
phase4__satellite__HBOS__seed-42__task-003304__cfg-d64ee4cd,satellite,HBOS,oracle-hbins-alpha,42,0.7036399961847701,0.7930837781939188,0.44374710546606394,0.6196560196560197,2.4326234312012662,36.0,,,
phase4__satellite__HBOS__seed-3__task-003303__cfg-5f81c4ad,satellite,HBOS,oracle-hbins-alpha,3,0.7036399961847701,0.7930837781939188,0.44374710546606394,0.6196560196560197,2.4326234312012662,36.0,,,
phase4__satellite__HBOS__seed-2__task-003302__cfg-38748822,satellite,HBOS,oracle-hbins-alpha,2,0.7036399961847701,0.7930837781939188,0.44374710546606394,0.6196560196560197,2.4326234312012662,36.0,,,
phase4__satellite__HBOS__seed-1__task-003301__cfg-16679a75,satellite,HBOS,oracle-hbins-alpha,1,0.7036399961847701,0.7930837781939188,0.44374710546606394,0.6196560196560197,2.4326234312012662,36.0,,,
phase4__satellite__HBOS__seed-0__task-003300__cfg-6c5ea882,satellite,HBOS,oracle-hbins-alpha,0,0.7036399961847701,0.7930837781939188,0.44374710546606394,0.6196560196560197,2.4326234312012662,36.0,,,
phase4__satellite__HBOS__seed-42__task-003299__cfg-db1636f0,satellite,HBOS,oracle-hbins-alpha,42,0.700412952821595,0.7908826617587226,0.44087241217004547,0.6176904176904177,2.4326234312012662,36.0,,,
phase4__satellite__HBOS__seed-3__task-003298__cfg-e72a1ac6,satellite,HBOS,oracle-hbins-alpha,3,0.700412952821595,0.7908826617587226,0.44087241217004547,0.6176904176904177,2.4326234312012662,36.0,,,
phase4__satellite__HBOS__seed-2__task-003297__cfg-e46a63f6,satellite,HBOS,oracle-hbins-alpha,2,0.700412952821595,0.7908826617587226,0.44087241217004547,0.6176904176904177,2.4326234312012662,36.0,,,
phase4__satellite__HBOS__seed-1__task-003296__cfg-7499480e,satellite,HBOS,oracle-hbins-alpha,1,0.700412952821595,0.7908826617587226,0.44087241217004547,0.6176904176904177,2.4326234312012662,36.0,,,
phase4__satellite__HBOS__seed-0__task-003295__cfg-ed157c2a,satellite,HBOS,oracle-hbins-alpha,0,0.700412952821595,0.7908826617587226,0.44087241217004547,0.6176904176904177,2.4326234312012662,36.0,,,
phase4__satellite__HBOS__seed-42__task-003289__cfg-4a3c7c37,satellite,HBOS,oracle-hbins-alpha,42,0.7248651372483337,0.8058921008569995,0.4538085320021286,0.6265356265356266,2.4326234312012662,36.0,,,
phase4__satellite__HBOS__seed-3__task-003288__cfg-0d36cce5,satellite,HBOS,oracle-hbins-alpha,3,0.7248651372483337,0.8058921008569995,0.4538085320021286,0.6265356265356266,2.4326234312012662,36.0,,,
phase4__satellite__HBOS__seed-2__task-003287__cfg-04332724,satellite,HBOS,oracle-hbins-alpha,2,0.7248651372483337,0.8058921008569995,0.4538085320021286,0.6265356265356266,2.4326234312012662,36.0,,,
phase4__satellite__HBOS__seed-1__task-003286__cfg-17cc8efb,satellite,HBOS,oracle-hbins-alpha,1,0.7248651372483337,0.8058921008569995,0.4538085320021286,0.6265356265356266,2.4326234312012662,36.0,,,
phase4__satellite__HBOS__seed-0__task-003285__cfg-f66484dd,satellite,HBOS,oracle-hbins-alpha,0,0.7248651372483337,0.8058921008569995,0.4538085320021286,0.6265356265356266,2.4326234312012662,36.0,,,
phase4__satellite__HBOS__seed-42__task-003284__cfg-13ccba6f,satellite,HBOS,oracle-hbins-alpha,42,0.719862289259244,0.8024551034325983,0.4394350655220362,0.6167076167076168,2.4326234312012662,36.0,,,
phase4__satellite__HBOS__seed-3__task-003283__cfg-ebe3586b,satellite,HBOS,oracle-hbins-alpha,3,0.719862289259244,0.8024551034325983,0.4394350655220362,0.6167076167076168,2.4326234312012662,36.0,,,
phase4__satellite__HBOS__seed-2__task-003282__cfg-27150668,satellite,HBOS,oracle-hbins-alpha,2,0.719862289259244,0.8024551034325983,0.4394350655220362,0.6167076167076168,2.4326234312012662,36.0,,,
phase4__satellite__HBOS__seed-1__task-003281__cfg-712dbc33,satellite,HBOS,oracle-hbins-alpha,1,0.719862289259244,0.8024551034325983,0.4394350655220362,0.6167076167076168,2.4326234312012662,36.0,,,
phase4__satellite__HBOS__seed-0__task-003280__cfg-0cb1f818,satellite,HBOS,oracle-hbins-alpha,0,0.719862289259244,0.8024551034325983,0.4394350655220362,0.6167076167076168,2.4326234312012662,36.0,,,
phase4__satellite__HBOS__seed-42__task-003274__cfg-d1f26c20,satellite,HBOS,oracle-hbins-alpha,42,0.722953413441534,0.8023721456608954,0.4674633251582164,0.6358722358722358,2.4326234312012662,36.0,,,
phase4__satellite__HBOS__seed-3__task-003273__cfg-eb04d713,satellite,HBOS,oracle-hbins-alpha,3,0.722953413441534,0.8023721456608954,0.4674633251582164,0.6358722358722358,2.4326234312012662,36.0,,,
phase4__satellite__HBOS__seed-2__task-003272__cfg-e44280e3,satellite,HBOS,oracle-hbins-alpha,2,0.722953413441534,0.8023721456608954,0.4674633251582164,0.6358722358722358,2.4326234312012662,36.0,,,
phase4__satellite__HBOS__seed-1__task-003271__cfg-5bb25bb8,satellite,HBOS,oracle-hbins-alpha,1,0.722953413441534,0.8023721456608954,0.4674633251582164,0.6358722358722358,2.4326234312012662,36.0,,,
phase4__satellite__HBOS__seed-0__task-003270__cfg-9f743984,satellite,HBOS,oracle-hbins-alpha,0,0.722953413441534,0.8023721456608954,0.4674633251582164,0.6358722358722358,2.4326234312012662,36.0,,,
phase4__satellite__HBOS__seed-42__task-003269__cfg-6543101b,satellite,HBOS,oracle-hbins-alpha,42,0.7184840562536569,0.7995303674571512,0.45740189862215175,0.628992628992629,2.4326234312012662,36.0,,,
phase4__satellite__HBOS__seed-3__task-003268__cfg-cbfb1cde,satellite,HBOS,oracle-hbins-alpha,3,0.7184840562536569,0.7995303674571512,0.45740189862215175,0.628992628992629,2.4326234312012662,36.0,,,
phase4__satellite__HBOS__seed-2__task-003267__cfg-2867ee54,satellite,HBOS,oracle-hbins-alpha,2,0.7184840562536569,0.7995303674571512,0.45740189862215175,0.628992628992629,2.4326234312012662,36.0,,,
phase4__satellite__HBOS__seed-1__task-003266__cfg-2d6aebb7,satellite,HBOS,oracle-hbins-alpha,1,0.7184840562536569,0.7995303674571512,0.45740189862215175,0.628992628992629,2.4326234312012662,36.0,,,
phase4__satellite__HBOS__seed-0__task-003265__cfg-39f6c7ea,satellite,HBOS,oracle-hbins-alpha,0,0.7184840562536569,0.7995303674571512,0.45740189862215175,0.628992628992629,2.4326234312012662,36.0,,,
phase4__satellite__HBOS__seed-42__task-003259__cfg-1609e608,satellite,HBOS,oracle-hbins-alpha,42,0.6841055041575533,0.7518769893675603,0.3740357930376158,0.571990171990172,2.4326234312012662,36.0,,,
phase4__satellite__HBOS__seed-3__task-003258__cfg-adeb20ca,satellite,HBOS,oracle-hbins-alpha,3,0.6841055041575533,0.7518769893675603,0.3740357930376158,0.571990171990172,2.4326234312012662,36.0,,,
phase4__satellite__HBOS__seed-2__task-003257__cfg-824f6b10,satellite,HBOS,oracle-hbins-alpha,2,0.6841055041575533,0.7518769893675603,0.3740357930376158,0.571990171990172,2.4326234312012662,36.0,,,
phase4__satellite__HBOS__seed-1__task-003256__cfg-b6401c96,satellite,HBOS,oracle-hbins-alpha,1,0.6841055041575533,0.7518769893675603,0.3740357930376158,0.571990171990172,2.4326234312012662,36.0,,,
phase4__satellite__HBOS__seed-0__task-003255__cfg-5605f164,satellite,HBOS,oracle-hbins-alpha,0,0.6841055041575533,0.7518769893675603,0.3740357930376158,0.571990171990172,2.4326234312012662,36.0,,,
phase4__satellite__HBOS__seed-42__task-003254__cfg-5a915dde,satellite,HBOS,oracle-hbins-alpha,42,0.6816244036705184,0.7495856577512927,0.375473139685625,0.572972972972973,2.4326234312012662,36.0,,,
phase4__satellite__HBOS__seed-3__task-003253__cfg-88aaeeb2,satellite,HBOS,oracle-hbins-alpha,3,0.6816244036705184,0.7495856577512927,0.375473139685625,0.572972972972973,2.4326234312012662,36.0,,,
phase4__satellite__HBOS__seed-2__task-003252__cfg-ddc64284,satellite,HBOS,oracle-hbins-alpha,2,0.6816244036705184,0.7495856577512927,0.375473139685625,0.572972972972973,2.4326234312012662,36.0,,,
phase4__satellite__HBOS__seed-1__task-003251__cfg-03a201d7,satellite,HBOS,oracle-hbins-alpha,1,0.6816244036705184,0.7495856577512927,0.375473139685625,0.572972972972973,2.4326234312012662,36.0,,,
phase4__satellite__HBOS__seed-0__task-003250__cfg-c13f95b2,satellite,HBOS,oracle-hbins-alpha,0,0.6816244036705184,0.7495856577512927,0.375473139685625,0.572972972972973,2.4326234312012662,36.0,,,
phase4__satellite__HBOS__seed-42__task-003244__cfg-0f3d754f,satellite,HBOS,oracle-hbins-alpha,42,0.6483192637609478,0.6862075391308349,0.36613038647356494,0.5665847665847665,2.4326234312012662,36.0,,,
phase4__satellite__HBOS__seed-3__task-003243__cfg-3912ddad,satellite,HBOS,oracle-hbins-alpha,3,0.6483192637609478,0.6862075391308349,0.36613038647356494,0.5665847665847665,2.4326234312012662,36.0,,,
phase4__satellite__HBOS__seed-2__task-003242__cfg-e58f05ff,satellite,HBOS,oracle-hbins-alpha,2,0.6483192637609478,0.6862075391308349,0.36613038647356494,0.5665847665847665,2.4326234312012662,36.0,,,
phase4__satellite__HBOS__seed-1__task-003241__cfg-73d7c568,satellite,HBOS,oracle-hbins-alpha,1,0.6483192637609478,0.6862075391308349,0.36613038647356494,0.5665847665847665,2.4326234312012662,36.0,,,
phase4__satellite__HBOS__seed-0__task-003240__cfg-315da57b,satellite,HBOS,oracle-hbins-alpha,0,0.6483192637609478,0.6862075391308349,0.36613038647356494,0.5665847665847665,2.4326234312012662,36.0,,,
phase4__satellite__HBOS__seed-42__task-003239__cfg-a92ecf33,satellite,HBOS,oracle-hbins-alpha,42,0.6447209730845062,0.6841586049874704,0.35894365323351873,0.5616707616707617,2.4326234312012662,36.0,,,
phase4__satellite__HBOS__seed-3__task-003238__cfg-b4409543,satellite,HBOS,oracle-hbins-alpha,3,0.6447209730845062,0.6841586049874704,0.35894365323351873,0.5616707616707617,2.4326234312012662,36.0,,,
phase4__satellite__HBOS__seed-2__task-003237__cfg-2646584a,satellite,HBOS,oracle-hbins-alpha,2,0.6447209730845062,0.6841586049874704,0.35894365323351873,0.5616707616707617,2.4326234312012662,36.0,,,
phase4__satellite__HBOS__seed-1__task-003236__cfg-c0a1d888,satellite,HBOS,oracle-hbins-alpha,1,0.6447209730845062,0.6841586049874704,0.35894365323351873,0.5616707616707617,2.4326234312012662,36.0,,,
phase4__satellite__HBOS__seed-0__task-003235__cfg-e2a59777,satellite,HBOS,oracle-hbins-alpha,0,0.6447209730845062,0.6841586049874704,0.35894365323351873,0.5616707616707617,2.4326234312012662,36.0,,,
phase4__pima__ECOD__seed-42__task-003229__cfg-8a3de2d0,pima,ECOD,oracle-ecod-cont,42,0.46417095059441604,0.5943955223880597,0.16108509464929316,0.4543761638733706,2.615846188558707,8.0,,,
phase4__pima__ECOD__seed-3__task-003228__cfg-a18d5409,pima,ECOD,oracle-ecod-cont,3,0.46417095059441604,0.5943955223880597,0.16108509464929316,0.4543761638733706,2.615846188558707,8.0,,,
phase4__pima__ECOD__seed-2__task-003227__cfg-9b54bc5b,pima,ECOD,oracle-ecod-cont,2,0.46417095059441604,0.5943955223880597,0.16108509464929316,0.4543761638733706,2.615846188558707,8.0,,,
phase4__pima__ECOD__seed-1__task-003226__cfg-0bc2964f,pima,ECOD,oracle-ecod-cont,1,0.46417095059441604,0.5943955223880597,0.16108509464929316,0.4543761638733706,2.615846188558707,8.0,,,
phase4__pima__ECOD__seed-0__task-003225__cfg-695b16e5,pima,ECOD,oracle-ecod-cont,0,0.46417095059441604,0.5943955223880597,0.16108509464929316,0.4543761638733706,2.615846188558707,8.0,,,
phase4__pima__ECOD__seed-42__task-003224__cfg-921d1397,pima,ECOD,oracle-ecod-cont,42,0.46417095059441604,0.5943955223880597,0.16108509464929316,0.4543761638733706,2.615846188558707,8.0,,,
phase4__pima__ECOD__seed-3__task-003223__cfg-b153f05e,pima,ECOD,oracle-ecod-cont,3,0.46417095059441604,0.5943955223880597,0.16108509464929316,0.4543761638733706,2.615846188558707,8.0,,,
phase4__pima__ECOD__seed-2__task-003222__cfg-04d80f42,pima,ECOD,oracle-ecod-cont,2,0.46417095059441604,0.5943955223880597,0.16108509464929316,0.4543761638733706,2.615846188558707,8.0,,,
phase4__pima__ECOD__seed-1__task-003221__cfg-98e819a4,pima,ECOD,oracle-ecod-cont,1,0.46417095059441604,0.5943955223880597,0.16108509464929316,0.4543761638733706,2.615846188558707,8.0,,,
phase4__pima__ECOD__seed-0__task-003220__cfg-382cd2f2,pima,ECOD,oracle-ecod-cont,0,0.46417095059441604,0.5943955223880597,0.16108509464929316,0.4543761638733706,2.615846188558707,8.0,,,
phase4__pima__ECOD__seed-42__task-003219__cfg-c6c29d2c,pima,ECOD,oracle-ecod-cont,42,0.46417095059441604,0.5943955223880597,0.16108509464929316,0.4543761638733706,2.615846188558707,8.0,,,
phase4__pima__ECOD__seed-3__task-003218__cfg-1804e5cf,pima,ECOD,oracle-ecod-cont,3,0.46417095059441604,0.5943955223880597,0.16108509464929316,0.4543761638733706,2.615846188558707,8.0,,,
phase4__pima__ECOD__seed-2__task-003217__cfg-678d5619,pima,ECOD,oracle-ecod-cont,2,0.46417095059441604,0.5943955223880597,0.16108509464929316,0.4543761638733706,2.615846188558707,8.0,,,
phase4__pima__ECOD__seed-1__task-003216__cfg-c463050b,pima,ECOD,oracle-ecod-cont,1,0.46417095059441604,0.5943955223880597,0.16108509464929316,0.4543761638733706,2.615846188558707,8.0,,,
phase4__pima__ECOD__seed-0__task-003215__cfg-67cfaf87,pima,ECOD,oracle-ecod-cont,0,0.46417095059441604,0.5943955223880597,0.16108509464929316,0.4543761638733706,2.615846188558707,8.0,,,
phase4__pima__ECOD__seed-42__task-003214__cfg-df23c58f,pima,ECOD,oracle-ecod-cont,42,0.46417095059441604,0.5943955223880597,0.16108509464929316,0.4543761638733706,2.615846188558707,8.0,,,
phase4__pima__ECOD__seed-3__task-003213__cfg-fabd5270,pima,ECOD,oracle-ecod-cont,3,0.46417095059441604,0.5943955223880597,0.16108509464929316,0.4543761638733706,2.615846188558707,8.0,,,
phase4__pima__ECOD__seed-2__task-003212__cfg-788315ff,pima,ECOD,oracle-ecod-cont,2,0.46417095059441604,0.5943955223880597,0.16108509464929316,0.4543761638733706,2.615846188558707,8.0,,,
phase4__pima__ECOD__seed-1__task-003211__cfg-9a6d6d48,pima,ECOD,oracle-ecod-cont,1,0.46417095059441604,0.5943955223880597,0.16108509464929316,0.4543761638733706,2.615846188558707,8.0,,,
phase4__pima__ECOD__seed-0__task-003210__cfg-faaa37d8,pima,ECOD,oracle-ecod-cont,0,0.46417095059441604,0.5943955223880597,0.16108509464929316,0.4543761638733706,2.615846188558707,8.0,,,
phase4__pima__ECOD__seed-42__task-003209__cfg-7c827977,pima,ECOD,oracle-ecod-cont,42,0.46417095059441604,0.5943955223880597,0.16108509464929316,0.4543761638733706,2.615846188558707,8.0,,,
phase4__pima__ECOD__seed-3__task-003208__cfg-97346410,pima,ECOD,oracle-ecod-cont,3,0.46417095059441604,0.5943955223880597,0.16108509464929316,0.4543761638733706,2.615846188558707,8.0,,,
phase4__pima__ECOD__seed-2__task-003207__cfg-56c20dfb,pima,ECOD,oracle-ecod-cont,2,0.46417095059441604,0.5943955223880597,0.16108509464929316,0.4543761638733706,2.615846188558707,8.0,,,
phase4__pima__ECOD__seed-1__task-003206__cfg-fcea8662,pima,ECOD,oracle-ecod-cont,1,0.46417095059441604,0.5943955223880597,0.16108509464929316,0.4543761638733706,2.615846188558707,8.0,,,
phase4__pima__ECOD__seed-0__task-003205__cfg-9d90f6e4,pima,ECOD,oracle-ecod-cont,0,0.46417095059441604,0.5943955223880597,0.16108509464929316,0.4543761638733706,2.615846188558707,8.0,,,
phase4__pima__ECOD__seed-42__task-003204__cfg-bb0f8511,pima,ECOD,oracle-ecod-cont,42,0.46417095059441604,0.5943955223880597,0.16108509464929316,0.4543761638733706,2.615846188558707,8.0,,,
phase4__pima__ECOD__seed-3__task-003203__cfg-31dae701,pima,ECOD,oracle-ecod-cont,3,0.46417095059441604,0.5943955223880597,0.16108509464929316,0.4543761638733706,2.615846188558707,8.0,,,
phase4__pima__ECOD__seed-2__task-003202__cfg-0206f045,pima,ECOD,oracle-ecod-cont,2,0.46417095059441604,0.5943955223880597,0.16108509464929316,0.4543761638733706,2.615846188558707,8.0,,,
phase4__pima__ECOD__seed-1__task-003201__cfg-62e5f6ba,pima,ECOD,oracle-ecod-cont,1,0.46417095059441604,0.5943955223880597,0.16108509464929316,0.4543761638733706,2.615846188558707,8.0,,,
phase4__pima__ECOD__seed-0__task-003200__cfg-a4dc0c89,pima,ECOD,oracle-ecod-cont,0,0.46417095059441604,0.5943955223880597,0.16108509464929316,0.4543761638733706,2.615846188558707,8.0,,,
phase4__satellite__DBSCAN__seed-42__task-003199__cfg-e5936df3,satellite,DBSCAN,oracle-dbscan-knee-mult,42,0.3163947163947164,0.5,0.1397482894121096,0.4117936117936118,2.4326234312012662,36.0,,,
phase4__satellite__DBSCAN__seed-3__task-003198__cfg-b1671156,satellite,DBSCAN,oracle-dbscan-knee-mult,3,0.3163947163947164,0.5,0.1397482894121096,0.4117936117936118,2.4326234312012662,36.0,,,
phase4__satellite__DBSCAN__seed-2__task-003197__cfg-d8bdbfcd,satellite,DBSCAN,oracle-dbscan-knee-mult,2,0.3163947163947164,0.5,0.1397482894121096,0.4117936117936118,2.4326234312012662,36.0,,,
phase4__satellite__DBSCAN__seed-1__task-003196__cfg-130ddce7,satellite,DBSCAN,oracle-dbscan-knee-mult,1,0.3163947163947164,0.5,0.1397482894121096,0.4117936117936118,2.4326234312012662,36.0,,,
phase4__satellite__DBSCAN__seed-0__task-003195__cfg-8f522f13,satellite,DBSCAN,oracle-dbscan-knee-mult,0,0.3163947163947164,0.5,0.1397482894121096,0.4117936117936118,2.4326234312012662,36.0,,,
phase4__satellite__DBSCAN__seed-42__task-003194__cfg-bcd2d24e,satellite,DBSCAN,oracle-dbscan-knee-mult,42,0.4249886502911444,0.5504087931218518,0.05997555044759676,0.3572481572481572,2.4326234312012662,36.0,,,
phase4__satellite__DBSCAN__seed-3__task-003193__cfg-f796e2cc,satellite,DBSCAN,oracle-dbscan-knee-mult,3,0.4249886502911444,0.5504087931218518,0.05997555044759676,0.3572481572481572,2.4326234312012662,36.0,,,
phase4__satellite__DBSCAN__seed-2__task-003192__cfg-922a7e15,satellite,DBSCAN,oracle-dbscan-knee-mult,2,0.4249886502911444,0.5504087931218518,0.05997555044759676,0.3572481572481572,2.4326234312012662,36.0,,,
phase4__satellite__DBSCAN__seed-1__task-003191__cfg-fd457f93,satellite,DBSCAN,oracle-dbscan-knee-mult,1,0.4249886502911444,0.5504087931218518,0.05997555044759676,0.3572481572481572,2.4326234312012662,36.0,,,
phase4__satellite__DBSCAN__seed-0__task-003190__cfg-8ee2d2c0,satellite,DBSCAN,oracle-dbscan-knee-mult,0,0.4249886502911444,0.5504087931218518,0.05997555044759676,0.3572481572481572,2.4326234312012662,36.0,,,
phase4__satellite__DBSCAN__seed-42__task-003189__cfg-0eb9f8de,satellite,DBSCAN,oracle-dbscan-knee-mult,42,0.3163947163947164,0.5,0.1397482894121096,0.4117936117936118,2.4326234312012662,36.0,,,
phase4__satellite__DBSCAN__seed-3__task-003188__cfg-813a093c,satellite,DBSCAN,oracle-dbscan-knee-mult,3,0.3163947163947164,0.5,0.1397482894121096,0.4117936117936118,2.4326234312012662,36.0,,,
phase4__satellite__DBSCAN__seed-2__task-003187__cfg-f19d3d54,satellite,DBSCAN,oracle-dbscan-knee-mult,2,0.3163947163947164,0.5,0.1397482894121096,0.4117936117936118,2.4326234312012662,36.0,,,
phase4__satellite__DBSCAN__seed-1__task-003186__cfg-3ce2c2d3,satellite,DBSCAN,oracle-dbscan-knee-mult,1,0.3163947163947164,0.5,0.1397482894121096,0.4117936117936118,2.4326234312012662,36.0,,,
phase4__satellite__DBSCAN__seed-0__task-003185__cfg-d3c7c1b7,satellite,DBSCAN,oracle-dbscan-knee-mult,0,0.3163947163947164,0.5,0.1397482894121096,0.4117936117936118,2.4326234312012662,36.0,,,
phase4__satellite__DBSCAN__seed-42__task-003184__cfg-eef40531,satellite,DBSCAN,oracle-dbscan-knee-mult,42,0.4249886502911444,0.5504087931218518,0.05997555044759676,0.3572481572481572,2.4326234312012662,36.0,,,
phase4__satellite__DBSCAN__seed-3__task-003183__cfg-80d7f9dc,satellite,DBSCAN,oracle-dbscan-knee-mult,3,0.4249886502911444,0.5504087931218518,0.05997555044759676,0.3572481572481572,2.4326234312012662,36.0,,,
phase4__satellite__DBSCAN__seed-2__task-003182__cfg-f8d54d0c,satellite,DBSCAN,oracle-dbscan-knee-mult,2,0.4249886502911444,0.5504087931218518,0.05997555044759676,0.3572481572481572,2.4326234312012662,36.0,,,
phase4__satellite__DBSCAN__seed-1__task-003181__cfg-b04654ce,satellite,DBSCAN,oracle-dbscan-knee-mult,1,0.4249886502911444,0.5504087931218518,0.05997555044759676,0.3572481572481572,2.4326234312012662,36.0,,,
phase4__satellite__DBSCAN__seed-0__task-003180__cfg-32fafcca,satellite,DBSCAN,oracle-dbscan-knee-mult,0,0.4249886502911444,0.5504087931218518,0.05997555044759676,0.3572481572481572,2.4326234312012662,36.0,,,
phase4__satellite__DBSCAN__seed-42__task-003179__cfg-3acb42c7,satellite,DBSCAN,oracle-dbscan-knee-mult,42,0.3163947163947164,0.5,0.1397482894121096,0.4117936117936118,2.4326234312012662,36.0,,,
phase4__satellite__DBSCAN__seed-3__task-003178__cfg-df2e5a0d,satellite,DBSCAN,oracle-dbscan-knee-mult,3,0.3163947163947164,0.5,0.1397482894121096,0.4117936117936118,2.4326234312012662,36.0,,,
phase4__satellite__DBSCAN__seed-2__task-003177__cfg-b46f463c,satellite,DBSCAN,oracle-dbscan-knee-mult,2,0.3163947163947164,0.5,0.1397482894121096,0.4117936117936118,2.4326234312012662,36.0,,,
phase4__satellite__DBSCAN__seed-1__task-003176__cfg-500acac9,satellite,DBSCAN,oracle-dbscan-knee-mult,1,0.3163947163947164,0.5,0.1397482894121096,0.4117936117936118,2.4326234312012662,36.0,,,
phase4__satellite__DBSCAN__seed-0__task-003175__cfg-f15bd078,satellite,DBSCAN,oracle-dbscan-knee-mult,0,0.3163947163947164,0.5,0.1397482894121096,0.4117936117936118,2.4326234312012662,36.0,,,
phase4__satellite__DBSCAN__seed-42__task-003174__cfg-76c954a0,satellite,DBSCAN,oracle-dbscan-knee-mult,42,0.4249886502911444,0.5504087931218518,0.05997555044759676,0.3572481572481572,2.4326234312012662,36.0,,,
phase4__satellite__DBSCAN__seed-3__task-003173__cfg-88e17bc4,satellite,DBSCAN,oracle-dbscan-knee-mult,3,0.4249886502911444,0.5504087931218518,0.05997555044759676,0.3572481572481572,2.4326234312012662,36.0,,,
phase4__satellite__DBSCAN__seed-2__task-003172__cfg-c62b735f,satellite,DBSCAN,oracle-dbscan-knee-mult,2,0.4249886502911444,0.5504087931218518,0.05997555044759676,0.3572481572481572,2.4326234312012662,36.0,,,
phase4__satellite__DBSCAN__seed-1__task-003171__cfg-356168b7,satellite,DBSCAN,oracle-dbscan-knee-mult,1,0.4249886502911444,0.5504087931218518,0.05997555044759676,0.3572481572481572,2.4326234312012662,36.0,,,
phase4__satellite__DBSCAN__seed-0__task-003170__cfg-6b80d230,satellite,DBSCAN,oracle-dbscan-knee-mult,0,0.4249886502911444,0.5504087931218518,0.05997555044759676,0.3572481572481572,2.4326234312012662,36.0,,,
phase4__satellite__DBSCAN__seed-42__task-003169__cfg-a9361784,satellite,DBSCAN,oracle-dbscan-knee-mult,42,0.3163947163947164,0.5,0.1397482894121096,0.4117936117936118,2.4326234312012662,36.0,,,
phase4__satellite__DBSCAN__seed-3__task-003168__cfg-485433cb,satellite,DBSCAN,oracle-dbscan-knee-mult,3,0.3163947163947164,0.5,0.1397482894121096,0.4117936117936118,2.4326234312012662,36.0,,,
phase4__satellite__DBSCAN__seed-2__task-003167__cfg-a859c23d,satellite,DBSCAN,oracle-dbscan-knee-mult,2,0.3163947163947164,0.5,0.1397482894121096,0.4117936117936118,2.4326234312012662,36.0,,,
phase4__satellite__DBSCAN__seed-1__task-003166__cfg-18c7844a,satellite,DBSCAN,oracle-dbscan-knee-mult,1,0.3163947163947164,0.5,0.1397482894121096,0.4117936117936118,2.4326234312012662,36.0,,,
phase4__satellite__DBSCAN__seed-0__task-003165__cfg-801ec45c,satellite,DBSCAN,oracle-dbscan-knee-mult,0,0.3163947163947164,0.5,0.1397482894121096,0.4117936117936118,2.4326234312012662,36.0,,,
phase4__satellite__DBSCAN__seed-42__task-003164__cfg-708008e2,satellite,DBSCAN,oracle-dbscan-knee-mult,42,0.4249886502911444,0.5504087931218518,0.05997555044759676,0.3572481572481572,2.4326234312012662,36.0,,,
phase4__satellite__DBSCAN__seed-3__task-003163__cfg-a4499d6e,satellite,DBSCAN,oracle-dbscan-knee-mult,3,0.4249886502911444,0.5504087931218518,0.05997555044759676,0.3572481572481572,2.4326234312012662,36.0,,,
phase4__satellite__DBSCAN__seed-2__task-003162__cfg-c8987177,satellite,DBSCAN,oracle-dbscan-knee-mult,2,0.4249886502911444,0.5504087931218518,0.05997555044759676,0.3572481572481572,2.4326234312012662,36.0,,,
phase4__satellite__DBSCAN__seed-1__task-003161__cfg-065c71ae,satellite,DBSCAN,oracle-dbscan-knee-mult,1,0.4249886502911444,0.5504087931218518,0.05997555044759676,0.3572481572481572,2.4326234312012662,36.0,,,
phase4__satellite__DBSCAN__seed-0__task-003160__cfg-688d74aa,satellite,DBSCAN,oracle-dbscan-knee-mult,0,0.4249886502911444,0.5504087931218518,0.05997555044759676,0.3572481572481572,2.4326234312012662,36.0,,,
phase4__satellite__DBSCAN__seed-42__task-003159__cfg-3f039dfc,satellite,DBSCAN,oracle-dbscan-knee-mult,42,0.3163947163947164,0.5,0.1397482894121096,0.4117936117936118,2.4326234312012662,36.0,,,
phase4__satellite__DBSCAN__seed-3__task-003158__cfg-3533e80d,satellite,DBSCAN,oracle-dbscan-knee-mult,3,0.3163947163947164,0.5,0.1397482894121096,0.4117936117936118,2.4326234312012662,36.0,,,
phase4__satellite__DBSCAN__seed-2__task-003157__cfg-4e90877b,satellite,DBSCAN,oracle-dbscan-knee-mult,2,0.3163947163947164,0.5,0.1397482894121096,0.4117936117936118,2.4326234312012662,36.0,,,
phase4__satellite__DBSCAN__seed-1__task-003156__cfg-010773a2,satellite,DBSCAN,oracle-dbscan-knee-mult,1,0.3163947163947164,0.5,0.1397482894121096,0.4117936117936118,2.4326234312012662,36.0,,,
phase4__satellite__DBSCAN__seed-0__task-003155__cfg-d9dee6f2,satellite,DBSCAN,oracle-dbscan-knee-mult,0,0.3163947163947164,0.5,0.1397482894121096,0.4117936117936118,2.4326234312012662,36.0,,,
phase4__satellite__DBSCAN__seed-42__task-003154__cfg-dee3464a,satellite,DBSCAN,oracle-dbscan-knee-mult,42,0.4249886502911444,0.5504087931218518,0.05997555044759676,0.3572481572481572,2.4326234312012662,36.0,,,
phase4__satellite__DBSCAN__seed-3__task-003153__cfg-dc1d3e4a,satellite,DBSCAN,oracle-dbscan-knee-mult,3,0.4249886502911444,0.5504087931218518,0.05997555044759676,0.3572481572481572,2.4326234312012662,36.0,,,
phase4__satellite__DBSCAN__seed-2__task-003152__cfg-f692120f,satellite,DBSCAN,oracle-dbscan-knee-mult,2,0.4249886502911444,0.5504087931218518,0.05997555044759676,0.3572481572481572,2.4326234312012662,36.0,,,
phase4__satellite__DBSCAN__seed-1__task-003151__cfg-81e63421,satellite,DBSCAN,oracle-dbscan-knee-mult,1,0.4249886502911444,0.5504087931218518,0.05997555044759676,0.3572481572481572,2.4326234312012662,36.0,,,
phase4__satellite__DBSCAN__seed-0__task-003150__cfg-9a189f44,satellite,DBSCAN,oracle-dbscan-knee-mult,0,0.4249886502911444,0.5504087931218518,0.05997555044759676,0.3572481572481572,2.4326234312012662,36.0,,,
phase4__satellite__DBSCAN__seed-42__task-003149__cfg-b0567a4d,satellite,DBSCAN,oracle-dbscan-knee-mult,42,0.3163947163947164,0.5,0.1397482894121096,0.4117936117936118,2.4326234312012662,36.0,,,
phase4__satellite__DBSCAN__seed-3__task-003148__cfg-403a5f11,satellite,DBSCAN,oracle-dbscan-knee-mult,3,0.3163947163947164,0.5,0.1397482894121096,0.4117936117936118,2.4326234312012662,36.0,,,
phase4__satellite__DBSCAN__seed-2__task-003147__cfg-5d515eb0,satellite,DBSCAN,oracle-dbscan-knee-mult,2,0.3163947163947164,0.5,0.1397482894121096,0.4117936117936118,2.4326234312012662,36.0,,,
phase4__satellite__DBSCAN__seed-1__task-003146__cfg-fdcc60ce,satellite,DBSCAN,oracle-dbscan-knee-mult,1,0.3163947163947164,0.5,0.1397482894121096,0.4117936117936118,2.4326234312012662,36.0,,,
phase4__satellite__DBSCAN__seed-0__task-003145__cfg-20ccf095,satellite,DBSCAN,oracle-dbscan-knee-mult,0,0.3163947163947164,0.5,0.1397482894121096,0.4117936117936118,2.4326234312012662,36.0,,,
phase4__satellite__DBSCAN__seed-42__task-003144__cfg-91b9bc9d,satellite,DBSCAN,oracle-dbscan-knee-mult,42,0.4249886502911444,0.5504087931218518,0.05997555044759676,0.3572481572481572,2.4326234312012662,36.0,,,
phase4__satellite__DBSCAN__seed-3__task-003143__cfg-c7b3bd24,satellite,DBSCAN,oracle-dbscan-knee-mult,3,0.4249886502911444,0.5504087931218518,0.05997555044759676,0.3572481572481572,2.4326234312012662,36.0,,,
phase4__satellite__DBSCAN__seed-2__task-003142__cfg-de4cd9c8,satellite,DBSCAN,oracle-dbscan-knee-mult,2,0.4249886502911444,0.5504087931218518,0.05997555044759676,0.3572481572481572,2.4326234312012662,36.0,,,
phase4__satellite__DBSCAN__seed-1__task-003141__cfg-3145d266,satellite,DBSCAN,oracle-dbscan-knee-mult,1,0.4249886502911444,0.5504087931218518,0.05997555044759676,0.3572481572481572,2.4326234312012662,36.0,,,
phase4__satellite__DBSCAN__seed-0__task-003140__cfg-a38f8005,satellite,DBSCAN,oracle-dbscan-knee-mult,0,0.4249886502911444,0.5504087931218518,0.05997555044759676,0.3572481572481572,2.4326234312012662,36.0,,,
phase4__satellite__DBSCAN__seed-42__task-003139__cfg-48f5edeb,satellite,DBSCAN,oracle-dbscan-knee-mult,42,0.32181735332059297,0.5043062117618266,0.1426229827081281,0.41375921375921376,2.4326234312012662,36.0,,,
phase4__satellite__DBSCAN__seed-3__task-003138__cfg-0b65ea9a,satellite,DBSCAN,oracle-dbscan-knee-mult,3,0.32181735332059297,0.5043062117618266,0.1426229827081281,0.41375921375921376,2.4326234312012662,36.0,,,
phase4__satellite__DBSCAN__seed-2__task-003137__cfg-cbbb8bed,satellite,DBSCAN,oracle-dbscan-knee-mult,2,0.32181735332059297,0.5043062117618266,0.1426229827081281,0.41375921375921376,2.4326234312012662,36.0,,,
phase4__satellite__DBSCAN__seed-1__task-003136__cfg-9d82b669,satellite,DBSCAN,oracle-dbscan-knee-mult,1,0.32181735332059297,0.5043062117618266,0.1426229827081281,0.41375921375921376,2.4326234312012662,36.0,,,
phase4__satellite__DBSCAN__seed-0__task-003135__cfg-be9f25a4,satellite,DBSCAN,oracle-dbscan-knee-mult,0,0.32181735332059297,0.5043062117618266,0.1426229827081281,0.41375921375921376,2.4326234312012662,36.0,,,
phase4__satellite__DBSCAN__seed-42__task-003134__cfg-1360a78e,satellite,DBSCAN,oracle-dbscan-knee-mult,42,0.4249964464678993,0.5504089606005295,0.05997555044759676,0.3572481572481572,2.4326234312012662,36.0,,,
phase4__satellite__DBSCAN__seed-3__task-003133__cfg-714a53ff,satellite,DBSCAN,oracle-dbscan-knee-mult,3,0.4249964464678993,0.5504089606005295,0.05997555044759676,0.3572481572481572,2.4326234312012662,36.0,,,
phase4__satellite__DBSCAN__seed-2__task-003132__cfg-41524f46,satellite,DBSCAN,oracle-dbscan-knee-mult,2,0.4249964464678993,0.5504089606005295,0.05997555044759676,0.3572481572481572,2.4326234312012662,36.0,,,
phase4__satellite__DBSCAN__seed-1__task-003131__cfg-470e2347,satellite,DBSCAN,oracle-dbscan-knee-mult,1,0.4249964464678993,0.5504089606005295,0.05997555044759676,0.3572481572481572,2.4326234312012662,36.0,,,
phase4__satellite__DBSCAN__seed-0__task-003130__cfg-6d316227,satellite,DBSCAN,oracle-dbscan-knee-mult,0,0.4249964464678993,0.5504089606005295,0.05997555044759676,0.3572481572481572,2.4326234312012662,36.0,,,
phase4__satellite__DBSCAN__seed-42__task-003129__cfg-84b06e8d,satellite,DBSCAN,oracle-dbscan-knee-mult,42,0.31673047537487614,0.5002455795677799,0.14046696273611423,0.4122850122850123,2.4326234312012662,36.0,,,
phase4__satellite__DBSCAN__seed-3__task-003128__cfg-a5289c09,satellite,DBSCAN,oracle-dbscan-knee-mult,3,0.31673047537487614,0.5002455795677799,0.14046696273611423,0.4122850122850123,2.4326234312012662,36.0,,,
phase4__satellite__DBSCAN__seed-2__task-003127__cfg-98de8de9,satellite,DBSCAN,oracle-dbscan-knee-mult,2,0.31673047537487614,0.5002455795677799,0.14046696273611423,0.4122850122850123,2.4326234312012662,36.0,,,
phase4__satellite__DBSCAN__seed-1__task-003126__cfg-fa2139de,satellite,DBSCAN,oracle-dbscan-knee-mult,1,0.31673047537487614,0.5002455795677799,0.14046696273611423,0.4122850122850123,2.4326234312012662,36.0,,,
phase4__satellite__DBSCAN__seed-0__task-003125__cfg-2c846ccf,satellite,DBSCAN,oracle-dbscan-knee-mult,0,0.31673047537487614,0.5002455795677799,0.14046696273611423,0.4122850122850123,2.4326234312012662,36.0,,,
phase4__satellite__DBSCAN__seed-42__task-003124__cfg-44d8da8d,satellite,DBSCAN,oracle-dbscan-knee-mult,42,0.4249886502911444,0.5504087931218518,0.05997555044759676,0.3572481572481572,2.4326234312012662,36.0,,,
phase4__satellite__DBSCAN__seed-3__task-003123__cfg-20124172,satellite,DBSCAN,oracle-dbscan-knee-mult,3,0.4249886502911444,0.5504087931218518,0.05997555044759676,0.3572481572481572,2.4326234312012662,36.0,,,
phase4__satellite__DBSCAN__seed-2__task-003122__cfg-a8145c77,satellite,DBSCAN,oracle-dbscan-knee-mult,2,0.4249886502911444,0.5504087931218518,0.05997555044759676,0.3572481572481572,2.4326234312012662,36.0,,,
phase4__satellite__DBSCAN__seed-1__task-003121__cfg-0cf83fc1,satellite,DBSCAN,oracle-dbscan-knee-mult,1,0.4249886502911444,0.5504087931218518,0.05997555044759676,0.3572481572481572,2.4326234312012662,36.0,,,
phase4__satellite__DBSCAN__seed-0__task-003120__cfg-b0abc309,satellite,DBSCAN,oracle-dbscan-knee-mult,0,0.4249886502911444,0.5504087931218518,0.05997555044759676,0.3572481572481572,2.4326234312012662,36.0,,,
phase4__satellite__DBSCAN__seed-42__task-003119__cfg-0e69f3d5,satellite,DBSCAN,oracle-dbscan-knee-mult,42,0.3163947163947164,0.5,0.1397482894121096,0.4117936117936118,2.4326234312012662,36.0,,,
phase4__satellite__DBSCAN__seed-3__task-003118__cfg-b9e290c5,satellite,DBSCAN,oracle-dbscan-knee-mult,3,0.3163947163947164,0.5,0.1397482894121096,0.4117936117936118,2.4326234312012662,36.0,,,
phase4__satellite__DBSCAN__seed-2__task-003117__cfg-deb3c731,satellite,DBSCAN,oracle-dbscan-knee-mult,2,0.3163947163947164,0.5,0.1397482894121096,0.4117936117936118,2.4326234312012662,36.0,,,
phase4__satellite__DBSCAN__seed-1__task-003116__cfg-8bad4735,satellite,DBSCAN,oracle-dbscan-knee-mult,1,0.3163947163947164,0.5,0.1397482894121096,0.4117936117936118,2.4326234312012662,36.0,,,
phase4__satellite__DBSCAN__seed-0__task-003115__cfg-123da4b1,satellite,DBSCAN,oracle-dbscan-knee-mult,0,0.3163947163947164,0.5,0.1397482894121096,0.4117936117936118,2.4326234312012662,36.0,,,
phase4__satellite__DBSCAN__seed-42__task-003114__cfg-a9730c66,satellite,DBSCAN,oracle-dbscan-knee-mult,42,0.42654065789759843,0.551379052928175,0.061412897095605996,0.35823095823095824,2.4326234312012662,36.0,,,
phase4__satellite__DBSCAN__seed-3__task-003113__cfg-3adbeb4b,satellite,DBSCAN,oracle-dbscan-knee-mult,3,0.42654065789759843,0.551379052928175,0.061412897095605996,0.35823095823095824,2.4326234312012662,36.0,,,
phase4__satellite__DBSCAN__seed-2__task-003112__cfg-ddfca86d,satellite,DBSCAN,oracle-dbscan-knee-mult,2,0.42654065789759843,0.551379052928175,0.061412897095605996,0.35823095823095824,2.4326234312012662,36.0,,,
phase4__satellite__DBSCAN__seed-1__task-003111__cfg-f96eae6f,satellite,DBSCAN,oracle-dbscan-knee-mult,1,0.42654065789759843,0.551379052928175,0.061412897095605996,0.35823095823095824,2.4326234312012662,36.0,,,
phase4__satellite__DBSCAN__seed-0__task-003110__cfg-9f5678a9,satellite,DBSCAN,oracle-dbscan-knee-mult,0,0.42654065789759843,0.551379052928175,0.061412897095605996,0.35823095823095824,2.4326234312012662,36.0,,,
phase4__satellite__DBSCAN__seed-42__task-003109__cfg-e4e2b638,satellite,DBSCAN,oracle-dbscan-knee-mult,42,0.31941654721615426,0.5022102161100196,0.14190430938412346,0.41326781326781326,2.4326234312012662,36.0,,,
phase4__satellite__DBSCAN__seed-3__task-003108__cfg-da82a0b8,satellite,DBSCAN,oracle-dbscan-knee-mult,3,0.31941654721615426,0.5022102161100196,0.14190430938412346,0.41326781326781326,2.4326234312012662,36.0,,,
phase4__satellite__DBSCAN__seed-2__task-003107__cfg-757d4427,satellite,DBSCAN,oracle-dbscan-knee-mult,2,0.31941654721615426,0.5022102161100196,0.14190430938412346,0.41326781326781326,2.4326234312012662,36.0,,,
phase4__satellite__DBSCAN__seed-1__task-003106__cfg-3dc4d531,satellite,DBSCAN,oracle-dbscan-knee-mult,1,0.31941654721615426,0.5022102161100196,0.14190430938412346,0.41326781326781326,2.4326234312012662,36.0,,,
phase4__satellite__DBSCAN__seed-0__task-003105__cfg-09327e27,satellite,DBSCAN,oracle-dbscan-knee-mult,0,0.31941654721615426,0.5022102161100196,0.14190430938412346,0.41326781326781326,2.4326234312012662,36.0,,,
phase4__satellite__DBSCAN__seed-42__task-003104__cfg-6479a510,satellite,DBSCAN,oracle-dbscan-knee-mult,42,0.42681867331650325,0.5513957449697222,0.061412897095605996,0.35823095823095824,2.4326234312012662,36.0,,,
phase4__satellite__DBSCAN__seed-3__task-003103__cfg-4cef862b,satellite,DBSCAN,oracle-dbscan-knee-mult,3,0.42681867331650325,0.5513957449697222,0.061412897095605996,0.35823095823095824,2.4326234312012662,36.0,,,
phase4__satellite__DBSCAN__seed-2__task-003102__cfg-dfd94664,satellite,DBSCAN,oracle-dbscan-knee-mult,2,0.42681867331650325,0.5513957449697222,0.061412897095605996,0.35823095823095824,2.4326234312012662,36.0,,,
phase4__satellite__DBSCAN__seed-1__task-003101__cfg-1df93695,satellite,DBSCAN,oracle-dbscan-knee-mult,1,0.42681867331650325,0.5513957449697222,0.061412897095605996,0.35823095823095824,2.4326234312012662,36.0,,,
phase4__satellite__DBSCAN__seed-0__task-003100__cfg-1f00c993,satellite,DBSCAN,oracle-dbscan-knee-mult,0,0.42681867331650325,0.5513957449697222,0.061412897095605996,0.35823095823095824,2.4326234312012662,36.0,,,
phase4__satellite__DBSCAN__seed-42__task-003099__cfg-03f59713,satellite,DBSCAN,oracle-dbscan-knee-mult,42,0.3205969960513182,0.503210901209464,0.1433416560321327,0.41425061425061427,2.4326234312012662,36.0,,,
phase4__satellite__DBSCAN__seed-3__task-003098__cfg-9504bd06,satellite,DBSCAN,oracle-dbscan-knee-mult,3,0.3205969960513182,0.503210901209464,0.1433416560321327,0.41425061425061427,2.4326234312012662,36.0,,,
phase4__satellite__DBSCAN__seed-2__task-003097__cfg-e1b0d3f6,satellite,DBSCAN,oracle-dbscan-knee-mult,2,0.3205969960513182,0.503210901209464,0.1433416560321327,0.41425061425061427,2.4326234312012662,36.0,,,
phase4__satellite__DBSCAN__seed-1__task-003096__cfg-59e2d015,satellite,DBSCAN,oracle-dbscan-knee-mult,1,0.3205969960513182,0.503210901209464,0.1433416560321327,0.41425061425061427,2.4326234312012662,36.0,,,
phase4__satellite__DBSCAN__seed-0__task-003095__cfg-164cc92a,satellite,DBSCAN,oracle-dbscan-knee-mult,0,0.3205969960513182,0.503210901209464,0.1433416560321327,0.41425061425061427,2.4326234312012662,36.0,,,
phase4__satellite__DBSCAN__seed-42__task-003094__cfg-ca341712,satellite,DBSCAN,oracle-dbscan-knee-mult,42,0.4277652558371759,0.5538629291976074,0.06572493703963372,0.36117936117936117,2.4326234312012662,36.0,,,
phase4__satellite__DBSCAN__seed-3__task-003093__cfg-aeffaacd,satellite,DBSCAN,oracle-dbscan-knee-mult,3,0.4277652558371759,0.5538629291976074,0.06572493703963372,0.36117936117936117,2.4326234312012662,36.0,,,
phase4__satellite__DBSCAN__seed-2__task-003092__cfg-48b037f9,satellite,DBSCAN,oracle-dbscan-knee-mult,2,0.4277652558371759,0.5538629291976074,0.06572493703963372,0.36117936117936117,2.4326234312012662,36.0,,,
phase4__satellite__DBSCAN__seed-1__task-003091__cfg-5af6ef06,satellite,DBSCAN,oracle-dbscan-knee-mult,1,0.4277652558371759,0.5538629291976074,0.06572493703963372,0.36117936117936117,2.4326234312012662,36.0,,,
phase4__satellite__DBSCAN__seed-0__task-003090__cfg-5dc9d7bc,satellite,DBSCAN,oracle-dbscan-knee-mult,0,0.4277652558371759,0.5538629291976074,0.06572493703963372,0.36117936117936117,2.4326234312012662,36.0,,,
phase4__satellite__DBSCAN__seed-42__task-003089__cfg-ad130b1e,satellite,DBSCAN,oracle-dbscan-knee-mult,42,0.32388200865676764,0.5056666968872637,0.14909104262416967,0.41818181818181815,2.4326234312012662,36.0,,,
phase4__satellite__DBSCAN__seed-3__task-003088__cfg-c53d732f,satellite,DBSCAN,oracle-dbscan-knee-mult,3,0.32388200865676764,0.5056666968872637,0.14909104262416967,0.41818181818181815,2.4326234312012662,36.0,,,
phase4__satellite__DBSCAN__seed-2__task-003087__cfg-5a0ec566,satellite,DBSCAN,oracle-dbscan-knee-mult,2,0.32388200865676764,0.5056666968872637,0.14909104262416967,0.41818181818181815,2.4326234312012662,36.0,,,
phase4__satellite__DBSCAN__seed-1__task-003086__cfg-68374a85,satellite,DBSCAN,oracle-dbscan-knee-mult,1,0.32388200865676764,0.5056666968872637,0.14909104262416967,0.41818181818181815,2.4326234312012662,36.0,,,
phase4__satellite__DBSCAN__seed-0__task-003085__cfg-cac66f65,satellite,DBSCAN,oracle-dbscan-knee-mult,0,0.32388200865676764,0.5056666968872637,0.14909104262416967,0.41818181818181815,2.4326234312012662,36.0,,,
phase4__satellite__DBSCAN__seed-42__task-003084__cfg-ef217b09,satellite,DBSCAN,oracle-dbscan-knee-mult,42,0.4307553653761444,0.5558078032558748,0.06931830365965683,0.36363636363636365,2.4326234312012662,36.0,,,
phase4__satellite__DBSCAN__seed-3__task-003083__cfg-42ffdf78,satellite,DBSCAN,oracle-dbscan-knee-mult,3,0.4307553653761444,0.5558078032558748,0.06931830365965683,0.36363636363636365,2.4326234312012662,36.0,,,
phase4__satellite__DBSCAN__seed-2__task-003082__cfg-d22ee511,satellite,DBSCAN,oracle-dbscan-knee-mult,2,0.4307553653761444,0.5558078032558748,0.06931830365965683,0.36363636363636365,2.4326234312012662,36.0,,,
phase4__satellite__DBSCAN__seed-1__task-003081__cfg-9b4d0610,satellite,DBSCAN,oracle-dbscan-knee-mult,1,0.4307553653761444,0.5558078032558748,0.06931830365965683,0.36363636363636365,2.4326234312012662,36.0,,,
phase4__satellite__DBSCAN__seed-0__task-003080__cfg-bd369a2d,satellite,DBSCAN,oracle-dbscan-knee-mult,0,0.4307553653761444,0.5558078032558748,0.06931830365965683,0.36363636363636365,2.4326234312012662,36.0,,,
phase4__satellite__DBSCAN__seed-42__task-003079__cfg-3d11434a,satellite,DBSCAN,oracle-dbscan-knee-mult,42,0.3584568329479938,0.5317976134065118,0.16562052907627592,0.4294840294840295,2.4326234312012662,36.0,,,
phase4__satellite__DBSCAN__seed-3__task-003078__cfg-0a22cb5d,satellite,DBSCAN,oracle-dbscan-knee-mult,3,0.3584568329479938,0.5317976134065118,0.16562052907627592,0.4294840294840295,2.4326234312012662,36.0,,,
phase4__satellite__DBSCAN__seed-2__task-003077__cfg-1d4f5590,satellite,DBSCAN,oracle-dbscan-knee-mult,2,0.3584568329479938,0.5317976134065118,0.16562052907627592,0.4294840294840295,2.4326234312012662,36.0,,,
phase4__satellite__DBSCAN__seed-1__task-003076__cfg-6036e6b7,satellite,DBSCAN,oracle-dbscan-knee-mult,1,0.3584568329479938,0.5317976134065118,0.16562052907627592,0.4294840294840295,2.4326234312012662,36.0,,,
phase4__satellite__DBSCAN__seed-0__task-003075__cfg-8a9a8796,satellite,DBSCAN,oracle-dbscan-knee-mult,0,0.3584568329479938,0.5317976134065118,0.16562052907627592,0.4294840294840295,2.4326234312012662,36.0,,,
phase4__satellite__DBSCAN__seed-42__task-003074__cfg-f9247185,satellite,DBSCAN,oracle-dbscan-knee-mult,42,0.4319073859612602,0.5561175271572258,0.06931830365965683,0.36363636363636365,2.4326234312012662,36.0,,,
phase4__satellite__DBSCAN__seed-3__task-003073__cfg-88f38aec,satellite,DBSCAN,oracle-dbscan-knee-mult,3,0.4319073859612602,0.5561175271572258,0.06931830365965683,0.36363636363636365,2.4326234312012662,36.0,,,
phase4__satellite__DBSCAN__seed-2__task-003072__cfg-1b87a35b,satellite,DBSCAN,oracle-dbscan-knee-mult,2,0.4319073859612602,0.5561175271572258,0.06931830365965683,0.36363636363636365,2.4326234312012662,36.0,,,
phase4__satellite__DBSCAN__seed-1__task-003071__cfg-0765af6e,satellite,DBSCAN,oracle-dbscan-knee-mult,1,0.4319073859612602,0.5561175271572258,0.06931830365965683,0.36363636363636365,2.4326234312012662,36.0,,,
phase4__satellite__DBSCAN__seed-0__task-003070__cfg-a2b03f49,satellite,DBSCAN,oracle-dbscan-knee-mult,0,0.4319073859612602,0.5561175271572258,0.06931830365965683,0.36363636363636365,2.4326234312012662,36.0,,,
phase4__satellite__DBSCAN__seed-42__task-003069__cfg-ac234f3d,satellite,DBSCAN,oracle-dbscan-knee-mult,42,0.3282883153463368,0.5097258217732107,0.14837236930016504,0.4176904176904177,2.4326234312012662,36.0,,,
phase4__satellite__DBSCAN__seed-3__task-003068__cfg-452b388c,satellite,DBSCAN,oracle-dbscan-knee-mult,3,0.3282883153463368,0.5097258217732107,0.14837236930016504,0.4176904176904177,2.4326234312012662,36.0,,,
phase4__satellite__DBSCAN__seed-2__task-003067__cfg-877b6f35,satellite,DBSCAN,oracle-dbscan-knee-mult,2,0.3282883153463368,0.5097258217732107,0.14837236930016504,0.4176904176904177,2.4326234312012662,36.0,,,
phase4__satellite__DBSCAN__seed-1__task-003066__cfg-28c42018,satellite,DBSCAN,oracle-dbscan-knee-mult,1,0.3282883153463368,0.5097258217732107,0.14837236930016504,0.4176904176904177,2.4326234312012662,36.0,,,
phase4__satellite__DBSCAN__seed-0__task-003065__cfg-435844a2,satellite,DBSCAN,oracle-dbscan-knee-mult,0,0.3282883153463368,0.5097258217732107,0.14837236930016504,0.4176904176904177,2.4326234312012662,36.0,,,
phase4__satellite__DBSCAN__seed-42__task-003064__cfg-9285f895,satellite,DBSCAN,oracle-dbscan-knee-mult,42,0.43265152457352485,0.5549882742595098,0.06716228368764296,0.3621621621621622,2.4326234312012662,36.0,,,
phase4__satellite__DBSCAN__seed-3__task-003063__cfg-2d32ae84,satellite,DBSCAN,oracle-dbscan-knee-mult,3,0.43265152457352485,0.5549882742595098,0.06716228368764296,0.3621621621621622,2.4326234312012662,36.0,,,
phase4__satellite__DBSCAN__seed-2__task-003062__cfg-38e10ede,satellite,DBSCAN,oracle-dbscan-knee-mult,2,0.43265152457352485,0.5549882742595098,0.06716228368764296,0.3621621621621622,2.4326234312012662,36.0,,,
phase4__satellite__DBSCAN__seed-1__task-003061__cfg-2ee82e5b,satellite,DBSCAN,oracle-dbscan-knee-mult,1,0.43265152457352485,0.5549882742595098,0.06716228368764296,0.3621621621621622,2.4326234312012662,36.0,,,
phase4__satellite__DBSCAN__seed-0__task-003060__cfg-ae6f4807,satellite,DBSCAN,oracle-dbscan-knee-mult,0,0.43265152457352485,0.5549882742595098,0.06716228368764296,0.3621621621621622,2.4326234312012662,36.0,,,
phase4__satellite__DBSCAN__seed-42__task-003059__cfg-f9249902,satellite,DBSCAN,oracle-dbscan-knee-mult,42,0.32338587208341857,0.5052888649903018,0.1433416560321327,0.41425061425061427,2.4326234312012662,36.0,,,
phase4__satellite__DBSCAN__seed-3__task-003058__cfg-4149699f,satellite,DBSCAN,oracle-dbscan-knee-mult,3,0.32338587208341857,0.5052888649903018,0.1433416560321327,0.41425061425061427,2.4326234312012662,36.0,,,
phase4__satellite__DBSCAN__seed-2__task-003057__cfg-ece2ef1d,satellite,DBSCAN,oracle-dbscan-knee-mult,2,0.32338587208341857,0.5052888649903018,0.1433416560321327,0.41425061425061427,2.4326234312012662,36.0,,,
phase4__satellite__DBSCAN__seed-1__task-003056__cfg-f3db2e8f,satellite,DBSCAN,oracle-dbscan-knee-mult,1,0.32338587208341857,0.5052888649903018,0.1433416560321327,0.41425061425061427,2.4326234312012662,36.0,,,
phase4__satellite__DBSCAN__seed-0__task-003055__cfg-526e3ba0,satellite,DBSCAN,oracle-dbscan-knee-mult,0,0.32338587208341857,0.5052888649903018,0.1433416560321327,0.41425061425061427,2.4326234312012662,36.0,,,
phase4__satellite__DBSCAN__seed-42__task-003054__cfg-f8f66ad2,satellite,DBSCAN,oracle-dbscan-knee-mult,42,0.435605648718215,0.5582378630435297,0.0721929969556753,0.3656019656019656,2.4326234312012662,36.0,,,
phase4__satellite__DBSCAN__seed-3__task-003053__cfg-3f95b2c5,satellite,DBSCAN,oracle-dbscan-knee-mult,3,0.435605648718215,0.5582378630435297,0.0721929969556753,0.3656019656019656,2.4326234312012662,36.0,,,
phase4__satellite__DBSCAN__seed-2__task-003052__cfg-8a6dc54e,satellite,DBSCAN,oracle-dbscan-knee-mult,2,0.435605648718215,0.5582378630435297,0.0721929969556753,0.3656019656019656,2.4326234312012662,36.0,,,
phase4__satellite__DBSCAN__seed-1__task-003051__cfg-799da8a6,satellite,DBSCAN,oracle-dbscan-knee-mult,1,0.435605648718215,0.5582378630435297,0.0721929969556753,0.3656019656019656,2.4326234312012662,36.0,,,
phase4__satellite__DBSCAN__seed-0__task-003050__cfg-b6e1a3c1,satellite,DBSCAN,oracle-dbscan-knee-mult,0,0.435605648718215,0.5582378630435297,0.0721929969556753,0.3656019656019656,2.4326234312012662,36.0,,,
phase4__satellite__DBSCAN__seed-42__task-003049__cfg-7c907872,satellite,DBSCAN,oracle-dbscan-knee-mult,42,0.3275156244790854,0.5087670621694251,0.14765369597616043,0.4171990171990172,2.4326234312012662,36.0,,,
phase4__satellite__DBSCAN__seed-3__task-003048__cfg-8409b879,satellite,DBSCAN,oracle-dbscan-knee-mult,3,0.3275156244790854,0.5087670621694251,0.14765369597616043,0.4171990171990172,2.4326234312012662,36.0,,,
phase4__satellite__DBSCAN__seed-2__task-003047__cfg-0c2b1e07,satellite,DBSCAN,oracle-dbscan-knee-mult,2,0.3275156244790854,0.5087670621694251,0.14765369597616043,0.4171990171990172,2.4326234312012662,36.0,,,
phase4__satellite__DBSCAN__seed-1__task-003046__cfg-80008279,satellite,DBSCAN,oracle-dbscan-knee-mult,1,0.3275156244790854,0.5087670621694251,0.14765369597616043,0.4171990171990172,2.4326234312012662,36.0,,,
phase4__satellite__DBSCAN__seed-0__task-003045__cfg-a05b62e0,satellite,DBSCAN,oracle-dbscan-knee-mult,0,0.3275156244790854,0.5087670621694251,0.14765369597616043,0.4171990171990172,2.4326234312012662,36.0,,,
phase4__satellite__DBSCAN__seed-42__task-003044__cfg-8551ed40,satellite,DBSCAN,oracle-dbscan-knee-mult,42,0.4331384893873793,0.5577349245743026,0.07147432363167068,0.3651105651105651,2.4326234312012662,36.0,,,
phase4__satellite__DBSCAN__seed-3__task-003043__cfg-0c282db7,satellite,DBSCAN,oracle-dbscan-knee-mult,3,0.4331384893873793,0.5577349245743026,0.07147432363167068,0.3651105651105651,2.4326234312012662,36.0,,,
phase4__satellite__DBSCAN__seed-2__task-003042__cfg-95f5898e,satellite,DBSCAN,oracle-dbscan-knee-mult,2,0.4331384893873793,0.5577349245743026,0.07147432363167068,0.3651105651105651,2.4326234312012662,36.0,,,
phase4__satellite__DBSCAN__seed-1__task-003041__cfg-b6b5c401,satellite,DBSCAN,oracle-dbscan-knee-mult,1,0.4331384893873793,0.5577349245743026,0.07147432363167068,0.3651105651105651,2.4326234312012662,36.0,,,
phase4__satellite__DBSCAN__seed-0__task-003040__cfg-b90c7ee8,satellite,DBSCAN,oracle-dbscan-knee-mult,0,0.4331384893873793,0.5577349245743026,0.07147432363167068,0.3651105651105651,2.4326234312012662,36.0,,,
phase4__satellite__DBSCAN__seed-42__task-003039__cfg-67fde67c,satellite,DBSCAN,oracle-dbscan-knee-mult,42,0.33021245734855903,0.5112595915038738,0.14980971594817427,0.41867321867321866,2.4326234312012662,36.0,,,
phase4__satellite__DBSCAN__seed-3__task-003038__cfg-a55ddc09,satellite,DBSCAN,oracle-dbscan-knee-mult,3,0.33021245734855903,0.5112595915038738,0.14980971594817427,0.41867321867321866,2.4326234312012662,36.0,,,
phase4__satellite__DBSCAN__seed-2__task-003037__cfg-a9e666c6,satellite,DBSCAN,oracle-dbscan-knee-mult,2,0.33021245734855903,0.5112595915038738,0.14980971594817427,0.41867321867321866,2.4326234312012662,36.0,,,
phase4__satellite__DBSCAN__seed-1__task-003036__cfg-a94214bf,satellite,DBSCAN,oracle-dbscan-knee-mult,1,0.33021245734855903,0.5112595915038738,0.14980971594817427,0.41867321867321866,2.4326234312012662,36.0,,,
phase4__satellite__DBSCAN__seed-0__task-003035__cfg-de957c86,satellite,DBSCAN,oracle-dbscan-knee-mult,0,0.33021245734855903,0.5112595915038738,0.14980971594817427,0.41867321867321866,2.4326234312012662,36.0,,,
phase4__satellite__DBSCAN__seed-42__task-003034__cfg-6e20a013,satellite,DBSCAN,oracle-dbscan-knee-mult,42,0.43280178501149025,0.560548008097929,0.0793797301957215,0.3705159705159705,2.4326234312012662,36.0,,,
phase4__satellite__DBSCAN__seed-3__task-003033__cfg-5a311765,satellite,DBSCAN,oracle-dbscan-knee-mult,3,0.43280178501149025,0.560548008097929,0.0793797301957215,0.3705159705159705,2.4326234312012662,36.0,,,
phase4__satellite__DBSCAN__seed-2__task-003032__cfg-2fa8c132,satellite,DBSCAN,oracle-dbscan-knee-mult,2,0.43280178501149025,0.560548008097929,0.0793797301957215,0.3705159705159705,2.4326234312012662,36.0,,,
phase4__satellite__DBSCAN__seed-1__task-003031__cfg-5ac07d9b,satellite,DBSCAN,oracle-dbscan-knee-mult,1,0.43280178501149025,0.560548008097929,0.0793797301957215,0.3705159705159705,2.4326234312012662,36.0,,,
phase4__satellite__DBSCAN__seed-0__task-003030__cfg-4e9023bf,satellite,DBSCAN,oracle-dbscan-knee-mult,0,0.43280178501149025,0.560548008097929,0.0793797301957215,0.3705159705159705,2.4326234312012662,36.0,,,
phase4__satellite__DBSCAN__seed-42__task-003029__cfg-88e0b07d,satellite,DBSCAN,oracle-dbscan-knee-mult,42,0.3345244508944338,0.5149422243222809,0.1505283892721789,0.41916461916461917,2.4326234312012662,36.0,,,
phase4__satellite__DBSCAN__seed-3__task-003028__cfg-717ef055,satellite,DBSCAN,oracle-dbscan-knee-mult,3,0.3345244508944338,0.5149422243222809,0.1505283892721789,0.41916461916461917,2.4326234312012662,36.0,,,
phase4__satellite__DBSCAN__seed-2__task-003027__cfg-7b4ff8af,satellite,DBSCAN,oracle-dbscan-knee-mult,2,0.3345244508944338,0.5149422243222809,0.1505283892721789,0.41916461916461917,2.4326234312012662,36.0,,,
phase4__satellite__DBSCAN__seed-1__task-003026__cfg-02ea1e84,satellite,DBSCAN,oracle-dbscan-knee-mult,1,0.3345244508944338,0.5149422243222809,0.1505283892721789,0.41916461916461917,2.4326234312012662,36.0,,,
phase4__satellite__DBSCAN__seed-0__task-003025__cfg-978169ac,satellite,DBSCAN,oracle-dbscan-knee-mult,0,0.3345244508944338,0.5149422243222809,0.1505283892721789,0.41916461916461917,2.4326234312012662,36.0,,,
phase4__satellite__DBSCAN__seed-42__task-003024__cfg-bc0cf46b,satellite,DBSCAN,oracle-dbscan-knee-mult,42,0.43917213864112525,0.5620541996729923,0.08153575016773537,0.371990171990172,2.4326234312012662,36.0,,,
phase4__satellite__DBSCAN__seed-3__task-003023__cfg-6d36dca0,satellite,DBSCAN,oracle-dbscan-knee-mult,3,0.43917213864112525,0.5620541996729923,0.08153575016773537,0.371990171990172,2.4326234312012662,36.0,,,
phase4__satellite__DBSCAN__seed-2__task-003022__cfg-a74fca91,satellite,DBSCAN,oracle-dbscan-knee-mult,2,0.43917213864112525,0.5620541996729923,0.08153575016773537,0.371990171990172,2.4326234312012662,36.0,,,
phase4__satellite__DBSCAN__seed-1__task-003021__cfg-21ac0b4c,satellite,DBSCAN,oracle-dbscan-knee-mult,1,0.43917213864112525,0.5620541996729923,0.08153575016773537,0.371990171990172,2.4326234312012662,36.0,,,
phase4__satellite__DBSCAN__seed-0__task-003020__cfg-a8ed9a3d,satellite,DBSCAN,oracle-dbscan-knee-mult,0,0.43917213864112525,0.5620541996729923,0.08153575016773537,0.371990171990172,2.4326234312012662,36.0,,,
phase4__satellite__DBSCAN__seed-42__task-003019__cfg-769cdfc0,satellite,DBSCAN,oracle-dbscan-knee-mult,42,0.4037648770172185,0.5648110103609009,0.1929301153884515,0.44815724815724817,2.4326234312012662,36.0,,,
phase4__satellite__DBSCAN__seed-3__task-003018__cfg-bf67dc51,satellite,DBSCAN,oracle-dbscan-knee-mult,3,0.4037648770172185,0.5648110103609009,0.1929301153884515,0.44815724815724817,2.4326234312012662,36.0,,,
phase4__satellite__DBSCAN__seed-2__task-003017__cfg-bb5a6002,satellite,DBSCAN,oracle-dbscan-knee-mult,2,0.4037648770172185,0.5648110103609009,0.1929301153884515,0.44815724815724817,2.4326234312012662,36.0,,,
phase4__satellite__DBSCAN__seed-1__task-003016__cfg-a94cde91,satellite,DBSCAN,oracle-dbscan-knee-mult,1,0.4037648770172185,0.5648110103609009,0.1929301153884515,0.44815724815724817,2.4326234312012662,36.0,,,
phase4__satellite__DBSCAN__seed-0__task-003015__cfg-9a273489,satellite,DBSCAN,oracle-dbscan-knee-mult,0,0.4037648770172185,0.5648110103609009,0.1929301153884515,0.44815724815724817,2.4326234312012662,36.0,,,
phase4__satellite__DBSCAN__seed-42__task-003014__cfg-48b65ea5,satellite,DBSCAN,oracle-dbscan-knee-mult,42,0.4753532071936841,0.5862131105881807,0.1110013564519248,0.39213759213759214,2.4326234312012662,36.0,,,
phase4__satellite__DBSCAN__seed-3__task-003013__cfg-06b17e78,satellite,DBSCAN,oracle-dbscan-knee-mult,3,0.4753532071936841,0.5862131105881807,0.1110013564519248,0.39213759213759214,2.4326234312012662,36.0,,,
phase4__satellite__DBSCAN__seed-2__task-003012__cfg-e9519b47,satellite,DBSCAN,oracle-dbscan-knee-mult,2,0.4753532071936841,0.5862131105881807,0.1110013564519248,0.39213759213759214,2.4326234312012662,36.0,,,
phase4__satellite__DBSCAN__seed-1__task-003011__cfg-92688915,satellite,DBSCAN,oracle-dbscan-knee-mult,1,0.4753532071936841,0.5862131105881807,0.1110013564519248,0.39213759213759214,2.4326234312012662,36.0,,,
phase4__satellite__DBSCAN__seed-0__task-003010__cfg-935b9ade,satellite,DBSCAN,oracle-dbscan-knee-mult,0,0.4753532071936841,0.5862131105881807,0.1110013564519248,0.39213759213759214,2.4326234312012662,36.0,,,
phase4__satellite__DBSCAN__seed-42__task-003009__cfg-537276db,satellite,DBSCAN,oracle-dbscan-knee-mult,42,0.38151159280505753,0.5498346762145889,0.17711930226034986,0.43734643734643736,2.4326234312012662,36.0,,,
phase4__satellite__DBSCAN__seed-3__task-003008__cfg-b3f5a6b5,satellite,DBSCAN,oracle-dbscan-knee-mult,3,0.38151159280505753,0.5498346762145889,0.17711930226034986,0.43734643734643736,2.4326234312012662,36.0,,,
phase4__satellite__DBSCAN__seed-2__task-003007__cfg-9c17f116,satellite,DBSCAN,oracle-dbscan-knee-mult,2,0.38151159280505753,0.5498346762145889,0.17711930226034986,0.43734643734643736,2.4326234312012662,36.0,,,
phase4__satellite__DBSCAN__seed-1__task-003006__cfg-18b22bfb,satellite,DBSCAN,oracle-dbscan-knee-mult,1,0.38151159280505753,0.5498346762145889,0.17711930226034986,0.43734643734643736,2.4326234312012662,36.0,,,
phase4__satellite__DBSCAN__seed-0__task-003005__cfg-a0d4c225,satellite,DBSCAN,oracle-dbscan-knee-mult,0,0.38151159280505753,0.5498346762145889,0.17711930226034986,0.43734643734643736,2.4326234312012662,36.0,,,
phase4__satellite__DBSCAN__seed-42__task-003004__cfg-8870b5de,satellite,DBSCAN,oracle-dbscan-knee-mult,42,0.4635457221583662,0.5798887807596922,0.10309594988787397,0.38673218673218673,2.4326234312012662,36.0,,,
phase4__satellite__DBSCAN__seed-3__task-003003__cfg-94c2a619,satellite,DBSCAN,oracle-dbscan-knee-mult,3,0.4635457221583662,0.5798887807596922,0.10309594988787397,0.38673218673218673,2.4326234312012662,36.0,,,
phase4__satellite__DBSCAN__seed-2__task-003002__cfg-be8b60a4,satellite,DBSCAN,oracle-dbscan-knee-mult,2,0.4635457221583662,0.5798887807596922,0.10309594988787397,0.38673218673218673,2.4326234312012662,36.0,,,
phase4__satellite__DBSCAN__seed-1__task-003001__cfg-117e88dc,satellite,DBSCAN,oracle-dbscan-knee-mult,1,0.4635457221583662,0.5798887807596922,0.10309594988787397,0.38673218673218673,2.4326234312012662,36.0,,,
phase4__satellite__DBSCAN__seed-0__task-003000__cfg-3abeb566,satellite,DBSCAN,oracle-dbscan-knee-mult,0,0.4635457221583662,0.5798887807596922,0.10309594988787397,0.38673218673218673,2.4326234312012662,36.0,,,
phase4__satellite__DBSCAN__seed-42__task-002999__cfg-401c6a13,satellite,DBSCAN,oracle-dbscan-knee-mult,42,0.36185635735931077,0.5356287439858406,0.16274583578025745,0.4275184275184275,2.4326234312012662,36.0,,,
phase4__satellite__DBSCAN__seed-3__task-002998__cfg-a2d418ff,satellite,DBSCAN,oracle-dbscan-knee-mult,3,0.36185635735931077,0.5356287439858406,0.16274583578025745,0.4275184275184275,2.4326234312012662,36.0,,,
phase4__satellite__DBSCAN__seed-2__task-002997__cfg-c924eb92,satellite,DBSCAN,oracle-dbscan-knee-mult,2,0.36185635735931077,0.5356287439858406,0.16274583578025745,0.4275184275184275,2.4326234312012662,36.0,,,
phase4__satellite__DBSCAN__seed-1__task-002996__cfg-252fb5ce,satellite,DBSCAN,oracle-dbscan-knee-mult,1,0.36185635735931077,0.5356287439858406,0.16274583578025745,0.4275184275184275,2.4326234312012662,36.0,,,
phase4__satellite__DBSCAN__seed-0__task-002995__cfg-e530bc69,satellite,DBSCAN,oracle-dbscan-knee-mult,0,0.36185635735931077,0.5356287439858406,0.16274583578025745,0.4275184275184275,2.4326234312012662,36.0,,,
phase4__satellite__DBSCAN__seed-42__task-002994__cfg-97127ad4,satellite,DBSCAN,oracle-dbscan-knee-mult,42,0.4740839736638954,0.5882099030365449,0.11315737642393865,0.3936117936117936,2.4326234312012662,36.0,,,
phase4__satellite__DBSCAN__seed-3__task-002993__cfg-eb27dddc,satellite,DBSCAN,oracle-dbscan-knee-mult,3,0.4740839736638954,0.5882099030365449,0.11315737642393865,0.3936117936117936,2.4326234312012662,36.0,,,
phase4__satellite__DBSCAN__seed-2__task-002992__cfg-923ffc92,satellite,DBSCAN,oracle-dbscan-knee-mult,2,0.4740839736638954,0.5882099030365449,0.11315737642393865,0.3936117936117936,2.4326234312012662,36.0,,,
phase4__satellite__DBSCAN__seed-1__task-002991__cfg-052bb0cc,satellite,DBSCAN,oracle-dbscan-knee-mult,1,0.4740839736638954,0.5882099030365449,0.11315737642393865,0.3936117936117936,2.4326234312012662,36.0,,,
phase4__satellite__DBSCAN__seed-0__task-002990__cfg-14d8fffd,satellite,DBSCAN,oracle-dbscan-knee-mult,0,0.4740839736638954,0.5882099030365449,0.11315737642393865,0.3936117936117936,2.4326234312012662,36.0,,,
phase4__satellite__DBSCAN__seed-42__task-002989__cfg-fe7878c7,satellite,DBSCAN,oracle-dbscan-knee-mult,42,0.3696769297818566,0.542578327544526,0.17280726231632212,0.43439803439803437,2.4326234312012662,36.0,,,
phase4__satellite__DBSCAN__seed-3__task-002988__cfg-b7a9903a,satellite,DBSCAN,oracle-dbscan-knee-mult,3,0.3696769297818566,0.542578327544526,0.17280726231632212,0.43439803439803437,2.4326234312012662,36.0,,,
phase4__satellite__DBSCAN__seed-2__task-002987__cfg-59ba2afe,satellite,DBSCAN,oracle-dbscan-knee-mult,2,0.3696769297818566,0.542578327544526,0.17280726231632212,0.43439803439803437,2.4326234312012662,36.0,,,
phase4__satellite__DBSCAN__seed-1__task-002986__cfg-eabef3b6,satellite,DBSCAN,oracle-dbscan-knee-mult,1,0.3696769297818566,0.542578327544526,0.17280726231632212,0.43439803439803437,2.4326234312012662,36.0,,,
phase4__satellite__DBSCAN__seed-0__task-002985__cfg-bb12b5c8,satellite,DBSCAN,oracle-dbscan-knee-mult,0,0.3696769297818566,0.542578327544526,0.17280726231632212,0.43439803439803437,2.4326234312012662,36.0,,,
phase4__satellite__DBSCAN__seed-42__task-002984__cfg-760c205c,satellite,DBSCAN,oracle-dbscan-knee-mult,42,0.4652579279039165,0.5833335380294951,0.10597064318389245,0.3886977886977887,2.4326234312012662,36.0,,,
phase4__satellite__DBSCAN__seed-3__task-002983__cfg-7cb7f1ae,satellite,DBSCAN,oracle-dbscan-knee-mult,3,0.4652579279039165,0.5833335380294951,0.10597064318389245,0.3886977886977887,2.4326234312012662,36.0,,,
phase4__satellite__DBSCAN__seed-2__task-002982__cfg-e9546a4a,satellite,DBSCAN,oracle-dbscan-knee-mult,2,0.4652579279039165,0.5833335380294951,0.10597064318389245,0.3886977886977887,2.4326234312012662,36.0,,,
phase4__satellite__DBSCAN__seed-1__task-002981__cfg-a4bf3017,satellite,DBSCAN,oracle-dbscan-knee-mult,1,0.4652579279039165,0.5833335380294951,0.10597064318389245,0.3886977886977887,2.4326234312012662,36.0,,,
phase4__satellite__DBSCAN__seed-0__task-002980__cfg-5c7fa592,satellite,DBSCAN,oracle-dbscan-knee-mult,0,0.4652579279039165,0.5833335380294951,0.10597064318389245,0.3886977886977887,2.4326234312012662,36.0,,,
phase4__satellite__DBSCAN__seed-42__task-002979__cfg-ab7809c3,satellite,DBSCAN,oracle-dbscan-knee-mult,42,0.36103254881678154,0.5373727552832824,0.16058981580824358,0.42604422604422604,2.4326234312012662,36.0,,,
phase4__satellite__DBSCAN__seed-3__task-002978__cfg-9c02d7af,satellite,DBSCAN,oracle-dbscan-knee-mult,3,0.36103254881678154,0.5373727552832824,0.16058981580824358,0.42604422604422604,2.4326234312012662,36.0,,,
phase4__satellite__DBSCAN__seed-2__task-002977__cfg-18997f3e,satellite,DBSCAN,oracle-dbscan-knee-mult,2,0.36103254881678154,0.5373727552832824,0.16058981580824358,0.42604422604422604,2.4326234312012662,36.0,,,
phase4__satellite__DBSCAN__seed-1__task-002976__cfg-a9eabd38,satellite,DBSCAN,oracle-dbscan-knee-mult,1,0.36103254881678154,0.5373727552832824,0.16058981580824358,0.42604422604422604,2.4326234312012662,36.0,,,
phase4__satellite__DBSCAN__seed-0__task-002975__cfg-7aea61ec,satellite,DBSCAN,oracle-dbscan-knee-mult,0,0.36103254881678154,0.5373727552832824,0.16058981580824358,0.42604422604422604,2.4326234312012662,36.0,,,
phase4__satellite__DBSCAN__seed-42__task-002974__cfg-ec42487b,satellite,DBSCAN,oracle-dbscan-knee-mult,42,0.4573042306710686,0.5839628670741832,0.10812666315590631,0.39017199017199017,2.4326234312012662,36.0,,,
phase4__satellite__DBSCAN__seed-3__task-002973__cfg-6a6ab527,satellite,DBSCAN,oracle-dbscan-knee-mult,3,0.4573042306710686,0.5839628670741832,0.10812666315590631,0.39017199017199017,2.4326234312012662,36.0,,,
phase4__satellite__DBSCAN__seed-2__task-002972__cfg-851ae328,satellite,DBSCAN,oracle-dbscan-knee-mult,2,0.4573042306710686,0.5839628670741832,0.10812666315590631,0.39017199017199017,2.4326234312012662,36.0,,,
phase4__satellite__DBSCAN__seed-1__task-002971__cfg-123954f3,satellite,DBSCAN,oracle-dbscan-knee-mult,1,0.4573042306710686,0.5839628670741832,0.10812666315590631,0.39017199017199017,2.4326234312012662,36.0,,,
phase4__satellite__DBSCAN__seed-0__task-002970__cfg-5b12bb7f,satellite,DBSCAN,oracle-dbscan-knee-mult,0,0.4573042306710686,0.5839628670741832,0.10812666315590631,0.39017199017199017,2.4326234312012662,36.0,,,
phase4__satellite__DBSCAN__seed-42__task-002969__cfg-465579c3,satellite,DBSCAN,oracle-dbscan-knee-mult,42,0.36225085167222015,0.5400868589083695,0.16490185575227131,0.42899262899262897,2.4326234312012662,36.0,,,
phase4__satellite__DBSCAN__seed-3__task-002968__cfg-b81330b8,satellite,DBSCAN,oracle-dbscan-knee-mult,3,0.36225085167222015,0.5400868589083695,0.16490185575227131,0.42899262899262897,2.4326234312012662,36.0,,,
phase4__satellite__DBSCAN__seed-2__task-002967__cfg-cc1260a0,satellite,DBSCAN,oracle-dbscan-knee-mult,2,0.36225085167222015,0.5400868589083695,0.16490185575227131,0.42899262899262897,2.4326234312012662,36.0,,,
phase4__satellite__DBSCAN__seed-1__task-002966__cfg-013ee328,satellite,DBSCAN,oracle-dbscan-knee-mult,1,0.36225085167222015,0.5400868589083695,0.16490185575227131,0.42899262899262897,2.4326234312012662,36.0,,,
phase4__satellite__DBSCAN__seed-0__task-002965__cfg-d7a3a48c,satellite,DBSCAN,oracle-dbscan-knee-mult,0,0.36225085167222015,0.5400868589083695,0.16490185575227131,0.42899262899262897,2.4326234312012662,36.0,,,
phase4__satellite__DBSCAN__seed-42__task-002964__cfg-59be1986,satellite,DBSCAN,oracle-dbscan-knee-mult,42,0.4476337592078532,0.5825860248645545,0.1110013564519248,0.39213759213759214,2.4326234312012662,36.0,,,
phase4__satellite__DBSCAN__seed-3__task-002963__cfg-58b2746e,satellite,DBSCAN,oracle-dbscan-knee-mult,3,0.4476337592078532,0.5825860248645545,0.1110013564519248,0.39213759213759214,2.4326234312012662,36.0,,,
phase4__satellite__DBSCAN__seed-2__task-002962__cfg-b5194a73,satellite,DBSCAN,oracle-dbscan-knee-mult,2,0.4476337592078532,0.5825860248645545,0.1110013564519248,0.39213759213759214,2.4326234312012662,36.0,,,
phase4__satellite__DBSCAN__seed-1__task-002961__cfg-e49ec486,satellite,DBSCAN,oracle-dbscan-knee-mult,1,0.4476337592078532,0.5825860248645545,0.1110013564519248,0.39213759213759214,2.4326234312012662,36.0,,,
phase4__satellite__DBSCAN__seed-0__task-002960__cfg-c7ec6467,satellite,DBSCAN,oracle-dbscan-knee-mult,0,0.4476337592078532,0.5825860248645545,0.1110013564519248,0.39213759213759214,2.4326234312012662,36.0,,,
phase4__satellite__DBSCAN__seed-42__task-002959__cfg-1c89e3af,satellite,DBSCAN,oracle-dbscan-knee-mult,42,0.465953206885908,0.6132103943073328,0.25186132795683036,0.48845208845208843,2.4326234312012662,36.0,,,
phase4__satellite__DBSCAN__seed-3__task-002958__cfg-f0601a6d,satellite,DBSCAN,oracle-dbscan-knee-mult,3,0.465953206885908,0.6132103943073328,0.25186132795683036,0.48845208845208843,2.4326234312012662,36.0,,,
phase4__satellite__DBSCAN__seed-2__task-002957__cfg-d84c64ef,satellite,DBSCAN,oracle-dbscan-knee-mult,2,0.465953206885908,0.6132103943073328,0.25186132795683036,0.48845208845208843,2.4326234312012662,36.0,,,
phase4__satellite__DBSCAN__seed-1__task-002956__cfg-7d83be75,satellite,DBSCAN,oracle-dbscan-knee-mult,1,0.465953206885908,0.6132103943073328,0.25186132795683036,0.48845208845208843,2.4326234312012662,36.0,,,
phase4__satellite__DBSCAN__seed-0__task-002955__cfg-95418012,satellite,DBSCAN,oracle-dbscan-knee-mult,0,0.465953206885908,0.6132103943073328,0.25186132795683036,0.48845208845208843,2.4326234312012662,36.0,,,
phase4__satellite__DBSCAN__seed-42__task-002954__cfg-97fa1442,satellite,DBSCAN,oracle-dbscan-knee-mult,42,0.5155525108927793,0.6221798265456829,0.16418318242826668,0.4285012285012285,2.4326234312012662,36.0,,,
phase4__satellite__DBSCAN__seed-3__task-002953__cfg-5068899b,satellite,DBSCAN,oracle-dbscan-knee-mult,3,0.5155525108927793,0.6221798265456829,0.16418318242826668,0.4285012285012285,2.4326234312012662,36.0,,,
phase4__satellite__DBSCAN__seed-2__task-002952__cfg-4a35c5d2,satellite,DBSCAN,oracle-dbscan-knee-mult,2,0.5155525108927793,0.6221798265456829,0.16418318242826668,0.4285012285012285,2.4326234312012662,36.0,,,
phase4__satellite__DBSCAN__seed-1__task-002951__cfg-646ad0b2,satellite,DBSCAN,oracle-dbscan-knee-mult,1,0.5155525108927793,0.6221798265456829,0.16418318242826668,0.4285012285012285,2.4326234312012662,36.0,,,
phase4__satellite__DBSCAN__seed-0__task-002950__cfg-b579dc4e,satellite,DBSCAN,oracle-dbscan-knee-mult,0,0.5155525108927793,0.6221798265456829,0.16418318242826668,0.4285012285012285,2.4326234312012662,36.0,,,
phase4__satellite__DBSCAN__seed-42__task-002949__cfg-c3228e3e,satellite,DBSCAN,oracle-dbscan-knee-mult,42,0.44737157462787336,0.5983042895532161,0.2295824549126871,0.4732186732186732,2.4326234312012662,36.0,,,
phase4__satellite__DBSCAN__seed-3__task-002948__cfg-03729d75,satellite,DBSCAN,oracle-dbscan-knee-mult,3,0.44737157462787336,0.5983042895532161,0.2295824549126871,0.4732186732186732,2.4326234312012662,36.0,,,
phase4__satellite__DBSCAN__seed-2__task-002947__cfg-8ff61f67,satellite,DBSCAN,oracle-dbscan-knee-mult,2,0.44737157462787336,0.5983042895532161,0.2295824549126871,0.4732186732186732,2.4326234312012662,36.0,,,
phase4__satellite__DBSCAN__seed-1__task-002946__cfg-78e0d504,satellite,DBSCAN,oracle-dbscan-knee-mult,1,0.44737157462787336,0.5983042895532161,0.2295824549126871,0.4732186732186732,2.4326234312012662,36.0,,,
phase4__satellite__DBSCAN__seed-0__task-002945__cfg-456f3096,satellite,DBSCAN,oracle-dbscan-knee-mult,0,0.44737157462787336,0.5983042895532161,0.2295824549126871,0.4732186732186732,2.4326234312012662,36.0,,,
phase4__satellite__DBSCAN__seed-42__task-002944__cfg-6b88776b,satellite,DBSCAN,oracle-dbscan-knee-mult,42,0.5153314248459809,0.6231781669436393,0.16633920240028055,0.42997542997543,2.4326234312012662,36.0,,,
phase4__satellite__DBSCAN__seed-3__task-002943__cfg-2207ded7,satellite,DBSCAN,oracle-dbscan-knee-mult,3,0.5153314248459809,0.6231781669436393,0.16633920240028055,0.42997542997543,2.4326234312012662,36.0,,,
phase4__satellite__DBSCAN__seed-2__task-002942__cfg-b810d083,satellite,DBSCAN,oracle-dbscan-knee-mult,2,0.5153314248459809,0.6231781669436393,0.16633920240028055,0.42997542997543,2.4326234312012662,36.0,,,
phase4__satellite__DBSCAN__seed-1__task-002941__cfg-b1c1be1c,satellite,DBSCAN,oracle-dbscan-knee-mult,1,0.5153314248459809,0.6231781669436393,0.16633920240028055,0.42997542997543,2.4326234312012662,36.0,,,
phase4__satellite__DBSCAN__seed-0__task-002940__cfg-04ed18ed,satellite,DBSCAN,oracle-dbscan-knee-mult,0,0.5153314248459809,0.6231781669436393,0.16633920240028055,0.42997542997543,2.4326234312012662,36.0,,,
phase4__satellite__DBSCAN__seed-42__task-002939__cfg-9bab8bbd,satellite,DBSCAN,oracle-dbscan-knee-mult,42,0.4354590900969231,0.5908794573333555,0.21664633508060396,0.4643734643734644,2.4326234312012662,36.0,,,
phase4__satellite__DBSCAN__seed-3__task-002938__cfg-d0ad96b7,satellite,DBSCAN,oracle-dbscan-knee-mult,3,0.4354590900969231,0.5908794573333555,0.21664633508060396,0.4643734643734644,2.4326234312012662,36.0,,,
phase4__satellite__DBSCAN__seed-2__task-002937__cfg-86b3292d,satellite,DBSCAN,oracle-dbscan-knee-mult,2,0.4354590900969231,0.5908794573333555,0.21664633508060396,0.4643734643734644,2.4326234312012662,36.0,,,
phase4__satellite__DBSCAN__seed-1__task-002936__cfg-a22ed9d8,satellite,DBSCAN,oracle-dbscan-knee-mult,1,0.4354590900969231,0.5908794573333555,0.21664633508060396,0.4643734643734644,2.4326234312012662,36.0,,,
phase4__satellite__DBSCAN__seed-0__task-002935__cfg-f759d1f0,satellite,DBSCAN,oracle-dbscan-knee-mult,0,0.4354590900969231,0.5908794573333555,0.21664633508060396,0.4643734643734644,2.4326234312012662,36.0,,,
phase4__satellite__DBSCAN__seed-42__task-002934__cfg-6494088a,satellite,DBSCAN,oracle-dbscan-knee-mult,42,0.5263149856125227,0.633166874414662,0.18430603550039606,0.44226044226044225,2.4326234312012662,36.0,,,
phase4__satellite__DBSCAN__seed-3__task-002933__cfg-488c05f8,satellite,DBSCAN,oracle-dbscan-knee-mult,3,0.5263149856125227,0.633166874414662,0.18430603550039606,0.44226044226044225,2.4326234312012662,36.0,,,
phase4__satellite__DBSCAN__seed-2__task-002932__cfg-3960a9ae,satellite,DBSCAN,oracle-dbscan-knee-mult,2,0.5263149856125227,0.633166874414662,0.18430603550039606,0.44226044226044225,2.4326234312012662,36.0,,,
phase4__satellite__DBSCAN__seed-1__task-002931__cfg-9feebf65,satellite,DBSCAN,oracle-dbscan-knee-mult,1,0.5263149856125227,0.633166874414662,0.18430603550039606,0.44226044226044225,2.4326234312012662,36.0,,,
phase4__satellite__DBSCAN__seed-0__task-002930__cfg-ba937a06,satellite,DBSCAN,oracle-dbscan-knee-mult,0,0.5263149856125227,0.633166874414662,0.18430603550039606,0.44226044226044225,2.4326234312012662,36.0,,,
phase4__satellite__DBSCAN__seed-42__task-002929__cfg-2a73c8a2,satellite,DBSCAN,oracle-dbscan-knee-mult,42,0.4532505260613854,0.6063561061162768,0.24179990142076566,0.48157248157248156,2.4326234312012662,36.0,,,
phase4__satellite__DBSCAN__seed-3__task-002928__cfg-d1fdd594,satellite,DBSCAN,oracle-dbscan-knee-mult,3,0.4532505260613854,0.6063561061162768,0.24179990142076566,0.48157248157248156,2.4326234312012662,36.0,,,
phase4__satellite__DBSCAN__seed-2__task-002927__cfg-11363924,satellite,DBSCAN,oracle-dbscan-knee-mult,2,0.4532505260613854,0.6063561061162768,0.24179990142076566,0.48157248157248156,2.4326234312012662,36.0,,,
phase4__satellite__DBSCAN__seed-1__task-002926__cfg-c98fa739,satellite,DBSCAN,oracle-dbscan-knee-mult,1,0.4532505260613854,0.6063561061162768,0.24179990142076566,0.48157248157248156,2.4326234312012662,36.0,,,
phase4__satellite__DBSCAN__seed-0__task-002925__cfg-f55d2089,satellite,DBSCAN,oracle-dbscan-knee-mult,0,0.4532505260613854,0.6063561061162768,0.24179990142076566,0.48157248157248156,2.4326234312012662,36.0,,,
phase4__satellite__DBSCAN__seed-42__task-002924__cfg-453d024d,satellite,DBSCAN,oracle-dbscan-knee-mult,42,0.5272316865134323,0.6355430618943133,0.19436746203646074,0.4491400491400491,2.4326234312012662,36.0,,,
phase4__satellite__DBSCAN__seed-3__task-002923__cfg-d6f6f43e,satellite,DBSCAN,oracle-dbscan-knee-mult,3,0.5272316865134323,0.6355430618943133,0.19436746203646074,0.4491400491400491,2.4326234312012662,36.0,,,
phase4__satellite__DBSCAN__seed-2__task-002922__cfg-759ca031,satellite,DBSCAN,oracle-dbscan-knee-mult,2,0.5272316865134323,0.6355430618943133,0.19436746203646074,0.4491400491400491,2.4326234312012662,36.0,,,
phase4__satellite__DBSCAN__seed-1__task-002921__cfg-8ae17796,satellite,DBSCAN,oracle-dbscan-knee-mult,1,0.5272316865134323,0.6355430618943133,0.19436746203646074,0.4491400491400491,2.4326234312012662,36.0,,,
phase4__satellite__DBSCAN__seed-0__task-002920__cfg-fa4631d5,satellite,DBSCAN,oracle-dbscan-knee-mult,0,0.5272316865134323,0.6355430618943133,0.19436746203646074,0.4491400491400491,2.4326234312012662,36.0,,,
phase4__satellite__DBSCAN__seed-42__task-002919__cfg-96ce33f4,satellite,DBSCAN,oracle-dbscan-knee-mult,42,0.45591232833154416,0.6102724275163447,0.2504239813088211,0.48746928746928747,2.4326234312012662,36.0,,,
phase4__satellite__DBSCAN__seed-3__task-002918__cfg-af555061,satellite,DBSCAN,oracle-dbscan-knee-mult,3,0.45591232833154416,0.6102724275163447,0.2504239813088211,0.48746928746928747,2.4326234312012662,36.0,,,
phase4__satellite__DBSCAN__seed-2__task-002917__cfg-43681e82,satellite,DBSCAN,oracle-dbscan-knee-mult,2,0.45591232833154416,0.6102724275163447,0.2504239813088211,0.48746928746928747,2.4326234312012662,36.0,,,
phase4__satellite__DBSCAN__seed-1__task-002916__cfg-1e026d3d,satellite,DBSCAN,oracle-dbscan-knee-mult,1,0.45591232833154416,0.6102724275163447,0.2504239813088211,0.48746928746928747,2.4326234312012662,36.0,,,
phase4__satellite__DBSCAN__seed-0__task-002915__cfg-72da0cdf,satellite,DBSCAN,oracle-dbscan-knee-mult,0,0.45591232833154416,0.6102724275163447,0.2504239813088211,0.48746928746928747,2.4326234312012662,36.0,,,
phase4__satellite__DBSCAN__seed-42__task-002914__cfg-0fe45e1c,satellite,DBSCAN,oracle-dbscan-knee-mult,42,0.5179838181710458,0.6369707059695207,0.20802225519254852,0.45847665847665847,2.4326234312012662,36.0,,,
phase4__satellite__DBSCAN__seed-3__task-002913__cfg-dea62fd8,satellite,DBSCAN,oracle-dbscan-knee-mult,3,0.5179838181710458,0.6369707059695207,0.20802225519254852,0.45847665847665847,2.4326234312012662,36.0,,,
phase4__satellite__DBSCAN__seed-2__task-002912__cfg-dc92b5d0,satellite,DBSCAN,oracle-dbscan-knee-mult,2,0.5179838181710458,0.6369707059695207,0.20802225519254852,0.45847665847665847,2.4326234312012662,36.0,,,
phase4__satellite__DBSCAN__seed-1__task-002911__cfg-9acb8c17,satellite,DBSCAN,oracle-dbscan-knee-mult,1,0.5179838181710458,0.6369707059695207,0.20802225519254852,0.45847665847665847,2.4326234312012662,36.0,,,
phase4__satellite__DBSCAN__seed-0__task-002910__cfg-4c32848b,satellite,DBSCAN,oracle-dbscan-knee-mult,0,0.5179838181710458,0.6369707059695207,0.20802225519254852,0.45847665847665847,2.4326234312012662,36.0,,,
phase4__satellite__DBSCAN__seed-42__task-002909__cfg-4e6c055b,satellite,DBSCAN,oracle-dbscan-knee-mult,42,0.45017267647046,0.6087411699658478,0.2216770483486363,0.4678132678132678,2.4326234312012662,36.0,,,
phase4__satellite__DBSCAN__seed-3__task-002908__cfg-58b38583,satellite,DBSCAN,oracle-dbscan-knee-mult,3,0.45017267647046,0.6087411699658478,0.2216770483486363,0.4678132678132678,2.4326234312012662,36.0,,,
phase4__satellite__DBSCAN__seed-2__task-002907__cfg-dea19e22,satellite,DBSCAN,oracle-dbscan-knee-mult,2,0.45017267647046,0.6087411699658478,0.2216770483486363,0.4678132678132678,2.4326234312012662,36.0,,,
phase4__satellite__DBSCAN__seed-1__task-002906__cfg-e0e67807,satellite,DBSCAN,oracle-dbscan-knee-mult,1,0.45017267647046,0.6087411699658478,0.2216770483486363,0.4678132678132678,2.4326234312012662,36.0,,,
phase4__satellite__DBSCAN__seed-0__task-002905__cfg-c4a661e1,satellite,DBSCAN,oracle-dbscan-knee-mult,0,0.45017267647046,0.6087411699658478,0.2216770483486363,0.4678132678132678,2.4326234312012662,36.0,,,
phase4__satellite__DBSCAN__seed-42__task-002904__cfg-efa52d2e,satellite,DBSCAN,oracle-dbscan-knee-mult,42,0.4980037402249225,0.6335186912903495,0.22239572167264093,0.4683046683046683,2.4326234312012662,36.0,,,
phase4__satellite__DBSCAN__seed-3__task-002903__cfg-51d7eb3e,satellite,DBSCAN,oracle-dbscan-knee-mult,3,0.4980037402249225,0.6335186912903495,0.22239572167264093,0.4683046683046683,2.4326234312012662,36.0,,,
phase4__satellite__DBSCAN__seed-2__task-002902__cfg-0cbe2c9c,satellite,DBSCAN,oracle-dbscan-knee-mult,2,0.4980037402249225,0.6335186912903495,0.22239572167264093,0.4683046683046683,2.4326234312012662,36.0,,,
phase4__satellite__DBSCAN__seed-1__task-002901__cfg-80361359,satellite,DBSCAN,oracle-dbscan-knee-mult,1,0.4980037402249225,0.6335186912903495,0.22239572167264093,0.4683046683046683,2.4326234312012662,36.0,,,
phase4__satellite__DBSCAN__seed-0__task-002900__cfg-9dc965ee,satellite,DBSCAN,oracle-dbscan-knee-mult,0,0.4980037402249225,0.6335186912903495,0.22239572167264093,0.4683046683046683,2.4326234312012662,36.0,,,
phase4__satellite__DBSCAN__seed-42__task-002899__cfg-03b16f9c,satellite,DBSCAN,oracle-dbscan-knee-mult,42,0.5682078407958628,0.695129686555839,0.3071991739051861,0.5262899262899263,2.4326234312012662,36.0,,,
phase4__satellite__DBSCAN__seed-3__task-002898__cfg-92bf5952,satellite,DBSCAN,oracle-dbscan-knee-mult,3,0.5682078407958628,0.695129686555839,0.3071991739051861,0.5262899262899263,2.4326234312012662,36.0,,,
phase4__satellite__DBSCAN__seed-2__task-002897__cfg-e64091de,satellite,DBSCAN,oracle-dbscan-knee-mult,2,0.5682078407958628,0.695129686555839,0.3071991739051861,0.5262899262899263,2.4326234312012662,36.0,,,
phase4__satellite__DBSCAN__seed-1__task-002896__cfg-6c127717,satellite,DBSCAN,oracle-dbscan-knee-mult,1,0.5682078407958628,0.695129686555839,0.3071991739051861,0.5262899262899263,2.4326234312012662,36.0,,,
phase4__satellite__DBSCAN__seed-0__task-002895__cfg-7ee53063,satellite,DBSCAN,oracle-dbscan-knee-mult,0,0.5682078407958628,0.695129686555839,0.3071991739051861,0.5262899262899263,2.4326234312012662,36.0,,,
phase4__satellite__DBSCAN__seed-42__task-002894__cfg-13d76c56,satellite,DBSCAN,oracle-dbscan-knee-mult,42,0.5694507650211288,0.6864467545088611,0.35463161328949105,0.5587223587223588,2.4326234312012662,36.0,,,
phase4__satellite__DBSCAN__seed-3__task-002893__cfg-2cc37505,satellite,DBSCAN,oracle-dbscan-knee-mult,3,0.5694507650211288,0.6864467545088611,0.35463161328949105,0.5587223587223588,2.4326234312012662,36.0,,,
phase4__satellite__DBSCAN__seed-2__task-002892__cfg-57a65e4d,satellite,DBSCAN,oracle-dbscan-knee-mult,2,0.5694507650211288,0.6864467545088611,0.35463161328949105,0.5587223587223588,2.4326234312012662,36.0,,,
phase4__satellite__DBSCAN__seed-1__task-002891__cfg-1c739f7d,satellite,DBSCAN,oracle-dbscan-knee-mult,1,0.5694507650211288,0.6864467545088611,0.35463161328949105,0.5587223587223588,2.4326234312012662,36.0,,,
phase4__satellite__DBSCAN__seed-0__task-002890__cfg-50f946d1,satellite,DBSCAN,oracle-dbscan-knee-mult,0,0.5694507650211288,0.6864467545088611,0.35463161328949105,0.5587223587223588,2.4326234312012662,36.0,,,
phase4__satellite__DBSCAN__seed-42__task-002889__cfg-617e535a,satellite,DBSCAN,oracle-dbscan-knee-mult,42,0.5393447390584609,0.6710050529433597,0.2784522409450013,0.5066339066339066,2.4326234312012662,36.0,,,
phase4__satellite__DBSCAN__seed-3__task-002888__cfg-505028d5,satellite,DBSCAN,oracle-dbscan-knee-mult,3,0.5393447390584609,0.6710050529433597,0.2784522409450013,0.5066339066339066,2.4326234312012662,36.0,,,
phase4__satellite__DBSCAN__seed-2__task-002887__cfg-99c49a3a,satellite,DBSCAN,oracle-dbscan-knee-mult,2,0.5393447390584609,0.6710050529433597,0.2784522409450013,0.5066339066339066,2.4326234312012662,36.0,,,
phase4__satellite__DBSCAN__seed-1__task-002886__cfg-d30dd687,satellite,DBSCAN,oracle-dbscan-knee-mult,1,0.5393447390584609,0.6710050529433597,0.2784522409450013,0.5066339066339066,2.4326234312012662,36.0,,,
phase4__satellite__DBSCAN__seed-0__task-002885__cfg-25f540b6,satellite,DBSCAN,oracle-dbscan-knee-mult,0,0.5393447390584609,0.6710050529433597,0.2784522409450013,0.5066339066339066,2.4326234312012662,36.0,,,
phase4__satellite__DBSCAN__seed-42__task-002884__cfg-b5191333,satellite,DBSCAN,oracle-dbscan-knee-mult,42,0.5640697168664659,0.684173733894692,0.35463161328949105,0.5587223587223588,2.4326234312012662,36.0,,,
phase4__satellite__DBSCAN__seed-3__task-002883__cfg-06c655ff,satellite,DBSCAN,oracle-dbscan-knee-mult,3,0.5640697168664659,0.684173733894692,0.35463161328949105,0.5587223587223588,2.4326234312012662,36.0,,,
phase4__satellite__DBSCAN__seed-2__task-002882__cfg-3184192e,satellite,DBSCAN,oracle-dbscan-knee-mult,2,0.5640697168664659,0.684173733894692,0.35463161328949105,0.5587223587223588,2.4326234312012662,36.0,,,
phase4__satellite__DBSCAN__seed-1__task-002881__cfg-d9012d1f,satellite,DBSCAN,oracle-dbscan-knee-mult,1,0.5640697168664659,0.684173733894692,0.35463161328949105,0.5587223587223588,2.4326234312012662,36.0,,,
phase4__satellite__DBSCAN__seed-0__task-002880__cfg-3586be9c,satellite,DBSCAN,oracle-dbscan-knee-mult,0,0.5640697168664659,0.684173733894692,0.35463161328949105,0.5587223587223588,2.4326234312012662,36.0,,,
phase4__satellite__DBSCAN__seed-42__task-002879__cfg-586e7efd,satellite,DBSCAN,oracle-dbscan-knee-mult,42,0.5285238471722555,0.6620154116112298,0.2806082609170152,0.5081081081081081,2.4326234312012662,36.0,,,
phase4__satellite__DBSCAN__seed-3__task-002878__cfg-dc9c21ba,satellite,DBSCAN,oracle-dbscan-knee-mult,3,0.5285238471722555,0.6620154116112298,0.2806082609170152,0.5081081081081081,2.4326234312012662,36.0,,,
phase4__satellite__DBSCAN__seed-2__task-002877__cfg-18ab2412,satellite,DBSCAN,oracle-dbscan-knee-mult,2,0.5285238471722555,0.6620154116112298,0.2806082609170152,0.5081081081081081,2.4326234312012662,36.0,,,
phase4__satellite__DBSCAN__seed-1__task-002876__cfg-8e707f09,satellite,DBSCAN,oracle-dbscan-knee-mult,1,0.5285238471722555,0.6620154116112298,0.2806082609170152,0.5081081081081081,2.4326234312012662,36.0,,,
phase4__satellite__DBSCAN__seed-0__task-002875__cfg-3728db42,satellite,DBSCAN,oracle-dbscan-knee-mult,0,0.5285238471722555,0.6620154116112298,0.2806082609170152,0.5081081081081081,2.4326234312012662,36.0,,,
phase4__satellite__DBSCAN__seed-42__task-002874__cfg-3933598c,satellite,DBSCAN,oracle-dbscan-knee-mult,42,0.56728911510233,0.6855118885297651,0.28420162753703826,0.5105651105651106,2.4326234312012662,36.0,,,
phase4__satellite__DBSCAN__seed-3__task-002873__cfg-90c4c96a,satellite,DBSCAN,oracle-dbscan-knee-mult,3,0.56728911510233,0.6855118885297651,0.28420162753703826,0.5105651105651106,2.4326234312012662,36.0,,,
phase4__satellite__DBSCAN__seed-2__task-002872__cfg-e502d270,satellite,DBSCAN,oracle-dbscan-knee-mult,2,0.56728911510233,0.6855118885297651,0.28420162753703826,0.5105651105651106,2.4326234312012662,36.0,,,
phase4__satellite__DBSCAN__seed-1__task-002871__cfg-7964c8cd,satellite,DBSCAN,oracle-dbscan-knee-mult,1,0.56728911510233,0.6855118885297651,0.28420162753703826,0.5105651105651106,2.4326234312012662,36.0,,,
phase4__satellite__DBSCAN__seed-0__task-002870__cfg-985d6633,satellite,DBSCAN,oracle-dbscan-knee-mult,0,0.56728911510233,0.6855118885297651,0.28420162753703826,0.5105651105651106,2.4326234312012662,36.0,,,
phase4__satellite__DBSCAN__seed-42__task-002869__cfg-23658c9b,satellite,DBSCAN,oracle-dbscan-knee-mult,42,0.5339238404743116,0.6643870213403563,0.2647974477889135,0.4972972972972973,2.4326234312012662,36.0,,,
phase4__satellite__DBSCAN__seed-3__task-002868__cfg-0de14517,satellite,DBSCAN,oracle-dbscan-knee-mult,3,0.5339238404743116,0.6643870213403563,0.2647974477889135,0.4972972972972973,2.4326234312012662,36.0,,,
phase4__satellite__DBSCAN__seed-2__task-002867__cfg-475c6bd6,satellite,DBSCAN,oracle-dbscan-knee-mult,2,0.5339238404743116,0.6643870213403563,0.2647974477889135,0.4972972972972973,2.4326234312012662,36.0,,,
phase4__satellite__DBSCAN__seed-1__task-002866__cfg-2ef4b2d3,satellite,DBSCAN,oracle-dbscan-knee-mult,1,0.5339238404743116,0.6643870213403563,0.2647974477889135,0.4972972972972973,2.4326234312012662,36.0,,,
phase4__satellite__DBSCAN__seed-0__task-002865__cfg-dfe71ea4,satellite,DBSCAN,oracle-dbscan-knee-mult,0,0.5339238404743116,0.6643870213403563,0.2647974477889135,0.4972972972972973,2.4326234312012662,36.0,,,
phase4__satellite__DBSCAN__seed-42__task-002864__cfg-2c33b59e,satellite,DBSCAN,oracle-dbscan-knee-mult,42,0.5615699017146581,0.6812472114800157,0.27054683438095045,0.5012285012285013,2.4326234312012662,36.0,,,
phase4__satellite__DBSCAN__seed-3__task-002863__cfg-9308f3aa,satellite,DBSCAN,oracle-dbscan-knee-mult,3,0.5615699017146581,0.6812472114800157,0.27054683438095045,0.5012285012285013,2.4326234312012662,36.0,,,
phase4__satellite__DBSCAN__seed-2__task-002862__cfg-f4be9982,satellite,DBSCAN,oracle-dbscan-knee-mult,2,0.5615699017146581,0.6812472114800157,0.27054683438095045,0.5012285012285013,2.4326234312012662,36.0,,,
phase4__satellite__DBSCAN__seed-1__task-002861__cfg-fd7e2862,satellite,DBSCAN,oracle-dbscan-knee-mult,1,0.5615699017146581,0.6812472114800157,0.27054683438095045,0.5012285012285013,2.4326234312012662,36.0,,,
phase4__satellite__DBSCAN__seed-0__task-002860__cfg-7a40384c,satellite,DBSCAN,oracle-dbscan-knee-mult,0,0.5615699017146581,0.6812472114800157,0.27054683438095045,0.5012285012285013,2.4326234312012662,36.0,,,
phase4__satellite__DBSCAN__seed-42__task-002859__cfg-27a02481,satellite,DBSCAN,oracle-dbscan-knee-mult,42,0.5296810098437633,0.6525008362768643,0.2461119413647934,0.48452088452088454,2.4326234312012662,36.0,,,
phase4__satellite__DBSCAN__seed-3__task-002858__cfg-fe1c5580,satellite,DBSCAN,oracle-dbscan-knee-mult,3,0.5296810098437633,0.6525008362768643,0.2461119413647934,0.48452088452088454,2.4326234312012662,36.0,,,
phase4__satellite__DBSCAN__seed-2__task-002857__cfg-f03969bb,satellite,DBSCAN,oracle-dbscan-knee-mult,2,0.5296810098437633,0.6525008362768643,0.2461119413647934,0.48452088452088454,2.4326234312012662,36.0,,,
phase4__satellite__DBSCAN__seed-1__task-002856__cfg-eb6e3fa0,satellite,DBSCAN,oracle-dbscan-knee-mult,1,0.5296810098437633,0.6525008362768643,0.2461119413647934,0.48452088452088454,2.4326234312012662,36.0,,,
phase4__satellite__DBSCAN__seed-0__task-002855__cfg-a355e402,satellite,DBSCAN,oracle-dbscan-knee-mult,0,0.5296810098437633,0.6525008362768643,0.2461119413647934,0.48452088452088454,2.4326234312012662,36.0,,,
phase4__satellite__DBSCAN__seed-42__task-002854__cfg-cf671900,satellite,DBSCAN,oracle-dbscan-knee-mult,42,0.5462320097894791,0.6601815200900724,0.24826796133680726,0.485995085995086,2.4326234312012662,36.0,,,
phase4__satellite__DBSCAN__seed-3__task-002853__cfg-58d07152,satellite,DBSCAN,oracle-dbscan-knee-mult,3,0.5462320097894791,0.6601815200900724,0.24826796133680726,0.485995085995086,2.4326234312012662,36.0,,,
phase4__satellite__DBSCAN__seed-2__task-002852__cfg-d74724a8,satellite,DBSCAN,oracle-dbscan-knee-mult,2,0.5462320097894791,0.6601815200900724,0.24826796133680726,0.485995085995086,2.4326234312012662,36.0,,,
phase4__satellite__DBSCAN__seed-1__task-002851__cfg-be8a17b8,satellite,DBSCAN,oracle-dbscan-knee-mult,1,0.5462320097894791,0.6601815200900724,0.24826796133680726,0.485995085995086,2.4326234312012662,36.0,,,
phase4__satellite__DBSCAN__seed-0__task-002850__cfg-789f25e7,satellite,DBSCAN,oracle-dbscan-knee-mult,0,0.5462320097894791,0.6601815200900724,0.24826796133680726,0.485995085995086,2.4326234312012662,36.0,,,
phase4__satellite__DBSCAN__seed-42__task-002849__cfg-03daa069,satellite,DBSCAN,oracle-dbscan-knee-mult,42,0.5170756755426481,0.6372567037248599,0.2288637815886825,0.4727272727272727,2.4326234312012662,36.0,,,
phase4__satellite__DBSCAN__seed-3__task-002848__cfg-75113f0b,satellite,DBSCAN,oracle-dbscan-knee-mult,3,0.5170756755426481,0.6372567037248599,0.2288637815886825,0.4727272727272727,2.4326234312012662,36.0,,,
phase4__satellite__DBSCAN__seed-2__task-002847__cfg-20db48c7,satellite,DBSCAN,oracle-dbscan-knee-mult,2,0.5170756755426481,0.6372567037248599,0.2288637815886825,0.4727272727272727,2.4326234312012662,36.0,,,
phase4__satellite__DBSCAN__seed-1__task-002846__cfg-66d09b92,satellite,DBSCAN,oracle-dbscan-knee-mult,1,0.5170756755426481,0.6372567037248599,0.2288637815886825,0.4727272727272727,2.4326234312012662,36.0,,,
phase4__satellite__DBSCAN__seed-0__task-002845__cfg-6fc13a3b,satellite,DBSCAN,oracle-dbscan-knee-mult,0,0.5170756755426481,0.6372567037248599,0.2288637815886825,0.4727272727272727,2.4326234312012662,36.0,,,
phase4__satellite__DBSCAN__seed-42__task-002844__cfg-d39f0f13,satellite,DBSCAN,oracle-dbscan-knee-mult,42,0.5372703410248559,0.6509663966314901,0.24036255477275642,0.4805896805896806,2.4326234312012662,36.0,,,
phase4__satellite__DBSCAN__seed-3__task-002843__cfg-f2a327d1,satellite,DBSCAN,oracle-dbscan-knee-mult,3,0.5372703410248559,0.6509663966314901,0.24036255477275642,0.4805896805896806,2.4326234312012662,36.0,,,
phase4__satellite__DBSCAN__seed-2__task-002842__cfg-1da302f9,satellite,DBSCAN,oracle-dbscan-knee-mult,2,0.5372703410248559,0.6509663966314901,0.24036255477275642,0.4805896805896806,2.4326234312012662,36.0,,,
phase4__satellite__DBSCAN__seed-1__task-002841__cfg-adead73e,satellite,DBSCAN,oracle-dbscan-knee-mult,1,0.5372703410248559,0.6509663966314901,0.24036255477275642,0.4805896805896806,2.4326234312012662,36.0,,,
phase4__satellite__DBSCAN__seed-0__task-002840__cfg-e21f2a22,satellite,DBSCAN,oracle-dbscan-knee-mult,0,0.5372703410248559,0.6509663966314901,0.24036255477275642,0.4805896805896806,2.4326234312012662,36.0,,,
phase4__satellite__LOF__seed-42__task-002839__cfg-eb740ee6,satellite,LOF,oracle-lof-neighbors-metrics,42,0.40949263019195975,0.5783241949523267,0.18071266888037296,0.4398034398034398,2.4326234312012662,36.0,,,
phase4__satellite__LOF__seed-3__task-002838__cfg-d54a931d,satellite,LOF,oracle-lof-neighbors-metrics,3,0.40949263019195975,0.5783241949523267,0.18071266888037296,0.4398034398034398,2.4326234312012662,36.0,,,
phase4__satellite__LOF__seed-2__task-002837__cfg-39c8bf47,satellite,LOF,oracle-lof-neighbors-metrics,2,0.40949263019195975,0.5783241949523267,0.18071266888037296,0.4398034398034398,2.4326234312012662,36.0,,,
phase4__satellite__LOF__seed-1__task-002836__cfg-5b0be818,satellite,LOF,oracle-lof-neighbors-metrics,1,0.40949263019195975,0.5783241949523267,0.18071266888037296,0.4398034398034398,2.4326234312012662,36.0,,,
phase4__satellite__LOF__seed-0__task-002835__cfg-5ef716bd,satellite,LOF,oracle-lof-neighbors-metrics,0,0.40949263019195975,0.5783241949523267,0.18071266888037296,0.4398034398034398,2.4326234312012662,36.0,,,
phase4__satellite__LOF__seed-42__task-002834__cfg-f6cefcb2,satellite,LOF,oracle-lof-neighbors-metrics,42,0.4057349469780752,0.5738208049605844,0.1577151225122251,0.42407862407862407,2.4326234312012662,36.0,,,
phase4__satellite__LOF__seed-3__task-002833__cfg-c86f25ae,satellite,LOF,oracle-lof-neighbors-metrics,3,0.4057349469780752,0.5738208049605844,0.1577151225122251,0.42407862407862407,2.4326234312012662,36.0,,,
phase4__satellite__LOF__seed-2__task-002832__cfg-97413dfe,satellite,LOF,oracle-lof-neighbors-metrics,2,0.4057349469780752,0.5738208049605844,0.1577151225122251,0.42407862407862407,2.4326234312012662,36.0,,,
phase4__satellite__LOF__seed-1__task-002831__cfg-11a9140b,satellite,LOF,oracle-lof-neighbors-metrics,1,0.4057349469780752,0.5738208049605844,0.1577151225122251,0.42407862407862407,2.4326234312012662,36.0,,,
phase4__satellite__LOF__seed-0__task-002830__cfg-e1e67252,satellite,LOF,oracle-lof-neighbors-metrics,0,0.4057349469780752,0.5738208049605844,0.1577151225122251,0.42407862407862407,2.4326234312012662,36.0,,,
phase4__satellite__LOF__seed-42__task-002829__cfg-3032af29,satellite,LOF,oracle-lof-neighbors-metrics,42,0.4027623228670888,0.5712042297521628,0.12824951622803568,0.4039312039312039,2.4326234312012662,36.0,,,
phase4__satellite__LOF__seed-3__task-002828__cfg-47a1f2b1,satellite,LOF,oracle-lof-neighbors-metrics,3,0.4027623228670888,0.5712042297521628,0.12824951622803568,0.4039312039312039,2.4326234312012662,36.0,,,
phase4__satellite__LOF__seed-2__task-002827__cfg-2435527d,satellite,LOF,oracle-lof-neighbors-metrics,2,0.4027623228670888,0.5712042297521628,0.12824951622803568,0.4039312039312039,2.4326234312012662,36.0,,,
phase4__satellite__LOF__seed-1__task-002826__cfg-63893957,satellite,LOF,oracle-lof-neighbors-metrics,1,0.4027623228670888,0.5712042297521628,0.12824951622803568,0.4039312039312039,2.4326234312012662,36.0,,,
phase4__satellite__LOF__seed-0__task-002825__cfg-eb0bdbec,satellite,LOF,oracle-lof-neighbors-metrics,0,0.4027623228670888,0.5712042297521628,0.12824951622803568,0.4039312039312039,2.4326234312012662,36.0,,,
phase4__satellite__LOF__seed-42__task-002824__cfg-46070b44,satellite,LOF,oracle-lof-neighbors-metrics,42,0.3921240058119886,0.5594750280359306,0.10381462321187859,0.38722358722358724,2.4326234312012662,36.0,,,
phase4__satellite__LOF__seed-3__task-002823__cfg-bf964389,satellite,LOF,oracle-lof-neighbors-metrics,3,0.3921240058119886,0.5594750280359306,0.10381462321187859,0.38722358722358724,2.4326234312012662,36.0,,,
phase4__satellite__LOF__seed-2__task-002822__cfg-9af8a242,satellite,LOF,oracle-lof-neighbors-metrics,2,0.3921240058119886,0.5594750280359306,0.10381462321187859,0.38722358722358724,2.4326234312012662,36.0,,,
phase4__satellite__LOF__seed-1__task-002821__cfg-c2b3bde1,satellite,LOF,oracle-lof-neighbors-metrics,1,0.3921240058119886,0.5594750280359306,0.10381462321187859,0.38722358722358724,2.4326234312012662,36.0,,,
phase4__satellite__LOF__seed-0__task-002820__cfg-792ae1a0,satellite,LOF,oracle-lof-neighbors-metrics,0,0.3921240058119886,0.5594750280359306,0.10381462321187859,0.38722358722358724,2.4326234312012662,36.0,,,
phase4__satellite__LOF__seed-42__task-002819__cfg-0f08c046,satellite,LOF,oracle-lof-neighbors-metrics,42,0.38223770301990884,0.5489299005712587,0.08944115673178618,0.3773955773955774,2.4326234312012662,36.0,,,
phase4__satellite__LOF__seed-3__task-002818__cfg-9280f04c,satellite,LOF,oracle-lof-neighbors-metrics,3,0.38223770301990884,0.5489299005712587,0.08944115673178618,0.3773955773955774,2.4326234312012662,36.0,,,
phase4__satellite__LOF__seed-2__task-002817__cfg-b79f74d2,satellite,LOF,oracle-lof-neighbors-metrics,2,0.38223770301990884,0.5489299005712587,0.08944115673178618,0.3773955773955774,2.4326234312012662,36.0,,,
phase4__satellite__LOF__seed-1__task-002816__cfg-59fb828d,satellite,LOF,oracle-lof-neighbors-metrics,1,0.38223770301990884,0.5489299005712587,0.08944115673178618,0.3773955773955774,2.4326234312012662,36.0,,,
phase4__satellite__LOF__seed-0__task-002815__cfg-a5527f4a,satellite,LOF,oracle-lof-neighbors-metrics,0,0.38223770301990884,0.5489299005712587,0.08944115673178618,0.3773955773955774,2.4326234312012662,36.0,,,
phase4__satellite__LOF__seed-42__task-002814__cfg-3ee41f27,satellite,LOF,oracle-lof-neighbors-metrics,42,0.3740014279476517,0.5426950043566787,0.0793797301957215,0.3705159705159705,2.4326234312012662,36.0,,,
phase4__satellite__LOF__seed-3__task-002813__cfg-8072e270,satellite,LOF,oracle-lof-neighbors-metrics,3,0.3740014279476517,0.5426950043566787,0.0793797301957215,0.3705159705159705,2.4326234312012662,36.0,,,
phase4__satellite__LOF__seed-2__task-002812__cfg-489de38a,satellite,LOF,oracle-lof-neighbors-metrics,2,0.3740014279476517,0.5426950043566787,0.0793797301957215,0.3705159705159705,2.4326234312012662,36.0,,,
phase4__satellite__LOF__seed-1__task-002811__cfg-21d0dc01,satellite,LOF,oracle-lof-neighbors-metrics,1,0.3740014279476517,0.5426950043566787,0.0793797301957215,0.3705159705159705,2.4326234312012662,36.0,,,
phase4__satellite__LOF__seed-0__task-002810__cfg-db647822,satellite,LOF,oracle-lof-neighbors-metrics,0,0.3740014279476517,0.5426950043566787,0.0793797301957215,0.3705159705159705,2.4326234312012662,36.0,,,
phase4__satellite__LOF__seed-42__task-002809__cfg-137087a6,satellite,LOF,oracle-lof-neighbors-metrics,42,0.36064170414356944,0.527335088212136,0.052788817207550555,0.35233415233415233,2.4326234312012662,36.0,,,
phase4__satellite__LOF__seed-3__task-002808__cfg-59328801,satellite,LOF,oracle-lof-neighbors-metrics,3,0.36064170414356944,0.527335088212136,0.052788817207550555,0.35233415233415233,2.4326234312012662,36.0,,,
phase4__satellite__LOF__seed-2__task-002807__cfg-931d042d,satellite,LOF,oracle-lof-neighbors-metrics,2,0.36064170414356944,0.527335088212136,0.052788817207550555,0.35233415233415233,2.4326234312012662,36.0,,,
phase4__satellite__LOF__seed-1__task-002806__cfg-80390e72,satellite,LOF,oracle-lof-neighbors-metrics,1,0.36064170414356944,0.527335088212136,0.052788817207550555,0.35233415233415233,2.4326234312012662,36.0,,,
phase4__satellite__LOF__seed-0__task-002805__cfg-dfb4daa0,satellite,LOF,oracle-lof-neighbors-metrics,0,0.36064170414356944,0.527335088212136,0.052788817207550555,0.35233415233415233,2.4326234312012662,36.0,,,
phase4__satellite__LOF__seed-42__task-002804__cfg-454ddb94,satellite,LOF,oracle-lof-neighbors-metrics,42,0.3443995562716654,0.49977987719123523,0.006793724471254864,0.3208845208845209,2.4326234312012662,36.0,,,
phase4__satellite__LOF__seed-3__task-002803__cfg-7959689c,satellite,LOF,oracle-lof-neighbors-metrics,3,0.3443995562716654,0.49977987719123523,0.006793724471254864,0.3208845208845209,2.4326234312012662,36.0,,,
phase4__satellite__LOF__seed-2__task-002802__cfg-2df46779,satellite,LOF,oracle-lof-neighbors-metrics,2,0.3443995562716654,0.49977987719123523,0.006793724471254864,0.3208845208845209,2.4326234312012662,36.0,,,
phase4__satellite__LOF__seed-1__task-002801__cfg-bf2d40ba,satellite,LOF,oracle-lof-neighbors-metrics,1,0.3443995562716654,0.49977987719123523,0.006793724471254864,0.3208845208845209,2.4326234312012662,36.0,,,
phase4__satellite__LOF__seed-0__task-002800__cfg-9ab18ea1,satellite,LOF,oracle-lof-neighbors-metrics,0,0.3443995562716654,0.49977987719123523,0.006793724471254864,0.3208845208845209,2.4326234312012662,36.0,,,
phase4__satellite__LOF__seed-42__task-002799__cfg-4510ee56,satellite,LOF,oracle-lof-neighbors-metrics,42,0.40327371460250755,0.5646177399667991,0.12537482293201718,0.401965601965602,2.4326234312012662,36.0,,,
phase4__satellite__LOF__seed-3__task-002798__cfg-d6f9d7d8,satellite,LOF,oracle-lof-neighbors-metrics,3,0.40327371460250755,0.5646177399667991,0.12537482293201718,0.401965601965602,2.4326234312012662,36.0,,,
phase4__satellite__LOF__seed-2__task-002797__cfg-04159402,satellite,LOF,oracle-lof-neighbors-metrics,2,0.40327371460250755,0.5646177399667991,0.12537482293201718,0.401965601965602,2.4326234312012662,36.0,,,
phase4__satellite__LOF__seed-1__task-002796__cfg-a9c28ff4,satellite,LOF,oracle-lof-neighbors-metrics,1,0.40327371460250755,0.5646177399667991,0.12537482293201718,0.401965601965602,2.4326234312012662,36.0,,,
phase4__satellite__LOF__seed-0__task-002795__cfg-671bc75b,satellite,LOF,oracle-lof-neighbors-metrics,0,0.40327371460250755,0.5646177399667991,0.12537482293201718,0.401965601965602,2.4326234312012662,36.0,,,
phase4__satellite__LOF__seed-42__task-002794__cfg-73c75102,satellite,LOF,oracle-lof-neighbors-metrics,42,0.3952263730476308,0.5584190191466091,0.12824951622803568,0.4039312039312039,2.4326234312012662,36.0,,,
phase4__satellite__LOF__seed-3__task-002793__cfg-4d9bef61,satellite,LOF,oracle-lof-neighbors-metrics,3,0.3952263730476308,0.5584190191466091,0.12824951622803568,0.4039312039312039,2.4326234312012662,36.0,,,
phase4__satellite__LOF__seed-2__task-002792__cfg-95d801a6,satellite,LOF,oracle-lof-neighbors-metrics,2,0.3952263730476308,0.5584190191466091,0.12824951622803568,0.4039312039312039,2.4326234312012662,36.0,,,
phase4__satellite__LOF__seed-1__task-002791__cfg-f363228b,satellite,LOF,oracle-lof-neighbors-metrics,1,0.3952263730476308,0.5584190191466091,0.12824951622803568,0.4039312039312039,2.4326234312012662,36.0,,,
phase4__satellite__LOF__seed-0__task-002790__cfg-a9001d4c,satellite,LOF,oracle-lof-neighbors-metrics,0,0.3952263730476308,0.5584190191466091,0.12824951622803568,0.4039312039312039,2.4326234312012662,36.0,,,
phase4__satellite__LOF__seed-42__task-002789__cfg-b8268bba,satellite,LOF,oracle-lof-neighbors-metrics,42,0.3800434821245114,0.5447214963572271,0.09159717670380005,0.37886977886977885,2.4326234312012662,36.0,,,
phase4__satellite__LOF__seed-3__task-002788__cfg-b0246c42,satellite,LOF,oracle-lof-neighbors-metrics,3,0.3800434821245114,0.5447214963572271,0.09159717670380005,0.37886977886977885,2.4326234312012662,36.0,,,
phase4__satellite__LOF__seed-2__task-002787__cfg-651c3b7f,satellite,LOF,oracle-lof-neighbors-metrics,2,0.3800434821245114,0.5447214963572271,0.09159717670380005,0.37886977886977885,2.4326234312012662,36.0,,,
phase4__satellite__LOF__seed-1__task-002786__cfg-30504fdf,satellite,LOF,oracle-lof-neighbors-metrics,1,0.3800434821245114,0.5447214963572271,0.09159717670380005,0.37886977886977885,2.4326234312012662,36.0,,,
phase4__satellite__LOF__seed-0__task-002785__cfg-d7da676f,satellite,LOF,oracle-lof-neighbors-metrics,0,0.3800434821245114,0.5447214963572271,0.09159717670380005,0.37886977886977885,2.4326234312012662,36.0,,,
phase4__satellite__LOF__seed-42__task-002784__cfg-03a1bfae,satellite,LOF,oracle-lof-neighbors-metrics,42,0.36055145787784404,0.5226412191375875,0.06428759039162447,0.3601965601965602,2.4326234312012662,36.0,,,
phase4__satellite__LOF__seed-3__task-002783__cfg-f5cca3e6,satellite,LOF,oracle-lof-neighbors-metrics,3,0.36055145787784404,0.5226412191375875,0.06428759039162447,0.3601965601965602,2.4326234312012662,36.0,,,
phase4__satellite__LOF__seed-2__task-002782__cfg-6896a480,satellite,LOF,oracle-lof-neighbors-metrics,2,0.36055145787784404,0.5226412191375875,0.06428759039162447,0.3601965601965602,2.4326234312012662,36.0,,,
phase4__satellite__LOF__seed-1__task-002781__cfg-1c87f59d,satellite,LOF,oracle-lof-neighbors-metrics,1,0.36055145787784404,0.5226412191375875,0.06428759039162447,0.3601965601965602,2.4326234312012662,36.0,,,
phase4__satellite__LOF__seed-0__task-002780__cfg-3d482e38,satellite,LOF,oracle-lof-neighbors-metrics,0,0.36055145787784404,0.5226412191375875,0.06428759039162447,0.3601965601965602,2.4326234312012662,36.0,,,
phase4__satellite__LOF__seed-42__task-002779__cfg-d87816d2,satellite,LOF,oracle-lof-neighbors-metrics,42,0.348132790957158,0.5050173262274735,0.03841535072745815,0.34250614250614253,2.4326234312012662,36.0,,,
phase4__satellite__LOF__seed-3__task-002778__cfg-58f8c0e0,satellite,LOF,oracle-lof-neighbors-metrics,3,0.348132790957158,0.5050173262274735,0.03841535072745815,0.34250614250614253,2.4326234312012662,36.0,,,
phase4__satellite__LOF__seed-2__task-002777__cfg-0e755bb5,satellite,LOF,oracle-lof-neighbors-metrics,2,0.348132790957158,0.5050173262274735,0.03841535072745815,0.34250614250614253,2.4326234312012662,36.0,,,
phase4__satellite__LOF__seed-1__task-002776__cfg-83496ec2,satellite,LOF,oracle-lof-neighbors-metrics,1,0.348132790957158,0.5050173262274735,0.03841535072745815,0.34250614250614253,2.4326234312012662,36.0,,,
phase4__satellite__LOF__seed-0__task-002775__cfg-ccc43250,satellite,LOF,oracle-lof-neighbors-metrics,0,0.348132790957158,0.5050173262274735,0.03841535072745815,0.34250614250614253,2.4326234312012662,36.0,,,
phase4__satellite__LOF__seed-42__task-002774__cfg-1518adc7,satellite,LOF,oracle-lof-neighbors-metrics,42,0.33975892083060666,0.49368851020347093,0.019729844303338028,0.32972972972972975,2.4326234312012662,36.0,,,
phase4__satellite__LOF__seed-3__task-002773__cfg-60e5dee7,satellite,LOF,oracle-lof-neighbors-metrics,3,0.33975892083060666,0.49368851020347093,0.019729844303338028,0.32972972972972975,2.4326234312012662,36.0,,,
phase4__satellite__LOF__seed-2__task-002772__cfg-6a452a2c,satellite,LOF,oracle-lof-neighbors-metrics,2,0.33975892083060666,0.49368851020347093,0.019729844303338028,0.32972972972972975,2.4326234312012662,36.0,,,
phase4__satellite__LOF__seed-1__task-002771__cfg-a2a8ee22,satellite,LOF,oracle-lof-neighbors-metrics,1,0.33975892083060666,0.49368851020347093,0.019729844303338028,0.32972972972972975,2.4326234312012662,36.0,,,
phase4__satellite__LOF__seed-0__task-002770__cfg-dfafc224,satellite,LOF,oracle-lof-neighbors-metrics,0,0.33975892083060666,0.49368851020347093,0.019729844303338028,0.32972972972972975,2.4326234312012662,36.0,,,
phase4__satellite__LOF__seed-42__task-002769__cfg-cc7f828b,satellite,LOF,oracle-lof-neighbors-metrics,42,0.32325544973048304,0.47286052688345404,-0.00829841533284216,0.31056511056511055,2.4326234312012662,36.0,,,
phase4__satellite__LOF__seed-3__task-002768__cfg-dfc9f3c3,satellite,LOF,oracle-lof-neighbors-metrics,3,0.32325544973048304,0.47286052688345404,-0.00829841533284216,0.31056511056511055,2.4326234312012662,36.0,,,
phase4__satellite__LOF__seed-2__task-002767__cfg-a683a81c,satellite,LOF,oracle-lof-neighbors-metrics,2,0.32325544973048304,0.47286052688345404,-0.00829841533284216,0.31056511056511055,2.4326234312012662,36.0,,,
phase4__satellite__LOF__seed-1__task-002766__cfg-85bae6db,satellite,LOF,oracle-lof-neighbors-metrics,1,0.32325544973048304,0.47286052688345404,-0.00829841533284216,0.31056511056511055,2.4326234312012662,36.0,,,
phase4__satellite__LOF__seed-0__task-002765__cfg-115f0b11,satellite,LOF,oracle-lof-neighbors-metrics,0,0.32325544973048304,0.47286052688345404,-0.00829841533284216,0.31056511056511055,2.4326234312012662,36.0,,,
phase4__satellite__LOF__seed-42__task-002764__cfg-89013dd0,satellite,LOF,oracle-lof-neighbors-metrics,42,0.31051088710951247,0.44790352424265023,-0.04135738823705469,0.28796068796068797,2.4326234312012662,36.0,,,
phase4__satellite__LOF__seed-3__task-002763__cfg-e1d3f974,satellite,LOF,oracle-lof-neighbors-metrics,3,0.31051088710951247,0.44790352424265023,-0.04135738823705469,0.28796068796068797,2.4326234312012662,36.0,,,
phase4__satellite__LOF__seed-2__task-002762__cfg-fdd5346b,satellite,LOF,oracle-lof-neighbors-metrics,2,0.31051088710951247,0.44790352424265023,-0.04135738823705469,0.28796068796068797,2.4326234312012662,36.0,,,
phase4__satellite__LOF__seed-1__task-002761__cfg-a805d0a5,satellite,LOF,oracle-lof-neighbors-metrics,1,0.31051088710951247,0.44790352424265023,-0.04135738823705469,0.28796068796068797,2.4326234312012662,36.0,,,
phase4__satellite__LOF__seed-0__task-002760__cfg-4c36b46c,satellite,LOF,oracle-lof-neighbors-metrics,0,0.31051088710951247,0.44790352424265023,-0.04135738823705469,0.28796068796068797,2.4326234312012662,36.0,,,
phase4__satellite__LOF__seed-42__task-002759__cfg-d6bea203,satellite,LOF,oracle-lof-neighbors-metrics,42,0.39918254756659,0.5719642479917073,0.13831094276410036,0.41081081081081083,2.4326234312012662,36.0,,,
phase4__satellite__LOF__seed-3__task-002758__cfg-9ab7fd08,satellite,LOF,oracle-lof-neighbors-metrics,3,0.39918254756659,0.5719642479917073,0.13831094276410036,0.41081081081081083,2.4326234312012662,36.0,,,
phase4__satellite__LOF__seed-2__task-002757__cfg-184e5fe0,satellite,LOF,oracle-lof-neighbors-metrics,2,0.39918254756659,0.5719642479917073,0.13831094276410036,0.41081081081081083,2.4326234312012662,36.0,,,
phase4__satellite__LOF__seed-1__task-002756__cfg-423d8e47,satellite,LOF,oracle-lof-neighbors-metrics,1,0.39918254756659,0.5719642479917073,0.13831094276410036,0.41081081081081083,2.4326234312012662,36.0,,,
phase4__satellite__LOF__seed-0__task-002755__cfg-d528ba31,satellite,LOF,oracle-lof-neighbors-metrics,0,0.39918254756659,0.5719642479917073,0.13831094276410036,0.41081081081081083,2.4326234312012662,36.0,,,
phase4__satellite__LOF__seed-42__task-002754__cfg-6f47c353,satellite,LOF,oracle-lof-neighbors-metrics,42,0.3984294839268713,0.572696799728104,0.13399890282007265,0.40786240786240785,2.4326234312012662,36.0,,,
phase4__satellite__LOF__seed-3__task-002753__cfg-94627514,satellite,LOF,oracle-lof-neighbors-metrics,3,0.3984294839268713,0.572696799728104,0.13399890282007265,0.40786240786240785,2.4326234312012662,36.0,,,
phase4__satellite__LOF__seed-2__task-002752__cfg-cfd43088,satellite,LOF,oracle-lof-neighbors-metrics,2,0.3984294839268713,0.572696799728104,0.13399890282007265,0.40786240786240785,2.4326234312012662,36.0,,,
phase4__satellite__LOF__seed-1__task-002751__cfg-eeb4bd8d,satellite,LOF,oracle-lof-neighbors-metrics,1,0.3984294839268713,0.572696799728104,0.13399890282007265,0.40786240786240785,2.4326234312012662,36.0,,,
phase4__satellite__LOF__seed-0__task-002750__cfg-8d531e45,satellite,LOF,oracle-lof-neighbors-metrics,0,0.3984294839268713,0.572696799728104,0.13399890282007265,0.40786240786240785,2.4326234312012662,36.0,,,
phase4__satellite__LOF__seed-42__task-002749__cfg-315b2800,satellite,LOF,oracle-lof-neighbors-metrics,42,0.3935581197655357,0.5693770373781146,0.12609349625602181,0.40245700245700244,2.4326234312012662,36.0,,,
phase4__satellite__LOF__seed-3__task-002748__cfg-04c9ccf3,satellite,LOF,oracle-lof-neighbors-metrics,3,0.3935581197655357,0.5693770373781146,0.12609349625602181,0.40245700245700244,2.4326234312012662,36.0,,,
phase4__satellite__LOF__seed-2__task-002747__cfg-a2f67443,satellite,LOF,oracle-lof-neighbors-metrics,2,0.3935581197655357,0.5693770373781146,0.12609349625602181,0.40245700245700244,2.4326234312012662,36.0,,,
phase4__satellite__LOF__seed-1__task-002746__cfg-246d5992,satellite,LOF,oracle-lof-neighbors-metrics,1,0.3935581197655357,0.5693770373781146,0.12609349625602181,0.40245700245700244,2.4326234312012662,36.0,,,
phase4__satellite__LOF__seed-0__task-002745__cfg-d57e9025,satellite,LOF,oracle-lof-neighbors-metrics,0,0.3935581197655357,0.5693770373781146,0.12609349625602181,0.40245700245700244,2.4326234312012662,36.0,,,
phase4__satellite__LOF__seed-42__task-002744__cfg-5a11c912,satellite,LOF,oracle-lof-neighbors-metrics,42,0.3857100259603219,0.5628959475072697,0.10381462321187859,0.38722358722358724,2.4326234312012662,36.0,,,
phase4__satellite__LOF__seed-3__task-002743__cfg-056db071,satellite,LOF,oracle-lof-neighbors-metrics,3,0.3857100259603219,0.5628959475072697,0.10381462321187859,0.38722358722358724,2.4326234312012662,36.0,,,
phase4__satellite__LOF__seed-2__task-002742__cfg-3a8e4a31,satellite,LOF,oracle-lof-neighbors-metrics,2,0.3857100259603219,0.5628959475072697,0.10381462321187859,0.38722358722358724,2.4326234312012662,36.0,,,
phase4__satellite__LOF__seed-1__task-002741__cfg-2aefbaf3,satellite,LOF,oracle-lof-neighbors-metrics,1,0.3857100259603219,0.5628959475072697,0.10381462321187859,0.38722358722358724,2.4326234312012662,36.0,,,
phase4__satellite__LOF__seed-0__task-002740__cfg-ead84924,satellite,LOF,oracle-lof-neighbors-metrics,0,0.3857100259603219,0.5628959475072697,0.10381462321187859,0.38722358722358724,2.4326234312012662,36.0,,,
phase4__satellite__LOF__seed-42__task-002739__cfg-6f1fdf24,satellite,LOF,oracle-lof-neighbors-metrics,42,0.37456236268177945,0.5528157408519797,0.08441044346375384,0.37395577395577395,2.4326234312012662,36.0,,,
phase4__satellite__LOF__seed-3__task-002738__cfg-dc14e736,satellite,LOF,oracle-lof-neighbors-metrics,3,0.37456236268177945,0.5528157408519797,0.08441044346375384,0.37395577395577395,2.4326234312012662,36.0,,,
phase4__satellite__LOF__seed-2__task-002737__cfg-1a6ab4e9,satellite,LOF,oracle-lof-neighbors-metrics,2,0.37456236268177945,0.5528157408519797,0.08441044346375384,0.37395577395577395,2.4326234312012662,36.0,,,
phase4__satellite__LOF__seed-1__task-002736__cfg-767fba3f,satellite,LOF,oracle-lof-neighbors-metrics,1,0.37456236268177945,0.5528157408519797,0.08441044346375384,0.37395577395577395,2.4326234312012662,36.0,,,
phase4__satellite__LOF__seed-0__task-002735__cfg-21a1c179,satellite,LOF,oracle-lof-neighbors-metrics,0,0.37456236268177945,0.5528157408519797,0.08441044346375384,0.37395577395577395,2.4326234312012662,36.0,,,
phase4__satellite__LOF__seed-42__task-002734__cfg-83e6bcca,satellite,LOF,oracle-lof-neighbors-metrics,42,0.36607307931638633,0.5465632035500121,0.07506769025169378,0.3675675675675676,2.4326234312012662,36.0,,,
phase4__satellite__LOF__seed-3__task-002733__cfg-9ba2596a,satellite,LOF,oracle-lof-neighbors-metrics,3,0.36607307931638633,0.5465632035500121,0.07506769025169378,0.3675675675675676,2.4326234312012662,36.0,,,
phase4__satellite__LOF__seed-2__task-002732__cfg-94f7dcd0,satellite,LOF,oracle-lof-neighbors-metrics,2,0.36607307931638633,0.5465632035500121,0.07506769025169378,0.3675675675675676,2.4326234312012662,36.0,,,
phase4__satellite__LOF__seed-1__task-002731__cfg-9cfca6f4,satellite,LOF,oracle-lof-neighbors-metrics,1,0.36607307931638633,0.5465632035500121,0.07506769025169378,0.3675675675675676,2.4326234312012662,36.0,,,
phase4__satellite__LOF__seed-0__task-002730__cfg-a3b857ac,satellite,LOF,oracle-lof-neighbors-metrics,0,0.36607307931638633,0.5465632035500121,0.07506769025169378,0.3675675675675676,2.4326234312012662,36.0,,,
phase4__satellite__LOF__seed-42__task-002729__cfg-645403af,satellite,LOF,oracle-lof-neighbors-metrics,42,0.35108382436171864,0.5298808757661033,0.046320757291508974,0.34791154791154794,2.4326234312012662,36.0,,,
phase4__satellite__LOF__seed-3__task-002728__cfg-9a66f0c0,satellite,LOF,oracle-lof-neighbors-metrics,3,0.35108382436171864,0.5298808757661033,0.046320757291508974,0.34791154791154794,2.4326234312012662,36.0,,,
phase4__satellite__LOF__seed-2__task-002727__cfg-fb57b457,satellite,LOF,oracle-lof-neighbors-metrics,2,0.35108382436171864,0.5298808757661033,0.046320757291508974,0.34791154791154794,2.4326234312012662,36.0,,,
phase4__satellite__LOF__seed-1__task-002726__cfg-601fdc1a,satellite,LOF,oracle-lof-neighbors-metrics,1,0.35108382436171864,0.5298808757661033,0.046320757291508974,0.34791154791154794,2.4326234312012662,36.0,,,
phase4__satellite__LOF__seed-0__task-002725__cfg-db6508e9,satellite,LOF,oracle-lof-neighbors-metrics,0,0.35108382436171864,0.5298808757661033,0.046320757291508974,0.34791154791154794,2.4326234312012662,36.0,,,
phase4__satellite__LOF__seed-42__task-002724__cfg-2b212381,satellite,LOF,oracle-lof-neighbors-metrics,42,0.329882118813122,0.4998861144991427,0.016855151007319547,0.3277641277641278,2.4326234312012662,36.0,,,
phase4__satellite__LOF__seed-3__task-002723__cfg-9bf9625f,satellite,LOF,oracle-lof-neighbors-metrics,3,0.329882118813122,0.4998861144991427,0.016855151007319547,0.3277641277641278,2.4326234312012662,36.0,,,
phase4__satellite__LOF__seed-2__task-002722__cfg-95a2d9a8,satellite,LOF,oracle-lof-neighbors-metrics,2,0.329882118813122,0.4998861144991427,0.016855151007319547,0.3277641277641278,2.4326234312012662,36.0,,,
phase4__satellite__LOF__seed-1__task-002721__cfg-91bce0e1,satellite,LOF,oracle-lof-neighbors-metrics,1,0.329882118813122,0.4998861144991427,0.016855151007319547,0.3277641277641278,2.4326234312012662,36.0,,,
phase4__satellite__LOF__seed-0__task-002720__cfg-f42a4afc,satellite,LOF,oracle-lof-neighbors-metrics,0,0.329882118813122,0.4998861144991427,0.016855151007319547,0.3277641277641278,2.4326234312012662,36.0,,,
phase4__satellite__LOF__seed-42__task-002719__cfg-77d2e2ee,satellite,LOF,oracle-lof-neighbors-euclidean,42,0.40303009256685346,0.5721886694198672,0.15340308256819737,0.42113022113022114,2.4326234312012662,36.0,,,
phase4__satellite__LOF__seed-3__task-002718__cfg-137d0ae8,satellite,LOF,oracle-lof-neighbors-euclidean,3,0.40303009256685346,0.5721886694198672,0.15340308256819737,0.42113022113022114,2.4326234312012662,36.0,,,
phase4__satellite__LOF__seed-2__task-002717__cfg-dff930ef,satellite,LOF,oracle-lof-neighbors-euclidean,2,0.40303009256685346,0.5721886694198672,0.15340308256819737,0.42113022113022114,2.4326234312012662,36.0,,,
phase4__satellite__LOF__seed-1__task-002716__cfg-27098311,satellite,LOF,oracle-lof-neighbors-euclidean,1,0.40303009256685346,0.5721886694198672,0.15340308256819737,0.42113022113022114,2.4326234312012662,36.0,,,
phase4__satellite__LOF__seed-0__task-002715__cfg-10e88ac7,satellite,LOF,oracle-lof-neighbors-euclidean,0,0.40303009256685346,0.5721886694198672,0.15340308256819737,0.42113022113022114,2.4326234312012662,36.0,,,
phase4__satellite__LOF__seed-42__task-002714__cfg-a36998d2,satellite,LOF,oracle-lof-neighbors-euclidean,42,0.40073839684605683,0.570559660147801,0.14477900268014193,0.4152334152334152,2.4326234312012662,36.0,,,
phase4__satellite__LOF__seed-3__task-002713__cfg-47124cb8,satellite,LOF,oracle-lof-neighbors-euclidean,3,0.40073839684605683,0.570559660147801,0.14477900268014193,0.4152334152334152,2.4326234312012662,36.0,,,
phase4__satellite__LOF__seed-2__task-002712__cfg-86be77dc,satellite,LOF,oracle-lof-neighbors-euclidean,2,0.40073839684605683,0.570559660147801,0.14477900268014193,0.4152334152334152,2.4326234312012662,36.0,,,
phase4__satellite__LOF__seed-1__task-002711__cfg-893b735d,satellite,LOF,oracle-lof-neighbors-euclidean,1,0.40073839684605683,0.570559660147801,0.14477900268014193,0.4152334152334152,2.4326234312012662,36.0,,,
phase4__satellite__LOF__seed-0__task-002710__cfg-9fbc434b,satellite,LOF,oracle-lof-neighbors-euclidean,0,0.40073839684605683,0.570559660147801,0.14477900268014193,0.4152334152334152,2.4326234312012662,36.0,,,
phase4__satellite__LOF__seed-42__task-002709__cfg-f43017c5,satellite,LOF,oracle-lof-neighbors-euclidean,42,0.3985155122647238,0.569216592804848,0.12393747628400796,0.400982800982801,2.4326234312012662,36.0,,,
phase4__satellite__LOF__seed-3__task-002708__cfg-2d82753e,satellite,LOF,oracle-lof-neighbors-euclidean,3,0.3985155122647238,0.569216592804848,0.12393747628400796,0.400982800982801,2.4326234312012662,36.0,,,
phase4__satellite__LOF__seed-2__task-002707__cfg-e570aca5,satellite,LOF,oracle-lof-neighbors-euclidean,2,0.3985155122647238,0.569216592804848,0.12393747628400796,0.400982800982801,2.4326234312012662,36.0,,,
phase4__satellite__LOF__seed-1__task-002706__cfg-55cdbf9b,satellite,LOF,oracle-lof-neighbors-euclidean,1,0.3985155122647238,0.569216592804848,0.12393747628400796,0.400982800982801,2.4326234312012662,36.0,,,
phase4__satellite__LOF__seed-0__task-002705__cfg-a1839b5a,satellite,LOF,oracle-lof-neighbors-euclidean,0,0.3985155122647238,0.569216592804848,0.12393747628400796,0.400982800982801,2.4326234312012662,36.0,,,
phase4__satellite__LOF__seed-42__task-002704__cfg-54ce0325,satellite,LOF,oracle-lof-neighbors-euclidean,42,0.39064524829152014,0.5599301234295524,0.10309594988787397,0.38673218673218673,2.4326234312012662,36.0,,,
phase4__satellite__LOF__seed-3__task-002703__cfg-d3218500,satellite,LOF,oracle-lof-neighbors-euclidean,3,0.39064524829152014,0.5599301234295524,0.10309594988787397,0.38673218673218673,2.4326234312012662,36.0,,,
phase4__satellite__LOF__seed-2__task-002702__cfg-ab213200,satellite,LOF,oracle-lof-neighbors-euclidean,2,0.39064524829152014,0.5599301234295524,0.10309594988787397,0.38673218673218673,2.4326234312012662,36.0,,,
phase4__satellite__LOF__seed-1__task-002701__cfg-1857c478,satellite,LOF,oracle-lof-neighbors-euclidean,1,0.39064524829152014,0.5599301234295524,0.10309594988787397,0.38673218673218673,2.4326234312012662,36.0,,,
phase4__satellite__LOF__seed-0__task-002700__cfg-d7e50c4e,satellite,LOF,oracle-lof-neighbors-euclidean,0,0.39064524829152014,0.5599301234295524,0.10309594988787397,0.38673218673218673,2.4326234312012662,36.0,,,
phase4__satellite__LOF__seed-42__task-002699__cfg-886da7b7,satellite,LOF,oracle-lof-neighbors-euclidean,42,0.3803630644804611,0.5483677304763406,0.08225442349173999,0.3724815724815725,2.4326234312012662,36.0,,,
phase4__satellite__LOF__seed-3__task-002698__cfg-0dc2ea70,satellite,LOF,oracle-lof-neighbors-euclidean,3,0.3803630644804611,0.5483677304763406,0.08225442349173999,0.3724815724815725,2.4326234312012662,36.0,,,
phase4__satellite__LOF__seed-2__task-002697__cfg-41278410,satellite,LOF,oracle-lof-neighbors-euclidean,2,0.3803630644804611,0.5483677304763406,0.08225442349173999,0.3724815724815725,2.4326234312012662,36.0,,,
phase4__satellite__LOF__seed-1__task-002696__cfg-e0aed6af,satellite,LOF,oracle-lof-neighbors-euclidean,1,0.3803630644804611,0.5483677304763406,0.08225442349173999,0.3724815724815725,2.4326234312012662,36.0,,,
phase4__satellite__LOF__seed-0__task-002695__cfg-f0053fc1,satellite,LOF,oracle-lof-neighbors-euclidean,0,0.3803630644804611,0.5483677304763406,0.08225442349173999,0.3724815724815725,2.4326234312012662,36.0,,,
phase4__satellite__LOF__seed-42__task-002694__cfg-76c9e0b2,satellite,LOF,oracle-lof-neighbors-euclidean,42,0.3723235910765914,0.5422567684832819,0.07794238354771227,0.36953316953316956,2.4326234312012662,36.0,,,
phase4__satellite__LOF__seed-3__task-002693__cfg-cbc6f18c,satellite,LOF,oracle-lof-neighbors-euclidean,3,0.3723235910765914,0.5422567684832819,0.07794238354771227,0.36953316953316956,2.4326234312012662,36.0,,,
phase4__satellite__LOF__seed-2__task-002692__cfg-6f197361,satellite,LOF,oracle-lof-neighbors-euclidean,2,0.3723235910765914,0.5422567684832819,0.07794238354771227,0.36953316953316956,2.4326234312012662,36.0,,,
phase4__satellite__LOF__seed-1__task-002691__cfg-7a525571,satellite,LOF,oracle-lof-neighbors-euclidean,1,0.3723235910765914,0.5422567684832819,0.07794238354771227,0.36953316953316956,2.4326234312012662,36.0,,,
phase4__satellite__LOF__seed-0__task-002690__cfg-45568d1a,satellite,LOF,oracle-lof-neighbors-euclidean,0,0.3723235910765914,0.5422567684832819,0.07794238354771227,0.36953316953316956,2.4326234312012662,36.0,,,
phase4__satellite__LOF__seed-42__task-002689__cfg-dc0f57b9,satellite,LOF,oracle-lof-neighbors-euclidean,42,0.3561513892881583,0.5259144224151675,0.04416473731949511,0.3464373464373464,2.4326234312012662,36.0,,,
phase4__satellite__LOF__seed-3__task-002688__cfg-39c36655,satellite,LOF,oracle-lof-neighbors-euclidean,3,0.3561513892881583,0.5259144224151675,0.04416473731949511,0.3464373464373464,2.4326234312012662,36.0,,,
phase4__satellite__LOF__seed-2__task-002687__cfg-d15a5db5,satellite,LOF,oracle-lof-neighbors-euclidean,2,0.3561513892881583,0.5259144224151675,0.04416473731949511,0.3464373464373464,2.4326234312012662,36.0,,,
phase4__satellite__LOF__seed-1__task-002686__cfg-c5ee6352,satellite,LOF,oracle-lof-neighbors-euclidean,1,0.3561513892881583,0.5259144224151675,0.04416473731949511,0.3464373464373464,2.4326234312012662,36.0,,,
phase4__satellite__LOF__seed-0__task-002685__cfg-c504ab78,satellite,LOF,oracle-lof-neighbors-euclidean,0,0.3561513892881583,0.5259144224151675,0.04416473731949511,0.3464373464373464,2.4326234312012662,36.0,,,
phase4__satellite__LOF__seed-42__task-002684__cfg-6e3d473f,satellite,LOF,oracle-lof-neighbors-euclidean,42,0.3402369342144611,0.4954124798858108,0.005356377823245623,0.3199017199017199,2.4326234312012662,36.0,,,
phase4__satellite__LOF__seed-3__task-002683__cfg-b42eb543,satellite,LOF,oracle-lof-neighbors-euclidean,3,0.3402369342144611,0.4954124798858108,0.005356377823245623,0.3199017199017199,2.4326234312012662,36.0,,,
phase4__satellite__LOF__seed-2__task-002682__cfg-67acabab,satellite,LOF,oracle-lof-neighbors-euclidean,2,0.3402369342144611,0.4954124798858108,0.005356377823245623,0.3199017199017199,2.4326234312012662,36.0,,,
phase4__satellite__LOF__seed-1__task-002681__cfg-14c0b882,satellite,LOF,oracle-lof-neighbors-euclidean,1,0.3402369342144611,0.4954124798858108,0.005356377823245623,0.3199017199017199,2.4326234312012662,36.0,,,
phase4__satellite__LOF__seed-0__task-002680__cfg-81f2364a,satellite,LOF,oracle-lof-neighbors-euclidean,0,0.3402369342144611,0.4954124798858108,0.005356377823245623,0.3199017199017199,2.4326234312012662,36.0,,,
phase4__breastw__IForest__seed-42__task-002679__cfg-442d51d5,breastw,IForest,oracle-iforest-grid,42,0.968225547300253,0.9864487918881224,0.8810469331851783,0.9227557411273486,3.638782655539799,9.0,,,
phase4__breastw__IForest__seed-3__task-002678__cfg-f1024b7f,breastw,IForest,oracle-iforest-grid,3,0.9702271661481503,0.9870424818123563,0.8810469331851783,0.9227557411273486,3.638782655539799,9.0,,,
phase4__breastw__IForest__seed-2__task-002677__cfg-b06590ce,breastw,IForest,oracle-iforest-grid,2,0.9733269913114133,0.9883335218063252,0.9003374578114078,0.9352818371607515,3.638782655539799,9.0,,,
phase4__breastw__IForest__seed-1__task-002676__cfg-86ae91fb,breastw,IForest,oracle-iforest-grid,1,0.9698715883393991,0.9870424818123563,0.8810469331851783,0.9227557411273486,3.638782655539799,9.0,,,
phase4__breastw__IForest__seed-0__task-002675__cfg-d457e58b,breastw,IForest,oracle-iforest-grid,0,0.968885564097053,0.9869011270684911,0.8874771080605882,0.9269311064718163,3.638782655539799,9.0,,,
phase4__breastw__IForest__seed-42__task-002674__cfg-a36e7a18,breastw,IForest,oracle-iforest-grid,42,0.968225547300253,0.9864487918881224,0.8810469331851783,0.9227557411273486,3.638782655539799,9.0,,,
phase4__breastw__IForest__seed-3__task-002673__cfg-48664e23,breastw,IForest,oracle-iforest-grid,3,0.9702271661481503,0.9870424818123563,0.8810469331851783,0.9227557411273486,3.638782655539799,9.0,,,
phase4__breastw__IForest__seed-2__task-002672__cfg-aeef5a3e,breastw,IForest,oracle-iforest-grid,2,0.9733269913114133,0.9883335218063252,0.9003374578114078,0.9352818371607515,3.638782655539799,9.0,,,
phase4__breastw__IForest__seed-1__task-002671__cfg-ec43f4ab,breastw,IForest,oracle-iforest-grid,1,0.9698715883393991,0.9870424818123563,0.8810469331851783,0.9227557411273486,3.638782655539799,9.0,,,
phase4__breastw__IForest__seed-0__task-002670__cfg-cfea379d,breastw,IForest,oracle-iforest-grid,0,0.968885564097053,0.9869011270684911,0.8874771080605882,0.9269311064718163,3.638782655539799,9.0,,,
phase4__breastw__IForest__seed-42__task-002669__cfg-74232391,breastw,IForest,oracle-iforest-grid,42,0.9787907079282889,0.9900392023822987,0.893907282935998,0.9311064718162839,3.638782655539799,9.0,,,
phase4__breastw__IForest__seed-3__task-002668__cfg-ab635df9,breastw,IForest,oracle-iforest-grid,3,0.9779191646666989,0.9897564928945681,0.9003374578114078,0.9352818371607515,3.638782655539799,9.0,,,
phase4__breastw__IForest__seed-2__task-002667__cfg-14825077,breastw,IForest,oracle-iforest-grid,2,0.9812762321908044,0.9912077349315843,0.9131978075622275,0.9436325678496869,3.638782655539799,9.0,,,
phase4__breastw__IForest__seed-1__task-002666__cfg-a6c2f062,breastw,IForest,oracle-iforest-grid,1,0.9783923409353362,0.9901240152286177,0.9003374578114078,0.9352818371607515,3.638782655539799,9.0,,,
phase4__breastw__IForest__seed-0__task-002665__cfg-c399ead7,breastw,IForest,oracle-iforest-grid,0,0.9800405982070273,0.9907082815032606,0.9131978075622275,0.9436325678496869,3.638782655539799,9.0,,,
phase4__breastw__IForest__seed-42__task-002664__cfg-82f186d1,breastw,IForest,oracle-iforest-grid,42,0.9787907079282889,0.9900392023822987,0.893907282935998,0.9311064718162839,3.638782655539799,9.0,,,
phase4__breastw__IForest__seed-3__task-002663__cfg-64173b42,breastw,IForest,oracle-iforest-grid,3,0.9779191646666989,0.9897564928945681,0.9003374578114078,0.9352818371607515,3.638782655539799,9.0,,,
phase4__breastw__IForest__seed-2__task-002662__cfg-07708f45,breastw,IForest,oracle-iforest-grid,2,0.9812762321908044,0.9912077349315843,0.9131978075622275,0.9436325678496869,3.638782655539799,9.0,,,
phase4__breastw__IForest__seed-1__task-002661__cfg-e4c32403,breastw,IForest,oracle-iforest-grid,1,0.9783923409353362,0.9901240152286177,0.9003374578114078,0.9352818371607515,3.638782655539799,9.0,,,
phase4__breastw__IForest__seed-0__task-002660__cfg-bfa0b14a,breastw,IForest,oracle-iforest-grid,0,0.9800405982070273,0.9907082815032606,0.9131978075622275,0.9436325678496869,3.638782655539799,9.0,,,
phase4__breastw__IForest__seed-42__task-002659__cfg-59bd883f,breastw,IForest,oracle-iforest-grid,42,0.9712028968694718,0.987523087941498,0.8874771080605882,0.9269311064718163,3.638782655539799,9.0,,,
phase4__breastw__IForest__seed-3__task-002658__cfg-0994b1df,breastw,IForest,oracle-iforest-grid,3,0.9723385641101433,0.987626748086999,0.8810469331851783,0.9227557411273486,3.638782655539799,9.0,,,
phase4__breastw__IForest__seed-2__task-002657__cfg-df5307d5,breastw,IForest,oracle-iforest-grid,2,0.9766152254017749,0.9897659165441592,0.9003374578114078,0.9352818371607515,3.638782655539799,9.0,,,
phase4__breastw__IForest__seed-1__task-002656__cfg-94bed272,breastw,IForest,oracle-iforest-grid,1,0.9666513143626863,0.986213200648347,0.8746167583097686,0.918580375782881,3.638782655539799,9.0,,,
phase4__breastw__IForest__seed-0__task-002655__cfg-a48d190f,breastw,IForest,oracle-iforest-grid,0,0.9694667223386738,0.986769195974217,0.8810469331851783,0.9227557411273486,3.638782655539799,9.0,,,
phase4__breastw__IForest__seed-42__task-002654__cfg-3698a90f,breastw,IForest,oracle-iforest-grid,42,0.9712028968694718,0.987523087941498,0.8874771080605882,0.9269311064718163,3.638782655539799,9.0,,,
phase4__breastw__IForest__seed-3__task-002653__cfg-26356920,breastw,IForest,oracle-iforest-grid,3,0.9723385641101433,0.987626748086999,0.8810469331851783,0.9227557411273486,3.638782655539799,9.0,,,
phase4__breastw__IForest__seed-2__task-002652__cfg-bd4fcd0b,breastw,IForest,oracle-iforest-grid,2,0.9766152254017749,0.9897659165441592,0.9003374578114078,0.9352818371607515,3.638782655539799,9.0,,,
phase4__breastw__IForest__seed-1__task-002651__cfg-5c2a4411,breastw,IForest,oracle-iforest-grid,1,0.9666513143626863,0.986213200648347,0.8746167583097686,0.918580375782881,3.638782655539799,9.0,,,
phase4__breastw__IForest__seed-0__task-002650__cfg-c1f0cb5c,breastw,IForest,oracle-iforest-grid,0,0.9694667223386738,0.986769195974217,0.8810469331851783,0.9227557411273486,3.638782655539799,9.0,,,
phase4__breastw__IForest__seed-42__task-002649__cfg-9459ec24,breastw,IForest,oracle-iforest-grid,42,0.978233682501726,0.9897282219457952,0.9067676326868176,0.9394572025052192,3.638782655539799,9.0,,,
phase4__breastw__IForest__seed-3__task-002648__cfg-4114aabc,breastw,IForest,oracle-iforest-grid,3,0.9790204603979292,0.9900109314335256,0.8874771080605882,0.9269311064718163,3.638782655539799,9.0,,,
phase4__breastw__IForest__seed-2__task-002647__cfg-38815127,breastw,IForest,oracle-iforest-grid,2,0.9820898134341531,0.9915752572656339,0.9067676326868176,0.9394572025052192,3.638782655539799,9.0,,,
phase4__breastw__IForest__seed-1__task-002646__cfg-ed45916d,breastw,IForest,oracle-iforest-grid,1,0.9786563362194332,0.9902276753741188,0.9131978075622275,0.9436325678496869,3.638782655539799,9.0,,,
phase4__breastw__IForest__seed-0__task-002645__cfg-c3e1a6c7,breastw,IForest,oracle-iforest-grid,0,0.9775415537640302,0.9899261185872064,0.9003374578114078,0.9352818371607515,3.638782655539799,9.0,,,
phase4__breastw__IForest__seed-42__task-002644__cfg-97dbe295,breastw,IForest,oracle-iforest-grid,42,0.978233682501726,0.9897282219457952,0.9067676326868176,0.9394572025052192,3.638782655539799,9.0,,,
phase4__breastw__IForest__seed-3__task-002643__cfg-2b85365c,breastw,IForest,oracle-iforest-grid,3,0.9790204603979292,0.9900109314335256,0.8874771080605882,0.9269311064718163,3.638782655539799,9.0,,,
phase4__breastw__IForest__seed-2__task-002642__cfg-442ac649,breastw,IForest,oracle-iforest-grid,2,0.9820898134341531,0.9915752572656339,0.9067676326868176,0.9394572025052192,3.638782655539799,9.0,,,
phase4__breastw__IForest__seed-1__task-002641__cfg-aa2b399a,breastw,IForest,oracle-iforest-grid,1,0.9786563362194332,0.9902276753741188,0.9131978075622275,0.9436325678496869,3.638782655539799,9.0,,,
phase4__breastw__IForest__seed-0__task-002640__cfg-8532d62d,breastw,IForest,oracle-iforest-grid,0,0.9775415537640302,0.9899261185872064,0.9003374578114078,0.9352818371607515,3.638782655539799,9.0,,,
phase4__breastw__IForest__seed-42__task-002639__cfg-49c0170c,breastw,IForest,oracle-iforest-grid,42,0.9698857073366594,0.9870896000603113,0.8874771080605882,0.9269311064718163,3.638782655539799,9.0,,,
phase4__breastw__IForest__seed-3__task-002638__cfg-ea1acce8,breastw,IForest,oracle-iforest-grid,3,0.9787582723117265,0.9898224584417052,0.893907282935998,0.9311064718162839,3.638782655539799,9.0,,,
phase4__breastw__IForest__seed-2__task-002637__cfg-04ca5a2b,breastw,IForest,oracle-iforest-grid,2,0.9759946598304506,0.9892287685174714,0.9067676326868176,0.9394572025052192,3.638782655539799,9.0,,,
phase4__breastw__IForest__seed-1__task-002636__cfg-869ddacb,breastw,IForest,oracle-iforest-grid,1,0.9679459606459228,0.9859870330581627,0.8746167583097686,0.918580375782881,3.638782655539799,9.0,,,
phase4__breastw__IForest__seed-0__task-002635__cfg-78f4b625,breastw,IForest,oracle-iforest-grid,0,0.9710688701010071,0.9873063440009047,0.8746167583097686,0.918580375782881,3.638782655539799,9.0,,,
phase4__breastw__IForest__seed-42__task-002634__cfg-ec0aac8a,breastw,IForest,oracle-iforest-grid,42,0.9698857073366594,0.9870896000603113,0.8874771080605882,0.9269311064718163,3.638782655539799,9.0,,,
phase4__breastw__IForest__seed-3__task-002633__cfg-f0debbc5,breastw,IForest,oracle-iforest-grid,3,0.9787582723117265,0.9898224584417052,0.893907282935998,0.9311064718162839,3.638782655539799,9.0,,,
phase4__breastw__IForest__seed-2__task-002632__cfg-40505e7d,breastw,IForest,oracle-iforest-grid,2,0.9759946598304506,0.9892287685174714,0.9067676326868176,0.9394572025052192,3.638782655539799,9.0,,,
phase4__breastw__IForest__seed-1__task-002631__cfg-7efcc658,breastw,IForest,oracle-iforest-grid,1,0.9679459606459228,0.9859870330581627,0.8746167583097686,0.918580375782881,3.638782655539799,9.0,,,
phase4__breastw__IForest__seed-0__task-002630__cfg-75b6aa5a,breastw,IForest,oracle-iforest-grid,0,0.9710688701010071,0.9873063440009047,0.8746167583097686,0.918580375782881,3.638782655539799,9.0,,,
phase4__breastw__IForest__seed-42__task-002629__cfg-a9b1b63b,breastw,IForest,oracle-iforest-grid,42,0.9751710414196526,0.9883712164046892,0.9003374578114078,0.9352818371607515,3.638782655539799,9.0,,,
phase4__breastw__IForest__seed-3__task-002628__cfg-d6c42ce5,breastw,IForest,oracle-iforest-grid,3,0.9845361928736251,0.992329149232915,0.9067676326868176,0.9394572025052192,3.638782655539799,9.0,,,
phase4__breastw__IForest__seed-2__task-002627__cfg-075544f0,breastw,IForest,oracle-iforest-grid,2,0.9806016313166855,0.9908402125975349,0.9067676326868176,0.9394572025052192,3.638782655539799,9.0,,,
phase4__breastw__IForest__seed-1__task-002626__cfg-4f3619e8,breastw,IForest,oracle-iforest-grid,1,0.976649174910569,0.9895680199027479,0.9003374578114078,0.9352818371607515,3.638782655539799,9.0,,,
phase4__breastw__IForest__seed-0__task-002625__cfg-ad737715,breastw,IForest,oracle-iforest-grid,0,0.9792586648347212,0.990321911870029,0.9003374578114078,0.9352818371607515,3.638782655539799,9.0,,,
phase4__breastw__IForest__seed-42__task-002624__cfg-3f981988,breastw,IForest,oracle-iforest-grid,42,0.9751710414196526,0.9883712164046892,0.9003374578114078,0.9352818371607515,3.638782655539799,9.0,,,
phase4__breastw__IForest__seed-3__task-002623__cfg-fa50a159,breastw,IForest,oracle-iforest-grid,3,0.9845361928736251,0.992329149232915,0.9067676326868176,0.9394572025052192,3.638782655539799,9.0,,,
phase4__breastw__IForest__seed-2__task-002622__cfg-63d08bc2,breastw,IForest,oracle-iforest-grid,2,0.9806016313166855,0.9908402125975349,0.9067676326868176,0.9394572025052192,3.638782655539799,9.0,,,
phase4__breastw__IForest__seed-1__task-002621__cfg-9937be86,breastw,IForest,oracle-iforest-grid,1,0.976649174910569,0.9895680199027479,0.9003374578114078,0.9352818371607515,3.638782655539799,9.0,,,
phase4__breastw__IForest__seed-0__task-002620__cfg-fece140f,breastw,IForest,oracle-iforest-grid,0,0.9792586648347212,0.990321911870029,0.9003374578114078,0.9352818371607515,3.638782655539799,9.0,,,
phase4__breastw__IForest__seed-42__task-002619__cfg-10d0fcf2,breastw,IForest,oracle-iforest-grid,42,0.9684450210964083,0.9870519054619473,0.8874771080605882,0.9269311064718163,3.638782655539799,9.0,,,
phase4__breastw__IForest__seed-3__task-002618__cfg-169ec7c3,breastw,IForest,oracle-iforest-grid,3,0.9819495715898752,0.9911040747860831,0.8874771080605882,0.9269311064718163,3.638782655539799,9.0,,,
phase4__breastw__IForest__seed-2__task-002617__cfg-a46cfb8d,breastw,IForest,oracle-iforest-grid,2,0.9749747552534261,0.9890120245768781,0.9067676326868176,0.9394572025052192,3.638782655539799,9.0,,,
phase4__breastw__IForest__seed-1__task-002616__cfg-40d2b50a,breastw,IForest,oracle-iforest-grid,1,0.960801738397113,0.9836970862075465,0.8746167583097686,0.918580375782881,3.638782655539799,9.0,,,
phase4__breastw__IForest__seed-0__task-002615__cfg-2ad98ce5,breastw,IForest,oracle-iforest-grid,0,0.9723662591940911,0.9873911568472238,0.8681865834343587,0.9144050104384134,3.638782655539799,9.0,,,
phase4__breastw__IForest__seed-42__task-002614__cfg-29cd126a,breastw,IForest,oracle-iforest-grid,42,0.9684450210964083,0.9870519054619473,0.8874771080605882,0.9269311064718163,3.638782655539799,9.0,,,
phase4__breastw__IForest__seed-3__task-002613__cfg-1d1ff813,breastw,IForest,oracle-iforest-grid,3,0.9819495715898752,0.9911040747860831,0.8874771080605882,0.9269311064718163,3.638782655539799,9.0,,,
phase4__breastw__IForest__seed-2__task-002612__cfg-cf2fd5cf,breastw,IForest,oracle-iforest-grid,2,0.9749747552534261,0.9890120245768781,0.9067676326868176,0.9394572025052192,3.638782655539799,9.0,,,
phase4__breastw__IForest__seed-1__task-002611__cfg-e73d3d2d,breastw,IForest,oracle-iforest-grid,1,0.960801738397113,0.9836970862075465,0.8746167583097686,0.918580375782881,3.638782655539799,9.0,,,
phase4__breastw__IForest__seed-0__task-002610__cfg-1263829d,breastw,IForest,oracle-iforest-grid,0,0.9723662591940911,0.9873911568472238,0.8681865834343587,0.9144050104384134,3.638782655539799,9.0,,,
phase4__breastw__IForest__seed-42__task-002609__cfg-e2f8b8ad,breastw,IForest,oracle-iforest-grid,42,0.9627837943004914,0.9857420181687965,0.8746167583097686,0.918580375782881,3.638782655539799,9.0,,,
phase4__breastw__IForest__seed-3__task-002608__cfg-2e26b13f,breastw,IForest,oracle-iforest-grid,3,0.9834211075423362,0.9920370160955936,0.9131978075622275,0.9436325678496869,3.638782655539799,9.0,,,
phase4__breastw__IForest__seed-2__task-002607__cfg-f05962f0,breastw,IForest,oracle-iforest-grid,2,0.9808217760910972,0.9907271288024427,0.893907282935998,0.9311064718162839,3.638782655539799,9.0,,,
phase4__breastw__IForest__seed-1__task-002606__cfg-42be4610,breastw,IForest,oracle-iforest-grid,1,0.9714284526948469,0.9879000339251385,0.893907282935998,0.9311064718162839,3.638782655539799,9.0,,,
phase4__breastw__IForest__seed-0__task-002605__cfg-d874609b,breastw,IForest,oracle-iforest-grid,0,0.980308916981502,0.9906046213577595,0.9003374578114078,0.9352818371607515,3.638782655539799,9.0,,,
phase4__breastw__IForest__seed-42__task-002604__cfg-d23f5387,breastw,IForest,oracle-iforest-grid,42,0.9627837943004914,0.9857420181687965,0.8746167583097686,0.918580375782881,3.638782655539799,9.0,,,
phase4__breastw__IForest__seed-3__task-002603__cfg-967d1f41,breastw,IForest,oracle-iforest-grid,3,0.9834211075423362,0.9920370160955936,0.9131978075622275,0.9436325678496869,3.638782655539799,9.0,,,
phase4__breastw__IForest__seed-2__task-002602__cfg-8b376e8d,breastw,IForest,oracle-iforest-grid,2,0.9808217760910972,0.9907271288024427,0.893907282935998,0.9311064718162839,3.638782655539799,9.0,,,
phase4__breastw__IForest__seed-1__task-002601__cfg-599ccf10,breastw,IForest,oracle-iforest-grid,1,0.9714284526948469,0.9879000339251385,0.893907282935998,0.9311064718162839,3.638782655539799,9.0,,,
phase4__breastw__IForest__seed-0__task-002600__cfg-e3958a5e,breastw,IForest,oracle-iforest-grid,0,0.980308916981502,0.9906046213577595,0.9003374578114078,0.9352818371607515,3.638782655539799,9.0,,,
phase4__ionosphere__OCSVM__seed-42__task-002599__cfg-1237e4f9,ionosphere,OCSVM,oracle-ocsvm-rbf,42,0.36191057324930875,0.5022398589065256,-0.069087042518826,0.31620553359683795,2.3145271663195177,32.0,,,
phase4__ionosphere__OCSVM__seed-3__task-002598__cfg-896fecd1,ionosphere,OCSVM,oracle-ocsvm-rbf,3,0.36191057324930875,0.5022398589065256,-0.069087042518826,0.31620553359683795,2.3145271663195177,32.0,,,
phase4__ionosphere__OCSVM__seed-2__task-002597__cfg-6f435b2e,ionosphere,OCSVM,oracle-ocsvm-rbf,2,0.36191057324930875,0.5022398589065256,-0.069087042518826,0.31620553359683795,2.3145271663195177,32.0,,,
phase4__ionosphere__OCSVM__seed-1__task-002596__cfg-70f2cad2,ionosphere,OCSVM,oracle-ocsvm-rbf,1,0.36191057324930875,0.5022398589065256,-0.069087042518826,0.31620553359683795,2.3145271663195177,32.0,,,
phase4__ionosphere__OCSVM__seed-0__task-002595__cfg-05c3943b,ionosphere,OCSVM,oracle-ocsvm-rbf,0,0.36191057324930875,0.5022398589065256,-0.069087042518826,0.31620553359683795,2.3145271663195177,32.0,,,
phase4__ionosphere__OCSVM__seed-42__task-002594__cfg-c65fd1f8,ionosphere,OCSVM,oracle-ocsvm-rbf,42,0.38416126518499777,0.5601410934744269,0.029789825673255246,0.3794466403162055,2.3145271663195177,32.0,,,
phase4__ionosphere__OCSVM__seed-3__task-002593__cfg-20417a74,ionosphere,OCSVM,oracle-ocsvm-rbf,3,0.38416126518499777,0.5601410934744269,0.029789825673255246,0.3794466403162055,2.3145271663195177,32.0,,,
phase4__ionosphere__OCSVM__seed-2__task-002592__cfg-3e385a56,ionosphere,OCSVM,oracle-ocsvm-rbf,2,0.38416126518499777,0.5601410934744269,0.029789825673255246,0.3794466403162055,2.3145271663195177,32.0,,,
phase4__ionosphere__OCSVM__seed-1__task-002591__cfg-93e479f8,ionosphere,OCSVM,oracle-ocsvm-rbf,1,0.38416126518499777,0.5601410934744269,0.029789825673255246,0.3794466403162055,2.3145271663195177,32.0,,,
phase4__ionosphere__OCSVM__seed-0__task-002590__cfg-acb2b195,ionosphere,OCSVM,oracle-ocsvm-rbf,0,0.38416126518499777,0.5601410934744269,0.029789825673255246,0.3794466403162055,2.3145271663195177,32.0,,,
phase4__ionosphere__OCSVM__seed-42__task-002589__cfg-ca95e548,ionosphere,OCSVM,oracle-ocsvm-rbf,42,0.9028702501593155,0.9062786596119929,0.721927903017824,0.8221343873517787,2.3145271663195177,32.0,,,
phase4__ionosphere__OCSVM__seed-3__task-002588__cfg-efda08e5,ionosphere,OCSVM,oracle-ocsvm-rbf,3,0.9028702501593155,0.9062786596119929,0.721927903017824,0.8221343873517787,2.3145271663195177,32.0,,,
phase4__ionosphere__OCSVM__seed-2__task-002587__cfg-39d4a42b,ionosphere,OCSVM,oracle-ocsvm-rbf,2,0.9028702501593155,0.9062786596119929,0.721927903017824,0.8221343873517787,2.3145271663195177,32.0,,,
phase4__ionosphere__OCSVM__seed-1__task-002586__cfg-a409d0bd,ionosphere,OCSVM,oracle-ocsvm-rbf,1,0.9028702501593155,0.9062786596119929,0.721927903017824,0.8221343873517787,2.3145271663195177,32.0,,,
phase4__ionosphere__OCSVM__seed-0__task-002585__cfg-68b6bc86,ionosphere,OCSVM,oracle-ocsvm-rbf,0,0.9028702501593155,0.9062786596119929,0.721927903017824,0.8221343873517787,2.3145271663195177,32.0,,,
phase4__ionosphere__OCSVM__seed-42__task-002584__cfg-ab2cef3e,ionosphere,OCSVM,oracle-ocsvm-rbf,42,0.7656285469430265,0.7843738977072311,0.4252972984415802,0.6324110671936759,2.3145271663195177,32.0,,,
phase4__ionosphere__OCSVM__seed-3__task-002583__cfg-7f5a946c,ionosphere,OCSVM,oracle-ocsvm-rbf,3,0.7656285469430265,0.7843738977072311,0.4252972984415802,0.6324110671936759,2.3145271663195177,32.0,,,
phase4__ionosphere__OCSVM__seed-2__task-002582__cfg-7cd53838,ionosphere,OCSVM,oracle-ocsvm-rbf,2,0.7656285469430265,0.7843738977072311,0.4252972984415802,0.6324110671936759,2.3145271663195177,32.0,,,
phase4__ionosphere__OCSVM__seed-1__task-002581__cfg-a249ea2c,ionosphere,OCSVM,oracle-ocsvm-rbf,1,0.7656285469430265,0.7843738977072311,0.4252972984415802,0.6324110671936759,2.3145271663195177,32.0,,,
phase4__ionosphere__OCSVM__seed-0__task-002580__cfg-6054b59c,ionosphere,OCSVM,oracle-ocsvm-rbf,0,0.7656285469430265,0.7843738977072311,0.4252972984415802,0.6324110671936759,2.3145271663195177,32.0,,,
phase4__ionosphere__OCSVM__seed-42__task-002579__cfg-1e159154,ionosphere,OCSVM,oracle-ocsvm-rbf,42,0.7446257835460599,0.7679717813051146,0.38821847286954975,0.6086956521739131,2.3145271663195177,32.0,,,
phase4__ionosphere__OCSVM__seed-3__task-002578__cfg-21ab02f0,ionosphere,OCSVM,oracle-ocsvm-rbf,3,0.7446257835460599,0.7679717813051146,0.38821847286954975,0.6086956521739131,2.3145271663195177,32.0,,,
phase4__ionosphere__OCSVM__seed-2__task-002577__cfg-126ebffa,ionosphere,OCSVM,oracle-ocsvm-rbf,2,0.7446257835460599,0.7679717813051146,0.38821847286954975,0.6086956521739131,2.3145271663195177,32.0,,,
phase4__ionosphere__OCSVM__seed-1__task-002576__cfg-f7f45c42,ionosphere,OCSVM,oracle-ocsvm-rbf,1,0.7446257835460599,0.7679717813051146,0.38821847286954975,0.6086956521739131,2.3145271663195177,32.0,,,
phase4__ionosphere__OCSVM__seed-0__task-002575__cfg-81d97b6a,ionosphere,OCSVM,oracle-ocsvm-rbf,0,0.7446257835460599,0.7679717813051146,0.38821847286954975,0.6086956521739131,2.3145271663195177,32.0,,,
phase4__ionosphere__OCSVM__seed-42__task-002574__cfg-becf04df,ionosphere,OCSVM,oracle-ocsvm-rbf,42,0.8249119465816109,0.8350617283950617,0.5736126007297021,0.7272727272727273,2.3145271663195177,32.0,,,
phase4__ionosphere__OCSVM__seed-3__task-002573__cfg-c80de8e8,ionosphere,OCSVM,oracle-ocsvm-rbf,3,0.8249119465816109,0.8350617283950617,0.5736126007297021,0.7272727272727273,2.3145271663195177,32.0,,,
phase4__ionosphere__OCSVM__seed-2__task-002572__cfg-35b2eed4,ionosphere,OCSVM,oracle-ocsvm-rbf,2,0.8249119465816109,0.8350617283950617,0.5736126007297021,0.7272727272727273,2.3145271663195177,32.0,,,
phase4__ionosphere__OCSVM__seed-1__task-002571__cfg-440476a4,ionosphere,OCSVM,oracle-ocsvm-rbf,1,0.8249119465816109,0.8350617283950617,0.5736126007297021,0.7272727272727273,2.3145271663195177,32.0,,,
phase4__ionosphere__OCSVM__seed-0__task-002570__cfg-8b9adc2d,ionosphere,OCSVM,oracle-ocsvm-rbf,0,0.8249119465816109,0.8350617283950617,0.5736126007297021,0.7272727272727273,2.3145271663195177,32.0,,,
phase4__ionosphere__OCSVM__seed-42__task-002569__cfg-589e6a9d,ionosphere,OCSVM,oracle-ocsvm-rbf,42,0.8272616951082655,0.8369664902998237,0.5736126007297021,0.7272727272727273,2.3145271663195177,32.0,,,
phase4__ionosphere__OCSVM__seed-3__task-002568__cfg-245afe08,ionosphere,OCSVM,oracle-ocsvm-rbf,3,0.8272616951082655,0.8369664902998237,0.5736126007297021,0.7272727272727273,2.3145271663195177,32.0,,,
phase4__ionosphere__OCSVM__seed-2__task-002567__cfg-e32453c5,ionosphere,OCSVM,oracle-ocsvm-rbf,2,0.8272616951082655,0.8369664902998237,0.5736126007297021,0.7272727272727273,2.3145271663195177,32.0,,,
phase4__ionosphere__OCSVM__seed-1__task-002566__cfg-9c381884,ionosphere,OCSVM,oracle-ocsvm-rbf,1,0.8272616951082655,0.8369664902998237,0.5736126007297021,0.7272727272727273,2.3145271663195177,32.0,,,
phase4__ionosphere__OCSVM__seed-0__task-002565__cfg-43904b4d,ionosphere,OCSVM,oracle-ocsvm-rbf,0,0.8272616951082655,0.8369664902998237,0.5736126007297021,0.7272727272727273,2.3145271663195177,32.0,,,
phase4__ionosphere__OCSVM__seed-42__task-002564__cfg-9d57777a,ionosphere,OCSVM,oracle-ocsvm-rbf,42,0.33467960758730875,0.4528747795414462,-0.044367825470805686,0.33201581027667987,2.3145271663195177,32.0,,,
phase4__ionosphere__OCSVM__seed-3__task-002563__cfg-e40e26ae,ionosphere,OCSVM,oracle-ocsvm-rbf,3,0.33467960758730875,0.4528747795414462,-0.044367825470805686,0.33201581027667987,2.3145271663195177,32.0,,,
phase4__ionosphere__OCSVM__seed-2__task-002562__cfg-71c8753e,ionosphere,OCSVM,oracle-ocsvm-rbf,2,0.33467960758730875,0.4528747795414462,-0.044367825470805686,0.33201581027667987,2.3145271663195177,32.0,,,
phase4__ionosphere__OCSVM__seed-1__task-002561__cfg-d0f56903,ionosphere,OCSVM,oracle-ocsvm-rbf,1,0.33467960758730875,0.4528747795414462,-0.044367825470805686,0.33201581027667987,2.3145271663195177,32.0,,,
phase4__ionosphere__OCSVM__seed-0__task-002560__cfg-949a8d5e,ionosphere,OCSVM,oracle-ocsvm-rbf,0,0.33467960758730875,0.4528747795414462,-0.044367825470805686,0.33201581027667987,2.3145271663195177,32.0,,,
phase4__ionosphere__OCSVM__seed-42__task-002559__cfg-75bd222f,ionosphere,OCSVM,oracle-ocsvm-rbf,42,0.5319883857055298,0.6641975308641975,0.22754356205741774,0.5059288537549407,2.3145271663195177,32.0,,,
phase4__ionosphere__OCSVM__seed-3__task-002558__cfg-b7e44e1b,ionosphere,OCSVM,oracle-ocsvm-rbf,3,0.5319883857055298,0.6641975308641975,0.22754356205741774,0.5059288537549407,2.3145271663195177,32.0,,,
phase4__ionosphere__OCSVM__seed-2__task-002557__cfg-991a2c30,ionosphere,OCSVM,oracle-ocsvm-rbf,2,0.5319883857055298,0.6641975308641975,0.22754356205741774,0.5059288537549407,2.3145271663195177,32.0,,,
phase4__ionosphere__OCSVM__seed-1__task-002556__cfg-8b332d4c,ionosphere,OCSVM,oracle-ocsvm-rbf,1,0.5319883857055298,0.6641975308641975,0.22754356205741774,0.5059288537549407,2.3145271663195177,32.0,,,
phase4__ionosphere__OCSVM__seed-0__task-002555__cfg-2d30546e,ionosphere,OCSVM,oracle-ocsvm-rbf,0,0.5319883857055298,0.6641975308641975,0.22754356205741774,0.5059288537549407,2.3145271663195177,32.0,,,
phase4__ionosphere__OCSVM__seed-42__task-002554__cfg-464e213b,ionosphere,OCSVM,oracle-ocsvm-rbf,42,0.8569096274777339,0.8602116402116402,0.5983318177777224,0.7430830039525692,2.3145271663195177,32.0,,,
phase4__ionosphere__OCSVM__seed-3__task-002553__cfg-16ad8a54,ionosphere,OCSVM,oracle-ocsvm-rbf,3,0.8569096274777339,0.8602116402116402,0.5983318177777224,0.7430830039525692,2.3145271663195177,32.0,,,
phase4__ionosphere__OCSVM__seed-2__task-002552__cfg-ed890b23,ionosphere,OCSVM,oracle-ocsvm-rbf,2,0.8569096274777339,0.8602116402116402,0.5983318177777224,0.7430830039525692,2.3145271663195177,32.0,,,
phase4__ionosphere__OCSVM__seed-1__task-002551__cfg-9586c4e4,ionosphere,OCSVM,oracle-ocsvm-rbf,1,0.8569096274777339,0.8602116402116402,0.5983318177777224,0.7430830039525692,2.3145271663195177,32.0,,,
phase4__ionosphere__OCSVM__seed-0__task-002550__cfg-ef80f6c7,ionosphere,OCSVM,oracle-ocsvm-rbf,0,0.8569096274777339,0.8602116402116402,0.5983318177777224,0.7430830039525692,2.3145271663195177,32.0,,,
phase4__ionosphere__OCSVM__seed-42__task-002549__cfg-c2049d64,ionosphere,OCSVM,oracle-ocsvm-rbf,42,0.7582735620326275,0.7744973544973546,0.4252972984415802,0.6324110671936759,2.3145271663195177,32.0,,,
phase4__ionosphere__OCSVM__seed-3__task-002548__cfg-82c9efc0,ionosphere,OCSVM,oracle-ocsvm-rbf,3,0.7582735620326275,0.7744973544973546,0.4252972984415802,0.6324110671936759,2.3145271663195177,32.0,,,
phase4__ionosphere__OCSVM__seed-2__task-002547__cfg-416c7e15,ionosphere,OCSVM,oracle-ocsvm-rbf,2,0.7582735620326275,0.7744973544973546,0.4252972984415802,0.6324110671936759,2.3145271663195177,32.0,,,
phase4__ionosphere__OCSVM__seed-1__task-002546__cfg-f11d0964,ionosphere,OCSVM,oracle-ocsvm-rbf,1,0.7582735620326275,0.7744973544973546,0.4252972984415802,0.6324110671936759,2.3145271663195177,32.0,,,
phase4__ionosphere__OCSVM__seed-0__task-002545__cfg-d1b6d59e,ionosphere,OCSVM,oracle-ocsvm-rbf,0,0.7582735620326275,0.7744973544973546,0.4252972984415802,0.6324110671936759,2.3145271663195177,32.0,,,
phase4__ionosphere__OCSVM__seed-42__task-002544__cfg-65909952,ionosphere,OCSVM,oracle-ocsvm-rbf,42,0.7388181608532927,0.7619047619047619,0.38821847286954975,0.6086956521739131,2.3145271663195177,32.0,,,
phase4__ionosphere__OCSVM__seed-3__task-002543__cfg-575bce70,ionosphere,OCSVM,oracle-ocsvm-rbf,3,0.7388181608532927,0.7619047619047619,0.38821847286954975,0.6086956521739131,2.3145271663195177,32.0,,,
phase4__ionosphere__OCSVM__seed-2__task-002542__cfg-6b743914,ionosphere,OCSVM,oracle-ocsvm-rbf,2,0.7388181608532927,0.7619047619047619,0.38821847286954975,0.6086956521739131,2.3145271663195177,32.0,,,
phase4__ionosphere__OCSVM__seed-1__task-002541__cfg-eb23572b,ionosphere,OCSVM,oracle-ocsvm-rbf,1,0.7388181608532927,0.7619047619047619,0.38821847286954975,0.6086956521739131,2.3145271663195177,32.0,,,
phase4__ionosphere__OCSVM__seed-0__task-002540__cfg-a9ec0f8a,ionosphere,OCSVM,oracle-ocsvm-rbf,0,0.7388181608532927,0.7619047619047619,0.38821847286954975,0.6086956521739131,2.3145271663195177,32.0,,,
phase4__ionosphere__OCSVM__seed-42__task-002539__cfg-7c48bbe7,ionosphere,OCSVM,oracle-ocsvm-rbf,42,0.8073882760776291,0.8076543209876544,0.5241741666336615,0.6956521739130435,2.3145271663195177,32.0,,,
phase4__ionosphere__OCSVM__seed-3__task-002538__cfg-a72550ad,ionosphere,OCSVM,oracle-ocsvm-rbf,3,0.8073882760776291,0.8076543209876544,0.5241741666336615,0.6956521739130435,2.3145271663195177,32.0,,,
phase4__ionosphere__OCSVM__seed-2__task-002537__cfg-93ca2e00,ionosphere,OCSVM,oracle-ocsvm-rbf,2,0.8073882760776291,0.8076543209876544,0.5241741666336615,0.6956521739130435,2.3145271663195177,32.0,,,
phase4__ionosphere__OCSVM__seed-1__task-002536__cfg-144f2522,ionosphere,OCSVM,oracle-ocsvm-rbf,1,0.8073882760776291,0.8076543209876544,0.5241741666336615,0.6956521739130435,2.3145271663195177,32.0,,,
phase4__ionosphere__OCSVM__seed-0__task-002535__cfg-3cc0d301,ionosphere,OCSVM,oracle-ocsvm-rbf,0,0.8073882760776291,0.8076543209876544,0.5241741666336615,0.6956521739130435,2.3145271663195177,32.0,,,
phase4__ionosphere__OCSVM__seed-42__task-002534__cfg-145e25d3,ionosphere,OCSVM,oracle-ocsvm-rbf,42,0.8094525387041651,0.8097001763668432,0.5241741666336615,0.6956521739130435,2.3145271663195177,32.0,,,
phase4__ionosphere__OCSVM__seed-3__task-002533__cfg-6d45d91f,ionosphere,OCSVM,oracle-ocsvm-rbf,3,0.8094525387041651,0.8097001763668432,0.5241741666336615,0.6956521739130435,2.3145271663195177,32.0,,,
phase4__ionosphere__OCSVM__seed-2__task-002532__cfg-9da05ae8,ionosphere,OCSVM,oracle-ocsvm-rbf,2,0.8094525387041651,0.8097001763668432,0.5241741666336615,0.6956521739130435,2.3145271663195177,32.0,,,
phase4__ionosphere__OCSVM__seed-1__task-002531__cfg-f2dde9fa,ionosphere,OCSVM,oracle-ocsvm-rbf,1,0.8094525387041651,0.8097001763668432,0.5241741666336615,0.6956521739130435,2.3145271663195177,32.0,,,
phase4__ionosphere__OCSVM__seed-0__task-002530__cfg-4ca4b184,ionosphere,OCSVM,oracle-ocsvm-rbf,0,0.8094525387041651,0.8097001763668432,0.5241741666336615,0.6956521739130435,2.3145271663195177,32.0,,,
phase4__ionosphere__OCSVM__seed-42__task-002529__cfg-8416c4bf,ionosphere,OCSVM,oracle-ocsvm-rbf,42,0.427581657669297,0.5725396825396826,0.07922825976929587,0.41106719367588934,2.3145271663195177,32.0,,,
phase4__ionosphere__OCSVM__seed-3__task-002528__cfg-db46af00,ionosphere,OCSVM,oracle-ocsvm-rbf,3,0.427581657669297,0.5725396825396826,0.07922825976929587,0.41106719367588934,2.3145271663195177,32.0,,,
phase4__ionosphere__OCSVM__seed-2__task-002527__cfg-8f87bd4a,ionosphere,OCSVM,oracle-ocsvm-rbf,2,0.427581657669297,0.5725396825396826,0.07922825976929587,0.41106719367588934,2.3145271663195177,32.0,,,
phase4__ionosphere__OCSVM__seed-1__task-002526__cfg-1d66d263,ionosphere,OCSVM,oracle-ocsvm-rbf,1,0.427581657669297,0.5725396825396826,0.07922825976929587,0.41106719367588934,2.3145271663195177,32.0,,,
phase4__ionosphere__OCSVM__seed-0__task-002525__cfg-19f0e651,ionosphere,OCSVM,oracle-ocsvm-rbf,0,0.427581657669297,0.5725396825396826,0.07922825976929587,0.41106719367588934,2.3145271663195177,32.0,,,
phase4__ionosphere__OCSVM__seed-42__task-002524__cfg-dc25d905,ionosphere,OCSVM,oracle-ocsvm-rbf,42,0.4726751801468583,0.6866666666666665,0.22754356205741774,0.5059288537549407,2.3145271663195177,32.0,,,
phase4__ionosphere__OCSVM__seed-3__task-002523__cfg-1992a098,ionosphere,OCSVM,oracle-ocsvm-rbf,3,0.4726751801468583,0.6866666666666665,0.22754356205741774,0.5059288537549407,2.3145271663195177,32.0,,,
phase4__ionosphere__OCSVM__seed-2__task-002522__cfg-f467bc46,ionosphere,OCSVM,oracle-ocsvm-rbf,2,0.4726751801468583,0.6866666666666665,0.22754356205741774,0.5059288537549407,2.3145271663195177,32.0,,,
phase4__ionosphere__OCSVM__seed-1__task-002521__cfg-5a429682,ionosphere,OCSVM,oracle-ocsvm-rbf,1,0.4726751801468583,0.6866666666666665,0.22754356205741774,0.5059288537549407,2.3145271663195177,32.0,,,
phase4__ionosphere__OCSVM__seed-0__task-002520__cfg-7485bfad,ionosphere,OCSVM,oracle-ocsvm-rbf,0,0.4726751801468583,0.6866666666666665,0.22754356205741774,0.5059288537549407,2.3145271663195177,32.0,,,
phase4__ionosphere__OCSVM__seed-42__task-002519__cfg-61fc9334,ionosphere,OCSVM,oracle-ocsvm-rbf,42,0.6751924692021343,0.8047971781305114,0.5612529922056919,0.7193675889328063,2.3145271663195177,32.0,,,
phase4__ionosphere__OCSVM__seed-3__task-002518__cfg-823377b9,ionosphere,OCSVM,oracle-ocsvm-rbf,3,0.6751924692021343,0.8047971781305114,0.5612529922056919,0.7193675889328063,2.3145271663195177,32.0,,,
phase4__ionosphere__OCSVM__seed-2__task-002517__cfg-0a39a9cd,ionosphere,OCSVM,oracle-ocsvm-rbf,2,0.6751924692021343,0.8047971781305114,0.5612529922056919,0.7193675889328063,2.3145271663195177,32.0,,,
phase4__ionosphere__OCSVM__seed-1__task-002516__cfg-25315f38,ionosphere,OCSVM,oracle-ocsvm-rbf,1,0.6751924692021343,0.8047971781305114,0.5612529922056919,0.7193675889328063,2.3145271663195177,32.0,,,
phase4__ionosphere__OCSVM__seed-0__task-002515__cfg-b89d912f,ionosphere,OCSVM,oracle-ocsvm-rbf,0,0.6751924692021343,0.8047971781305114,0.5612529922056919,0.7193675889328063,2.3145271663195177,32.0,,,
phase4__ionosphere__OCSVM__seed-42__task-002514__cfg-c1c5e22a,ionosphere,OCSVM,oracle-ocsvm-rbf,42,0.7288139542447839,0.7499823633156966,0.3758588643455396,0.6007905138339921,2.3145271663195177,32.0,,,
phase4__ionosphere__OCSVM__seed-3__task-002513__cfg-e27d2f00,ionosphere,OCSVM,oracle-ocsvm-rbf,3,0.7288139542447839,0.7499823633156966,0.3758588643455396,0.6007905138339921,2.3145271663195177,32.0,,,
phase4__ionosphere__OCSVM__seed-2__task-002512__cfg-a55603c5,ionosphere,OCSVM,oracle-ocsvm-rbf,2,0.7288139542447839,0.7499823633156966,0.3758588643455396,0.6007905138339921,2.3145271663195177,32.0,,,
phase4__ionosphere__OCSVM__seed-1__task-002511__cfg-af31e1ac,ionosphere,OCSVM,oracle-ocsvm-rbf,1,0.7288139542447839,0.7499823633156966,0.3758588643455396,0.6007905138339921,2.3145271663195177,32.0,,,
phase4__ionosphere__OCSVM__seed-0__task-002510__cfg-d66703bd,ionosphere,OCSVM,oracle-ocsvm-rbf,0,0.7288139542447839,0.7499823633156966,0.3758588643455396,0.6007905138339921,2.3145271663195177,32.0,,,
phase4__ionosphere__OCSVM__seed-42__task-002509__cfg-286b338d,ionosphere,OCSVM,oracle-ocsvm-rbf,42,0.715771524407609,0.7461375661375661,0.33878003877350915,0.5770750988142292,2.3145271663195177,32.0,,,
phase4__ionosphere__OCSVM__seed-3__task-002508__cfg-3eff1372,ionosphere,OCSVM,oracle-ocsvm-rbf,3,0.715771524407609,0.7461375661375661,0.33878003877350915,0.5770750988142292,2.3145271663195177,32.0,,,
phase4__ionosphere__OCSVM__seed-2__task-002507__cfg-0dc0d93c,ionosphere,OCSVM,oracle-ocsvm-rbf,2,0.715771524407609,0.7461375661375661,0.33878003877350915,0.5770750988142292,2.3145271663195177,32.0,,,
phase4__ionosphere__OCSVM__seed-1__task-002506__cfg-9e71f370,ionosphere,OCSVM,oracle-ocsvm-rbf,1,0.715771524407609,0.7461375661375661,0.33878003877350915,0.5770750988142292,2.3145271663195177,32.0,,,
phase4__ionosphere__OCSVM__seed-0__task-002505__cfg-c3577389,ionosphere,OCSVM,oracle-ocsvm-rbf,0,0.715771524407609,0.7461375661375661,0.33878003877350915,0.5770750988142292,2.3145271663195177,32.0,,,
phase4__ionosphere__OCSVM__seed-42__task-002504__cfg-1f49473d,ionosphere,OCSVM,oracle-ocsvm-rbf,42,0.7577163454336266,0.762962962962963,0.4376569069655904,0.6403162055335968,2.3145271663195177,32.0,,,
phase4__ionosphere__OCSVM__seed-3__task-002503__cfg-8af201c6,ionosphere,OCSVM,oracle-ocsvm-rbf,3,0.7577163454336266,0.762962962962963,0.4376569069655904,0.6403162055335968,2.3145271663195177,32.0,,,
phase4__ionosphere__OCSVM__seed-2__task-002502__cfg-f9eb6597,ionosphere,OCSVM,oracle-ocsvm-rbf,2,0.7577163454336266,0.762962962962963,0.4376569069655904,0.6403162055335968,2.3145271663195177,32.0,,,
phase4__ionosphere__OCSVM__seed-1__task-002501__cfg-fd92abf2,ionosphere,OCSVM,oracle-ocsvm-rbf,1,0.7577163454336266,0.762962962962963,0.4376569069655904,0.6403162055335968,2.3145271663195177,32.0,,,
phase4__ionosphere__OCSVM__seed-0__task-002500__cfg-e3736610,ionosphere,OCSVM,oracle-ocsvm-rbf,0,0.7577163454336266,0.762962962962963,0.4376569069655904,0.6403162055335968,2.3145271663195177,32.0,,,
phase4__ionosphere__OCSVM__seed-42__task-002499__cfg-fc9ceba7,ionosphere,OCSVM,oracle-ocsvm-rbf,42,0.7593619781795244,0.7643738977072311,0.45001651548960053,0.6482213438735178,2.3145271663195177,32.0,,,
phase4__ionosphere__OCSVM__seed-3__task-002498__cfg-ebc185ce,ionosphere,OCSVM,oracle-ocsvm-rbf,3,0.7593619781795244,0.7643738977072311,0.45001651548960053,0.6482213438735178,2.3145271663195177,32.0,,,
phase4__ionosphere__OCSVM__seed-2__task-002497__cfg-318025e2,ionosphere,OCSVM,oracle-ocsvm-rbf,2,0.7593619781795244,0.7643738977072311,0.45001651548960053,0.6482213438735178,2.3145271663195177,32.0,,,
phase4__ionosphere__OCSVM__seed-1__task-002496__cfg-5e35a1e7,ionosphere,OCSVM,oracle-ocsvm-rbf,1,0.7593619781795244,0.7643738977072311,0.45001651548960053,0.6482213438735178,2.3145271663195177,32.0,,,
phase4__ionosphere__OCSVM__seed-0__task-002495__cfg-7383cf31,ionosphere,OCSVM,oracle-ocsvm-rbf,0,0.7593619781795244,0.7643738977072311,0.45001651548960053,0.6482213438735178,2.3145271663195177,32.0,,,
phase4__ionosphere__OCSVM__seed-42__task-002494__cfg-20f53785,ionosphere,OCSVM,oracle-ocsvm-rbf,42,0.35299396923441423,0.5129982363315697,0.01743021714924509,0.3715415019762846,2.3145271663195177,32.0,,,
phase4__ionosphere__OCSVM__seed-3__task-002493__cfg-e54bac0d,ionosphere,OCSVM,oracle-ocsvm-rbf,3,0.35299396923441423,0.5129982363315697,0.01743021714924509,0.3715415019762846,2.3145271663195177,32.0,,,
phase4__ionosphere__OCSVM__seed-2__task-002492__cfg-e28710f6,ionosphere,OCSVM,oracle-ocsvm-rbf,2,0.35299396923441423,0.5129982363315697,0.01743021714924509,0.3715415019762846,2.3145271663195177,32.0,,,
phase4__ionosphere__OCSVM__seed-1__task-002491__cfg-403ac580,ionosphere,OCSVM,oracle-ocsvm-rbf,1,0.35299396923441423,0.5129982363315697,0.01743021714924509,0.3715415019762846,2.3145271663195177,32.0,,,
phase4__ionosphere__OCSVM__seed-0__task-002490__cfg-c6146f34,ionosphere,OCSVM,oracle-ocsvm-rbf,0,0.35299396923441423,0.5129982363315697,0.01743021714924509,0.3715415019762846,2.3145271663195177,32.0,,,
phase4__ionosphere__OCSVM__seed-42__task-002489__cfg-e2338026,ionosphere,OCSVM,oracle-ocsvm-rbf,42,0.3634704922319972,0.5327336860670193,0.005070608625234936,0.36363636363636365,2.3145271663195177,32.0,,,
phase4__ionosphere__OCSVM__seed-3__task-002488__cfg-25d44eb9,ionosphere,OCSVM,oracle-ocsvm-rbf,3,0.3634704922319972,0.5327336860670193,0.005070608625234936,0.36363636363636365,2.3145271663195177,32.0,,,
phase4__ionosphere__OCSVM__seed-2__task-002487__cfg-5d439b72,ionosphere,OCSVM,oracle-ocsvm-rbf,2,0.3634704922319972,0.5327336860670193,0.005070608625234936,0.36363636363636365,2.3145271663195177,32.0,,,
phase4__ionosphere__OCSVM__seed-1__task-002486__cfg-f642c9ae,ionosphere,OCSVM,oracle-ocsvm-rbf,1,0.3634704922319972,0.5327336860670193,0.005070608625234936,0.36363636363636365,2.3145271663195177,32.0,,,
phase4__ionosphere__OCSVM__seed-0__task-002485__cfg-7ebd3d3a,ionosphere,OCSVM,oracle-ocsvm-rbf,0,0.3634704922319972,0.5327336860670193,0.005070608625234936,0.36363636363636365,2.3145271663195177,32.0,,,
phase4__ionosphere__OCSVM__seed-42__task-002484__cfg-4b39ea9c,ionosphere,OCSVM,oracle-ocsvm-rbf,42,0.712404811604345,0.82331569664903,0.6106914263017326,0.7509881422924901,2.3145271663195177,32.0,,,
phase4__ionosphere__OCSVM__seed-3__task-002483__cfg-865673b6,ionosphere,OCSVM,oracle-ocsvm-rbf,3,0.712404811604345,0.82331569664903,0.6106914263017326,0.7509881422924901,2.3145271663195177,32.0,,,
phase4__ionosphere__OCSVM__seed-2__task-002482__cfg-0a8efd4c,ionosphere,OCSVM,oracle-ocsvm-rbf,2,0.712404811604345,0.82331569664903,0.6106914263017326,0.7509881422924901,2.3145271663195177,32.0,,,
phase4__ionosphere__OCSVM__seed-1__task-002481__cfg-5c833120,ionosphere,OCSVM,oracle-ocsvm-rbf,1,0.712404811604345,0.82331569664903,0.6106914263017326,0.7509881422924901,2.3145271663195177,32.0,,,
phase4__ionosphere__OCSVM__seed-0__task-002480__cfg-6eb696a5,ionosphere,OCSVM,oracle-ocsvm-rbf,0,0.712404811604345,0.82331569664903,0.6106914263017326,0.7509881422924901,2.3145271663195177,32.0,,,
phase4__ionosphere__OCSVM__seed-42__task-002479__cfg-df94f0c8,ionosphere,OCSVM,oracle-ocsvm-rbf,42,0.7152491535259584,0.7506172839506173,0.3511396472975193,0.5849802371541502,2.3145271663195177,32.0,,,
phase4__ionosphere__OCSVM__seed-3__task-002478__cfg-b2f25557,ionosphere,OCSVM,oracle-ocsvm-rbf,3,0.7152491535259584,0.7506172839506173,0.3511396472975193,0.5849802371541502,2.3145271663195177,32.0,,,
phase4__ionosphere__OCSVM__seed-2__task-002477__cfg-2bb4f443,ionosphere,OCSVM,oracle-ocsvm-rbf,2,0.7152491535259584,0.7506172839506173,0.3511396472975193,0.5849802371541502,2.3145271663195177,32.0,,,
phase4__ionosphere__OCSVM__seed-1__task-002476__cfg-d849fd35,ionosphere,OCSVM,oracle-ocsvm-rbf,1,0.7152491535259584,0.7506172839506173,0.3511396472975193,0.5849802371541502,2.3145271663195177,32.0,,,
phase4__ionosphere__OCSVM__seed-0__task-002475__cfg-ca77c920,ionosphere,OCSVM,oracle-ocsvm-rbf,0,0.7152491535259584,0.7506172839506173,0.3511396472975193,0.5849802371541502,2.3145271663195177,32.0,,,
phase4__ionosphere__OCSVM__seed-42__task-002474__cfg-31e5cb01,ionosphere,OCSVM,oracle-ocsvm-rbf,42,0.7122465537533289,0.7494179894179895,0.3511396472975193,0.5849802371541502,2.3145271663195177,32.0,,,
phase4__ionosphere__OCSVM__seed-3__task-002473__cfg-812d6152,ionosphere,OCSVM,oracle-ocsvm-rbf,3,0.7122465537533289,0.7494179894179895,0.3511396472975193,0.5849802371541502,2.3145271663195177,32.0,,,
phase4__ionosphere__OCSVM__seed-2__task-002472__cfg-73888c68,ionosphere,OCSVM,oracle-ocsvm-rbf,2,0.7122465537533289,0.7494179894179895,0.3511396472975193,0.5849802371541502,2.3145271663195177,32.0,,,
phase4__ionosphere__OCSVM__seed-1__task-002471__cfg-b5c2798e,ionosphere,OCSVM,oracle-ocsvm-rbf,1,0.7122465537533289,0.7494179894179895,0.3511396472975193,0.5849802371541502,2.3145271663195177,32.0,,,
phase4__ionosphere__OCSVM__seed-0__task-002470__cfg-b7464750,ionosphere,OCSVM,oracle-ocsvm-rbf,0,0.7122465537533289,0.7494179894179895,0.3511396472975193,0.5849802371541502,2.3145271663195177,32.0,,,
phase4__ionosphere__OCSVM__seed-42__task-002469__cfg-c2c9aae8,ionosphere,OCSVM,oracle-ocsvm-rbf,42,0.693527224063367,0.7494885361552028,0.4252972984415802,0.6324110671936759,2.3145271663195177,32.0,,,
phase4__ionosphere__OCSVM__seed-3__task-002468__cfg-0f0498b7,ionosphere,OCSVM,oracle-ocsvm-rbf,3,0.693527224063367,0.7494885361552028,0.4252972984415802,0.6324110671936759,2.3145271663195177,32.0,,,
phase4__ionosphere__OCSVM__seed-2__task-002467__cfg-c66730fd,ionosphere,OCSVM,oracle-ocsvm-rbf,2,0.693527224063367,0.7494885361552028,0.4252972984415802,0.6324110671936759,2.3145271663195177,32.0,,,
phase4__ionosphere__OCSVM__seed-1__task-002466__cfg-c39c1865,ionosphere,OCSVM,oracle-ocsvm-rbf,1,0.693527224063367,0.7494885361552028,0.4252972984415802,0.6324110671936759,2.3145271663195177,32.0,,,
phase4__ionosphere__OCSVM__seed-0__task-002465__cfg-2fd9680d,ionosphere,OCSVM,oracle-ocsvm-rbf,0,0.693527224063367,0.7494885361552028,0.4252972984415802,0.6324110671936759,2.3145271663195177,32.0,,,
phase4__ionosphere__OCSVM__seed-42__task-002464__cfg-0c26292e,ionosphere,OCSVM,oracle-ocsvm-rbf,42,0.7221622581430457,0.7531216931216931,0.4376569069655904,0.6403162055335968,2.3145271663195177,32.0,,,
phase4__ionosphere__OCSVM__seed-3__task-002463__cfg-71dd5eef,ionosphere,OCSVM,oracle-ocsvm-rbf,3,0.7221622581430457,0.7531216931216931,0.4376569069655904,0.6403162055335968,2.3145271663195177,32.0,,,
phase4__ionosphere__OCSVM__seed-2__task-002462__cfg-ee783e8c,ionosphere,OCSVM,oracle-ocsvm-rbf,2,0.7221622581430457,0.7531216931216931,0.4376569069655904,0.6403162055335968,2.3145271663195177,32.0,,,
phase4__ionosphere__OCSVM__seed-1__task-002461__cfg-d601712f,ionosphere,OCSVM,oracle-ocsvm-rbf,1,0.7221622581430457,0.7531216931216931,0.4376569069655904,0.6403162055335968,2.3145271663195177,32.0,,,
phase4__ionosphere__OCSVM__seed-0__task-002460__cfg-c64e2330,ionosphere,OCSVM,oracle-ocsvm-rbf,0,0.7221622581430457,0.7531216931216931,0.4376569069655904,0.6403162055335968,2.3145271663195177,32.0,,,
phase4__ionosphere__OCSVM__seed-42__task-002459__cfg-b5115052,ionosphere,OCSVM,oracle-ocsvm-rbf,42,0.3541520218515359,0.4752028218694885,-0.044367825470805686,0.33201581027667987,2.3145271663195177,32.0,,,
phase4__ionosphere__OCSVM__seed-3__task-002458__cfg-b91c0c8e,ionosphere,OCSVM,oracle-ocsvm-rbf,3,0.3541520218515359,0.4752028218694885,-0.044367825470805686,0.33201581027667987,2.3145271663195177,32.0,,,
phase4__ionosphere__OCSVM__seed-2__task-002457__cfg-d1743367,ionosphere,OCSVM,oracle-ocsvm-rbf,2,0.3541520218515359,0.4752028218694885,-0.044367825470805686,0.33201581027667987,2.3145271663195177,32.0,,,
phase4__ionosphere__OCSVM__seed-1__task-002456__cfg-caf12ed1,ionosphere,OCSVM,oracle-ocsvm-rbf,1,0.3541520218515359,0.4752028218694885,-0.044367825470805686,0.33201581027667987,2.3145271663195177,32.0,,,
phase4__ionosphere__OCSVM__seed-0__task-002455__cfg-7062706a,ionosphere,OCSVM,oracle-ocsvm-rbf,0,0.3541520218515359,0.4752028218694885,-0.044367825470805686,0.33201581027667987,2.3145271663195177,32.0,,,
phase4__ionosphere__OCSVM__seed-42__task-002454__cfg-ebc42b78,ionosphere,OCSVM,oracle-ocsvm-rbf,42,0.45986621655675364,0.6004585537918872,0.11630708534132633,0.43478260869565216,2.3145271663195177,32.0,,,
phase4__ionosphere__OCSVM__seed-3__task-002453__cfg-c6733f39,ionosphere,OCSVM,oracle-ocsvm-rbf,3,0.45986621655675364,0.6004585537918872,0.11630708534132633,0.43478260869565216,2.3145271663195177,32.0,,,
phase4__ionosphere__OCSVM__seed-2__task-002452__cfg-e386d066,ionosphere,OCSVM,oracle-ocsvm-rbf,2,0.45986621655675364,0.6004585537918872,0.11630708534132633,0.43478260869565216,2.3145271663195177,32.0,,,
phase4__ionosphere__OCSVM__seed-1__task-002451__cfg-ba03762e,ionosphere,OCSVM,oracle-ocsvm-rbf,1,0.45986621655675364,0.6004585537918872,0.11630708534132633,0.43478260869565216,2.3145271663195177,32.0,,,
phase4__ionosphere__OCSVM__seed-0__task-002450__cfg-34538de7,ionosphere,OCSVM,oracle-ocsvm-rbf,0,0.45986621655675364,0.6004585537918872,0.11630708534132633,0.43478260869565216,2.3145271663195177,32.0,,,
phase4__ionosphere__OCSVM__seed-42__task-002449__cfg-d0c3a6d5,ionosphere,OCSVM,oracle-ocsvm-rbf,42,0.7387879530201951,0.8247619047619048,0.5983318177777224,0.7430830039525692,2.3145271663195177,32.0,,,
phase4__ionosphere__OCSVM__seed-3__task-002448__cfg-6a0a93ec,ionosphere,OCSVM,oracle-ocsvm-rbf,3,0.7387879530201951,0.8247619047619048,0.5983318177777224,0.7430830039525692,2.3145271663195177,32.0,,,
phase4__ionosphere__OCSVM__seed-2__task-002447__cfg-542d1a90,ionosphere,OCSVM,oracle-ocsvm-rbf,2,0.7387879530201951,0.8247619047619048,0.5983318177777224,0.7430830039525692,2.3145271663195177,32.0,,,
phase4__ionosphere__OCSVM__seed-1__task-002446__cfg-74bebc5b,ionosphere,OCSVM,oracle-ocsvm-rbf,1,0.7387879530201951,0.8247619047619048,0.5983318177777224,0.7430830039525692,2.3145271663195177,32.0,,,
phase4__ionosphere__OCSVM__seed-0__task-002445__cfg-13247bf4,ionosphere,OCSVM,oracle-ocsvm-rbf,0,0.7387879530201951,0.8247619047619048,0.5983318177777224,0.7430830039525692,2.3145271663195177,32.0,,,
phase4__ionosphere__OCSVM__seed-42__task-002444__cfg-9e276fd7,ionosphere,OCSVM,oracle-ocsvm-rbf,42,0.6897577389906048,0.7449382716049382,0.33878003877350915,0.5770750988142292,2.3145271663195177,32.0,,,
phase4__ionosphere__OCSVM__seed-3__task-002443__cfg-cc4fc76b,ionosphere,OCSVM,oracle-ocsvm-rbf,3,0.6897577389906048,0.7449382716049382,0.33878003877350915,0.5770750988142292,2.3145271663195177,32.0,,,
phase4__ionosphere__OCSVM__seed-2__task-002442__cfg-2fbf366e,ionosphere,OCSVM,oracle-ocsvm-rbf,2,0.6897577389906048,0.7449382716049382,0.33878003877350915,0.5770750988142292,2.3145271663195177,32.0,,,
phase4__ionosphere__OCSVM__seed-1__task-002441__cfg-6ac3a525,ionosphere,OCSVM,oracle-ocsvm-rbf,1,0.6897577389906048,0.7449382716049382,0.33878003877350915,0.5770750988142292,2.3145271663195177,32.0,,,
phase4__ionosphere__OCSVM__seed-0__task-002440__cfg-5499cce1,ionosphere,OCSVM,oracle-ocsvm-rbf,0,0.6897577389906048,0.7449382716049382,0.33878003877350915,0.5770750988142292,2.3145271663195177,32.0,,,
phase4__ionosphere__OCSVM__seed-42__task-002439__cfg-abbcbff2,ionosphere,OCSVM,oracle-ocsvm-rbf,42,0.7054777071648811,0.7498765432098766,0.32642043024949896,0.5691699604743083,2.3145271663195177,32.0,,,
phase4__ionosphere__OCSVM__seed-3__task-002438__cfg-93515c42,ionosphere,OCSVM,oracle-ocsvm-rbf,3,0.7054777071648811,0.7498765432098766,0.32642043024949896,0.5691699604743083,2.3145271663195177,32.0,,,
phase4__ionosphere__OCSVM__seed-2__task-002437__cfg-2f5e94da,ionosphere,OCSVM,oracle-ocsvm-rbf,2,0.7054777071648811,0.7498765432098766,0.32642043024949896,0.5691699604743083,2.3145271663195177,32.0,,,
phase4__ionosphere__OCSVM__seed-1__task-002436__cfg-018d2e0d,ionosphere,OCSVM,oracle-ocsvm-rbf,1,0.7054777071648811,0.7498765432098766,0.32642043024949896,0.5691699604743083,2.3145271663195177,32.0,,,
phase4__ionosphere__OCSVM__seed-0__task-002435__cfg-23b5fbfc,ionosphere,OCSVM,oracle-ocsvm-rbf,0,0.7054777071648811,0.7498765432098766,0.32642043024949896,0.5691699604743083,2.3145271663195177,32.0,,,
phase4__ionosphere__OCSVM__seed-42__task-002434__cfg-9a4ee8f3,ionosphere,OCSVM,oracle-ocsvm-rbf,42,0.7311153839639507,0.7551322751322751,0.4252972984415802,0.6324110671936759,2.3145271663195177,32.0,,,
phase4__ionosphere__OCSVM__seed-3__task-002433__cfg-504abea6,ionosphere,OCSVM,oracle-ocsvm-rbf,3,0.7311153839639507,0.7551322751322751,0.4252972984415802,0.6324110671936759,2.3145271663195177,32.0,,,
phase4__ionosphere__OCSVM__seed-2__task-002432__cfg-6691d119,ionosphere,OCSVM,oracle-ocsvm-rbf,2,0.7311153839639507,0.7551322751322751,0.4252972984415802,0.6324110671936759,2.3145271663195177,32.0,,,
phase4__ionosphere__OCSVM__seed-1__task-002431__cfg-3db7fd4a,ionosphere,OCSVM,oracle-ocsvm-rbf,1,0.7311153839639507,0.7551322751322751,0.4252972984415802,0.6324110671936759,2.3145271663195177,32.0,,,
phase4__ionosphere__OCSVM__seed-0__task-002430__cfg-bca66e4c,ionosphere,OCSVM,oracle-ocsvm-rbf,0,0.7311153839639507,0.7551322751322751,0.4252972984415802,0.6324110671936759,2.3145271663195177,32.0,,,
phase4__ionosphere__OCSVM__seed-42__task-002429__cfg-9331f5a2,ionosphere,OCSVM,oracle-ocsvm-rbf,42,0.7127186114753836,0.7547089947089947,0.4376569069655904,0.6403162055335968,2.3145271663195177,32.0,,,
phase4__ionosphere__OCSVM__seed-3__task-002428__cfg-8e24ed02,ionosphere,OCSVM,oracle-ocsvm-rbf,3,0.7127186114753836,0.7547089947089947,0.4376569069655904,0.6403162055335968,2.3145271663195177,32.0,,,
phase4__ionosphere__OCSVM__seed-2__task-002427__cfg-e7f937c1,ionosphere,OCSVM,oracle-ocsvm-rbf,2,0.7127186114753836,0.7547089947089947,0.4376569069655904,0.6403162055335968,2.3145271663195177,32.0,,,
phase4__ionosphere__OCSVM__seed-1__task-002426__cfg-5ae7f864,ionosphere,OCSVM,oracle-ocsvm-rbf,1,0.7127186114753836,0.7547089947089947,0.4376569069655904,0.6403162055335968,2.3145271663195177,32.0,,,
phase4__ionosphere__OCSVM__seed-0__task-002425__cfg-760e080d,ionosphere,OCSVM,oracle-ocsvm-rbf,0,0.7127186114753836,0.7547089947089947,0.4376569069655904,0.6403162055335968,2.3145271663195177,32.0,,,
phase4__ionosphere__OCSVM__seed-42__task-002424__cfg-8cf4431f,ionosphere,OCSVM,oracle-ocsvm-rbf,42,0.39659134636120685,0.4935802469135802,-0.00728899989877522,0.3557312252964427,2.3145271663195177,32.0,,,
phase4__ionosphere__OCSVM__seed-3__task-002423__cfg-416af309,ionosphere,OCSVM,oracle-ocsvm-rbf,3,0.39659134636120685,0.4935802469135802,-0.00728899989877522,0.3557312252964427,2.3145271663195177,32.0,,,
phase4__ionosphere__OCSVM__seed-2__task-002422__cfg-e7909c35,ionosphere,OCSVM,oracle-ocsvm-rbf,2,0.39659134636120685,0.4935802469135802,-0.00728899989877522,0.3557312252964427,2.3145271663195177,32.0,,,
phase4__ionosphere__OCSVM__seed-1__task-002421__cfg-8023e417,ionosphere,OCSVM,oracle-ocsvm-rbf,1,0.39659134636120685,0.4935802469135802,-0.00728899989877522,0.3557312252964427,2.3145271663195177,32.0,,,
phase4__ionosphere__OCSVM__seed-0__task-002420__cfg-e82ffb7e,ionosphere,OCSVM,oracle-ocsvm-rbf,0,0.39659134636120685,0.4935802469135802,-0.00728899989877522,0.3557312252964427,2.3145271663195177,32.0,,,
phase4__ionosphere__OCSVM__seed-42__task-002419__cfg-c1fb485d,ionosphere,OCSVM,oracle-ocsvm-rbf,42,0.37498761211367637,0.5109347442680776,-0.044367825470805686,0.33201581027667987,2.3145271663195177,32.0,,,
phase4__ionosphere__OCSVM__seed-3__task-002418__cfg-451dd207,ionosphere,OCSVM,oracle-ocsvm-rbf,3,0.37498761211367637,0.5109347442680776,-0.044367825470805686,0.33201581027667987,2.3145271663195177,32.0,,,
phase4__ionosphere__OCSVM__seed-2__task-002417__cfg-5802ca98,ionosphere,OCSVM,oracle-ocsvm-rbf,2,0.37498761211367637,0.5109347442680776,-0.044367825470805686,0.33201581027667987,2.3145271663195177,32.0,,,
phase4__ionosphere__OCSVM__seed-1__task-002416__cfg-e646ff96,ionosphere,OCSVM,oracle-ocsvm-rbf,1,0.37498761211367637,0.5109347442680776,-0.044367825470805686,0.33201581027667987,2.3145271663195177,32.0,,,
phase4__ionosphere__OCSVM__seed-0__task-002415__cfg-cdabaec6,ionosphere,OCSVM,oracle-ocsvm-rbf,0,0.37498761211367637,0.5109347442680776,-0.044367825470805686,0.33201581027667987,2.3145271663195177,32.0,,,
phase4__ionosphere__OCSVM__seed-42__task-002414__cfg-c0667225,ionosphere,OCSVM,oracle-ocsvm-rbf,42,0.7067577539027111,0.8165432098765432,0.5736126007297021,0.7272727272727273,2.3145271663195177,32.0,,,
phase4__ionosphere__OCSVM__seed-3__task-002413__cfg-79b65222,ionosphere,OCSVM,oracle-ocsvm-rbf,3,0.7067577539027111,0.8165432098765432,0.5736126007297021,0.7272727272727273,2.3145271663195177,32.0,,,
phase4__ionosphere__OCSVM__seed-2__task-002412__cfg-5123cfcc,ionosphere,OCSVM,oracle-ocsvm-rbf,2,0.7067577539027111,0.8165432098765432,0.5736126007297021,0.7272727272727273,2.3145271663195177,32.0,,,
phase4__ionosphere__OCSVM__seed-1__task-002411__cfg-2510808d,ionosphere,OCSVM,oracle-ocsvm-rbf,1,0.7067577539027111,0.8165432098765432,0.5736126007297021,0.7272727272727273,2.3145271663195177,32.0,,,
phase4__ionosphere__OCSVM__seed-0__task-002410__cfg-b3907dfe,ionosphere,OCSVM,oracle-ocsvm-rbf,0,0.7067577539027111,0.8165432098765432,0.5736126007297021,0.7272727272727273,2.3145271663195177,32.0,,,
phase4__ionosphere__OCSVM__seed-42__task-002409__cfg-f2818876,ionosphere,OCSVM,oracle-ocsvm-rbf,42,0.6816169821688056,0.7428218694885361,0.33878003877350915,0.5770750988142292,2.3145271663195177,32.0,,,
phase4__ionosphere__OCSVM__seed-3__task-002408__cfg-d09d5982,ionosphere,OCSVM,oracle-ocsvm-rbf,3,0.6816169821688056,0.7428218694885361,0.33878003877350915,0.5770750988142292,2.3145271663195177,32.0,,,
phase4__ionosphere__OCSVM__seed-2__task-002407__cfg-c896c17a,ionosphere,OCSVM,oracle-ocsvm-rbf,2,0.6816169821688056,0.7428218694885361,0.33878003877350915,0.5770750988142292,2.3145271663195177,32.0,,,
phase4__ionosphere__OCSVM__seed-1__task-002406__cfg-ea2ee230,ionosphere,OCSVM,oracle-ocsvm-rbf,1,0.6816169821688056,0.7428218694885361,0.33878003877350915,0.5770750988142292,2.3145271663195177,32.0,,,
phase4__ionosphere__OCSVM__seed-0__task-002405__cfg-7362e306,ionosphere,OCSVM,oracle-ocsvm-rbf,0,0.6816169821688056,0.7428218694885361,0.33878003877350915,0.5770750988142292,2.3145271663195177,32.0,,,
phase4__ionosphere__OCSVM__seed-42__task-002404__cfg-5f9e426c,ionosphere,OCSVM,oracle-ocsvm-rbf,42,0.7079780197954714,0.7441975308641975,0.32642043024949896,0.5691699604743083,2.3145271663195177,32.0,,,
phase4__ionosphere__OCSVM__seed-3__task-002403__cfg-528a6969,ionosphere,OCSVM,oracle-ocsvm-rbf,3,0.7079780197954714,0.7441975308641975,0.32642043024949896,0.5691699604743083,2.3145271663195177,32.0,,,
phase4__ionosphere__OCSVM__seed-2__task-002402__cfg-b24a6504,ionosphere,OCSVM,oracle-ocsvm-rbf,2,0.7079780197954714,0.7441975308641975,0.32642043024949896,0.5691699604743083,2.3145271663195177,32.0,,,
phase4__ionosphere__OCSVM__seed-1__task-002401__cfg-40c12b21,ionosphere,OCSVM,oracle-ocsvm-rbf,1,0.7079780197954714,0.7441975308641975,0.32642043024949896,0.5691699604743083,2.3145271663195177,32.0,,,
phase4__ionosphere__OCSVM__seed-0__task-002400__cfg-8aa509d8,ionosphere,OCSVM,oracle-ocsvm-rbf,0,0.7079780197954714,0.7441975308641975,0.32642043024949896,0.5691699604743083,2.3145271663195177,32.0,,,
phase4__ionosphere__OCSVM__seed-42__task-002399__cfg-001fd1f9,ionosphere,OCSVM,oracle-ocsvm-rbf,42,0.6974742757494441,0.751851851851852,0.4376569069655904,0.6403162055335968,2.3145271663195177,32.0,,,
phase4__ionosphere__OCSVM__seed-3__task-002398__cfg-ac08dc2a,ionosphere,OCSVM,oracle-ocsvm-rbf,3,0.6974742757494441,0.751851851851852,0.4376569069655904,0.6403162055335968,2.3145271663195177,32.0,,,
phase4__ionosphere__OCSVM__seed-2__task-002397__cfg-f3ecbd41,ionosphere,OCSVM,oracle-ocsvm-rbf,2,0.6974742757494441,0.751851851851852,0.4376569069655904,0.6403162055335968,2.3145271663195177,32.0,,,
phase4__ionosphere__OCSVM__seed-1__task-002396__cfg-d65c48c7,ionosphere,OCSVM,oracle-ocsvm-rbf,1,0.6974742757494441,0.751851851851852,0.4376569069655904,0.6403162055335968,2.3145271663195177,32.0,,,
phase4__ionosphere__OCSVM__seed-0__task-002395__cfg-d65f4ac7,ionosphere,OCSVM,oracle-ocsvm-rbf,0,0.6974742757494441,0.751851851851852,0.4376569069655904,0.6403162055335968,2.3145271663195177,32.0,,,
phase4__ionosphere__OCSVM__seed-42__task-002394__cfg-44692a72,ionosphere,OCSVM,oracle-ocsvm-rbf,42,0.7093178764656708,0.7535449735449735,0.4376569069655904,0.6403162055335968,2.3145271663195177,32.0,,,
phase4__ionosphere__OCSVM__seed-3__task-002393__cfg-c4bfcb79,ionosphere,OCSVM,oracle-ocsvm-rbf,3,0.7093178764656708,0.7535449735449735,0.4376569069655904,0.6403162055335968,2.3145271663195177,32.0,,,
phase4__ionosphere__OCSVM__seed-2__task-002392__cfg-956b6fbf,ionosphere,OCSVM,oracle-ocsvm-rbf,2,0.7093178764656708,0.7535449735449735,0.4376569069655904,0.6403162055335968,2.3145271663195177,32.0,,,
phase4__ionosphere__OCSVM__seed-1__task-002391__cfg-c9959460,ionosphere,OCSVM,oracle-ocsvm-rbf,1,0.7093178764656708,0.7535449735449735,0.4376569069655904,0.6403162055335968,2.3145271663195177,32.0,,,
phase4__ionosphere__OCSVM__seed-0__task-002390__cfg-afaf2f6e,ionosphere,OCSVM,oracle-ocsvm-rbf,0,0.7093178764656708,0.7535449735449735,0.4376569069655904,0.6403162055335968,2.3145271663195177,32.0,,,
phase4__sipu__flame__HBOS__seed-42__task-002389__cfg-5f6b817a,sipu/flame,HBOS,taxonomy,42,0.20380162749898406,0.34247076023391815,0.12280701754385964,0.16666666666666666,2.4179360530756884,2.0,,0.16666666666666666,0.0
phase4__sipu__flame__HBOS__seed-3__task-002388__cfg-43a1425f,sipu/flame,HBOS,taxonomy,3,0.20380162749898406,0.34247076023391815,0.12280701754385964,0.16666666666666666,2.4179360530756884,2.0,,0.16666666666666666,0.0
phase4__sipu__flame__HBOS__seed-2__task-002387__cfg-c195929e,sipu/flame,HBOS,taxonomy,2,0.20380162749898406,0.34247076023391815,0.12280701754385964,0.16666666666666666,2.4179360530756884,2.0,,0.16666666666666666,0.0
phase4__sipu__flame__HBOS__seed-1__task-002386__cfg-e00a22e5,sipu/flame,HBOS,taxonomy,1,0.20380162749898406,0.34247076023391815,0.12280701754385964,0.16666666666666666,2.4179360530756884,2.0,,0.16666666666666666,0.0
phase4__sipu__flame__HBOS__seed-0__task-002385__cfg-197e053f,sipu/flame,HBOS,taxonomy,0,0.20380162749898406,0.34247076023391815,0.12280701754385964,0.16666666666666666,2.4179360530756884,2.0,,0.16666666666666666,0.0
phase4__sipu__flame__ECOD__seed-42__task-002384__cfg-39317538,sipu/flame,ECOD,taxonomy,42,0.1525061457291392,0.20723684210526316,0.12280701754385964,0.16666666666666666,2.4179360530756884,2.0,,0.16666666666666666,0.0
phase4__sipu__flame__ECOD__seed-3__task-002383__cfg-8f5c088f,sipu/flame,ECOD,taxonomy,3,0.1525061457291392,0.20723684210526316,0.12280701754385964,0.16666666666666666,2.4179360530756884,2.0,,0.16666666666666666,0.0
phase4__sipu__flame__ECOD__seed-2__task-002382__cfg-3a70909e,sipu/flame,ECOD,taxonomy,2,0.1525061457291392,0.20723684210526316,0.12280701754385964,0.16666666666666666,2.4179360530756884,2.0,,0.16666666666666666,0.0
phase4__sipu__flame__ECOD__seed-1__task-002381__cfg-0c87ae02,sipu/flame,ECOD,taxonomy,1,0.1525061457291392,0.20723684210526316,0.12280701754385964,0.16666666666666666,2.4179360530756884,2.0,,0.16666666666666666,0.0
phase4__sipu__flame__ECOD__seed-0__task-002380__cfg-22bd177e,sipu/flame,ECOD,taxonomy,0,0.1525061457291392,0.20723684210526316,0.12280701754385964,0.16666666666666666,2.4179360530756884,2.0,,0.16666666666666666,0.0
phase4__sipu__flame__DBSCAN__seed-42__task-002379__cfg-87a13efc,sipu/flame,DBSCAN,taxonomy,42,0.2724537037037037,0.6708698830409358,0.21052631578947367,0.25,2.4179360530756884,2.0,,0.25,0.0
phase4__sipu__flame__DBSCAN__seed-3__task-002378__cfg-ee2a1d40,sipu/flame,DBSCAN,taxonomy,3,0.2724537037037037,0.6708698830409358,0.21052631578947367,0.25,2.4179360530756884,2.0,,0.25,0.0
phase4__sipu__flame__DBSCAN__seed-2__task-002377__cfg-5192fada,sipu/flame,DBSCAN,taxonomy,2,0.2724537037037037,0.6708698830409358,0.21052631578947367,0.25,2.4179360530756884,2.0,,0.25,0.0
phase4__sipu__flame__DBSCAN__seed-1__task-002376__cfg-ebab6bbf,sipu/flame,DBSCAN,taxonomy,1,0.2724537037037037,0.6708698830409358,0.21052631578947367,0.25,2.4179360530756884,2.0,,0.25,0.0
phase4__sipu__flame__DBSCAN__seed-0__task-002375__cfg-2463a6ff,sipu/flame,DBSCAN,taxonomy,0,0.2724537037037037,0.6708698830409358,0.21052631578947367,0.25,2.4179360530756884,2.0,,0.25,0.0
phase4__sipu__flame__LOF__seed-42__task-002374__cfg-2779b1ff,sipu/flame,LOF,taxonomy,42,0.24852176936915576,0.756578947368421,0.12280701754385964,0.16666666666666666,2.4179360530756884,2.0,,0.16666666666666666,0.0
phase4__sipu__flame__LOF__seed-3__task-002373__cfg-f1a54a5b,sipu/flame,LOF,taxonomy,3,0.24852176936915576,0.756578947368421,0.12280701754385964,0.16666666666666666,2.4179360530756884,2.0,,0.16666666666666666,0.0
phase4__sipu__flame__LOF__seed-2__task-002372__cfg-e780f398,sipu/flame,LOF,taxonomy,2,0.24852176936915576,0.756578947368421,0.12280701754385964,0.16666666666666666,2.4179360530756884,2.0,,0.16666666666666666,0.0
phase4__sipu__flame__LOF__seed-1__task-002371__cfg-3d162de9,sipu/flame,LOF,taxonomy,1,0.24852176936915576,0.756578947368421,0.12280701754385964,0.16666666666666666,2.4179360530756884,2.0,,0.16666666666666666,0.0
phase4__sipu__flame__LOF__seed-0__task-002370__cfg-9d203507,sipu/flame,LOF,taxonomy,0,0.24852176936915576,0.756578947368421,0.12280701754385964,0.16666666666666666,2.4179360530756884,2.0,,0.16666666666666666,0.0
phase4__sipu__flame__IForest__seed-42__task-002369__cfg-82b44e72,sipu/flame,IForest,taxonomy,42,0.20161691960787173,0.3969298245614035,0.12280701754385964,0.16666666666666666,2.4179360530756884,2.0,,0.16666666666666666,0.0
phase4__sipu__flame__IForest__seed-3__task-002368__cfg-e64b4e19,sipu/flame,IForest,taxonomy,3,0.20161691960787173,0.3969298245614035,0.12280701754385964,0.16666666666666666,2.4179360530756884,2.0,,0.16666666666666666,0.0
phase4__sipu__flame__IForest__seed-2__task-002367__cfg-9c7e7afd,sipu/flame,IForest,taxonomy,2,0.20161691960787173,0.3969298245614035,0.12280701754385964,0.16666666666666666,2.4179360530756884,2.0,,0.16666666666666666,0.0
phase4__sipu__flame__IForest__seed-1__task-002366__cfg-c4484d64,sipu/flame,IForest,taxonomy,1,0.20161691960787173,0.3969298245614035,0.12280701754385964,0.16666666666666666,2.4179360530756884,2.0,,0.16666666666666666,0.0
phase4__sipu__flame__IForest__seed-0__task-002365__cfg-953ef63f,sipu/flame,IForest,taxonomy,0,0.20161691960787173,0.3969298245614035,0.12280701754385964,0.16666666666666666,2.4179360530756884,2.0,,0.16666666666666666,0.0
phase4__sipu__flame__OCSVM__seed-42__task-002364__cfg-21fb886d,sipu/flame,OCSVM,taxonomy,42,0.24765533013430577,0.7540204678362574,0.12280701754385964,0.16666666666666666,2.4179360530756884,2.0,,0.16666666666666666,0.0
phase4__sipu__flame__OCSVM__seed-3__task-002363__cfg-be843a4f,sipu/flame,OCSVM,taxonomy,3,0.24765533013430577,0.7540204678362574,0.12280701754385964,0.16666666666666666,2.4179360530756884,2.0,,0.16666666666666666,0.0
phase4__sipu__flame__OCSVM__seed-2__task-002362__cfg-4941d2b6,sipu/flame,OCSVM,taxonomy,2,0.24765533013430577,0.7540204678362574,0.12280701754385964,0.16666666666666666,2.4179360530756884,2.0,,0.16666666666666666,0.0
phase4__sipu__flame__OCSVM__seed-1__task-002361__cfg-20fd6e6f,sipu/flame,OCSVM,taxonomy,1,0.24765533013430577,0.7540204678362574,0.12280701754385964,0.16666666666666666,2.4179360530756884,2.0,,0.16666666666666666,0.0
phase4__sipu__flame__OCSVM__seed-0__task-002360__cfg-deb2dd1d,sipu/flame,OCSVM,taxonomy,0,0.24765533013430577,0.7540204678362574,0.12280701754385964,0.16666666666666666,2.4179360530756884,2.0,,0.16666666666666666,0.0
phase4__wut__x2__HBOS__seed-42__task-002359__cfg-f33fc04e,wut/x2,HBOS,taxonomy,42,0.2719659674964826,0.7745454545454544,0.12727272727272726,0.2,3.145955467236776,2.0,,0.2,0.0
phase4__wut__x2__HBOS__seed-3__task-002358__cfg-e4d237ea,wut/x2,HBOS,taxonomy,3,0.2719659674964826,0.7745454545454544,0.12727272727272726,0.2,3.145955467236776,2.0,,0.2,0.0
phase4__wut__x2__HBOS__seed-2__task-002357__cfg-c1b5c3d9,wut/x2,HBOS,taxonomy,2,0.2719659674964826,0.7745454545454544,0.12727272727272726,0.2,3.145955467236776,2.0,,0.2,0.0
phase4__wut__x2__HBOS__seed-1__task-002356__cfg-c60f44ef,wut/x2,HBOS,taxonomy,1,0.2719659674964826,0.7745454545454544,0.12727272727272726,0.2,3.145955467236776,2.0,,0.2,0.0
phase4__wut__x2__HBOS__seed-0__task-002355__cfg-29c6773f,wut/x2,HBOS,taxonomy,0,0.2719659674964826,0.7745454545454544,0.12727272727272726,0.2,3.145955467236776,2.0,,0.2,0.0
phase4__wut__x2__ECOD__seed-42__task-002354__cfg-c4efec0d,wut/x2,ECOD,taxonomy,42,0.2608310111222967,0.7709090909090909,0.34545454545454546,0.4,3.145955467236776,2.0,,0.4,0.0
phase4__wut__x2__ECOD__seed-3__task-002353__cfg-48a72c84,wut/x2,ECOD,taxonomy,3,0.2608310111222967,0.7709090909090909,0.34545454545454546,0.4,3.145955467236776,2.0,,0.4,0.0
phase4__wut__x2__ECOD__seed-2__task-002352__cfg-3c89f38d,wut/x2,ECOD,taxonomy,2,0.2608310111222967,0.7709090909090909,0.34545454545454546,0.4,3.145955467236776,2.0,,0.4,0.0
phase4__wut__x2__ECOD__seed-1__task-002351__cfg-89c62ebe,wut/x2,ECOD,taxonomy,1,0.2608310111222967,0.7709090909090909,0.34545454545454546,0.4,3.145955467236776,2.0,,0.4,0.0
phase4__wut__x2__ECOD__seed-0__task-002350__cfg-9d267498,wut/x2,ECOD,taxonomy,0,0.2608310111222967,0.7709090909090909,0.34545454545454546,0.4,3.145955467236776,2.0,,0.4,0.0
phase4__wut__x2__DBSCAN__seed-42__task-002349__cfg-7af72a1e,wut/x2,DBSCAN,taxonomy,42,0.5049999999999999,0.7368181818181818,0.45454545454545453,0.5,3.145955467236776,2.0,,0.5,0.0
phase4__wut__x2__DBSCAN__seed-3__task-002348__cfg-3f1f67ae,wut/x2,DBSCAN,taxonomy,3,0.5049999999999999,0.7368181818181818,0.45454545454545453,0.5,3.145955467236776,2.0,,0.5,0.0
phase4__wut__x2__DBSCAN__seed-2__task-002347__cfg-44e0c669,wut/x2,DBSCAN,taxonomy,2,0.5049999999999999,0.7368181818181818,0.45454545454545453,0.5,3.145955467236776,2.0,,0.5,0.0
phase4__wut__x2__DBSCAN__seed-1__task-002346__cfg-875edf49,wut/x2,DBSCAN,taxonomy,1,0.5049999999999999,0.7368181818181818,0.45454545454545453,0.5,3.145955467236776,2.0,,0.5,0.0
phase4__wut__x2__DBSCAN__seed-0__task-002345__cfg-eb0276e8,wut/x2,DBSCAN,taxonomy,0,0.5049999999999999,0.7368181818181818,0.45454545454545453,0.5,3.145955467236776,2.0,,0.5,0.0
phase4__wut__x2__LOF__seed-42__task-002344__cfg-69d2badd,wut/x2,LOF,taxonomy,42,0.646738310708899,0.9545454545454546,0.45454545454545453,0.5,3.145955467236776,2.0,,0.5,0.0
phase4__wut__x2__LOF__seed-3__task-002343__cfg-0a335718,wut/x2,LOF,taxonomy,3,0.646738310708899,0.9545454545454546,0.45454545454545453,0.5,3.145955467236776,2.0,,0.5,0.0
phase4__wut__x2__LOF__seed-2__task-002342__cfg-027531a4,wut/x2,LOF,taxonomy,2,0.646738310708899,0.9545454545454546,0.45454545454545453,0.5,3.145955467236776,2.0,,0.5,0.0
phase4__wut__x2__LOF__seed-1__task-002341__cfg-3d85d101,wut/x2,LOF,taxonomy,1,0.646738310708899,0.9545454545454546,0.45454545454545453,0.5,3.145955467236776,2.0,,0.5,0.0
phase4__wut__x2__LOF__seed-0__task-002340__cfg-c2d9b3c8,wut/x2,LOF,taxonomy,0,0.646738310708899,0.9545454545454546,0.45454545454545453,0.5,3.145955467236776,2.0,,0.5,0.0
phase4__wut__x2__IForest__seed-42__task-002339__cfg-d179b8cf,wut/x2,IForest,taxonomy,42,0.5973877636240966,0.9218181818181819,0.45454545454545453,0.5,3.145955467236776,2.0,,0.5,0.0
phase4__wut__x2__IForest__seed-3__task-002338__cfg-1782b393,wut/x2,IForest,taxonomy,3,0.5973877636240966,0.9218181818181819,0.45454545454545453,0.5,3.145955467236776,2.0,,0.5,0.0
phase4__wut__x2__IForest__seed-2__task-002337__cfg-f3d0b3d1,wut/x2,IForest,taxonomy,2,0.5973877636240966,0.9218181818181819,0.45454545454545453,0.5,3.145955467236776,2.0,,0.5,0.0
phase4__wut__x2__IForest__seed-1__task-002336__cfg-dc606945,wut/x2,IForest,taxonomy,1,0.5973877636240966,0.9218181818181819,0.45454545454545453,0.5,3.145955467236776,2.0,,0.5,0.0
phase4__wut__x2__IForest__seed-0__task-002335__cfg-aedcc9a8,wut/x2,IForest,taxonomy,0,0.5973877636240966,0.9218181818181819,0.45454545454545453,0.5,3.145955467236776,2.0,,0.5,0.0
phase4__wut__x2__OCSVM__seed-42__task-002334__cfg-63678517,wut/x2,OCSVM,taxonomy,42,0.511477868857047,0.6809090909090908,0.45454545454545453,0.5,3.145955467236776,2.0,,0.5,0.0
phase4__wut__x2__OCSVM__seed-3__task-002333__cfg-ecf8bfaf,wut/x2,OCSVM,taxonomy,3,0.511477868857047,0.6809090909090908,0.45454545454545453,0.5,3.145955467236776,2.0,,0.5,0.0
phase4__wut__x2__OCSVM__seed-2__task-002332__cfg-fcc815fb,wut/x2,OCSVM,taxonomy,2,0.511477868857047,0.6809090909090908,0.45454545454545453,0.5,3.145955467236776,2.0,,0.5,0.0
phase4__wut__x2__OCSVM__seed-1__task-002331__cfg-a072dcb5,wut/x2,OCSVM,taxonomy,1,0.511477868857047,0.6809090909090908,0.45454545454545453,0.5,3.145955467236776,2.0,,0.5,0.0
phase4__wut__x2__OCSVM__seed-0__task-002330__cfg-e0bdcd58,wut/x2,OCSVM,taxonomy,0,0.511477868857047,0.6809090909090908,0.45454545454545453,0.5,3.145955467236776,2.0,,0.5,0.0
phase4__mnist__DBSCAN__seed-42__task-002329__cfg-838e96c8,mnist,DBSCAN,dimensionality-raw-preprocess,42,0.296821115922271,0.7290804205210986,0.28723350096231454,0.35285714285714287,2.1404477895343796,100.0,,,
phase4__mnist__LOF__seed-42__task-002328__cfg-27adfc8e,mnist,LOF,dimensionality-raw-preprocess,42,0.1288728361564414,0.5946540841456096,0.05436497589039962,0.14142857142857143,2.1404477895343796,100.0,,,
phase4__mnist__HBOS__seed-42__task-002327__cfg-7e07ad74,mnist,HBOS,pca-0.99,42,0.30745364427628985,0.8039574926015605,0.24003042155584528,0.31,2.135024511086477,23.0,0.99,,
phase4__mnist__HBOS__seed-42__task-002326__cfg-22650449,mnist,HBOS,pca-0.90,42,0.2746449517967986,0.7879993170671137,0.27307257714037375,0.34,2.1726483113624044,13.0,0.9,,
phase4__mnist__HBOS__seed-42__task-002325__cfg-38080435,mnist,HBOS,pca-0.75,42,0.2920873147403116,0.7896140394445479,0.2903803729227458,0.3557142857142857,2.3792116707061943,8.0,0.75,,
phase4__mnist__HBOS__seed-42__task-002324__cfg-68e992e7,mnist,HBOS,pca-0.50,42,0.2850900295049814,0.7719810227437348,0.27621944910080504,0.34285714285714286,2.905037198641181,4.0,0.5,,
phase4__mnist__HBOS__seed-42__task-002323__cfg-ac654c6f,mnist,HBOS,pca-0.25,42,0.21210606141154317,0.719996792284928,0.22272262577347324,0.29428571428571426,3.7480746162788545,2.0,0.25,,
phase4__mnist__HBOS__seed-42__task-002322__cfg-b9e7c9ff,mnist,HBOS,pca-0.10,42,0.23812144484290831,0.72029314376772,0.20384139401088552,0.27714285714285714,5.564055176994303,1.0,0.1,,
phase4__mnist__HBOS__seed-42__task-002321__cfg-40b19fcf,mnist,HBOS,pca-0.05,42,0.23812144484290831,0.72029314376772,0.20384139401088552,0.27714285714285714,5.564055176994303,1.0,0.05,,
phase4__mnist__HBOS__seed-42__task-002320__cfg-d17e5834,mnist,HBOS,pca-0.01,42,0.23812144484290831,0.72029314376772,0.20384139401088552,0.27714285714285714,5.564055176994303,1.0,0.01,,
phase4__mnist__DBSCAN__seed-3__task-002319__cfg-96be6a38,mnist,DBSCAN,dimensionality-raw-preprocess,3,0.296821115922271,0.7290804205210986,0.28723350096231454,0.35285714285714287,2.1404477895343796,100.0,,,
phase4__mnist__LOF__seed-3__task-002318__cfg-a7cf4737,mnist,LOF,dimensionality-raw-preprocess,3,0.1288728361564414,0.5946540841456096,0.05436497589039962,0.14142857142857143,2.1404477895343796,100.0,,,
phase4__mnist__HBOS__seed-3__task-002317__cfg-3d27a51a,mnist,HBOS,pca-0.99,3,0.30745364427628985,0.8039574926015605,0.24003042155584528,0.31,2.135024511086477,23.0,0.99,,
phase4__mnist__HBOS__seed-3__task-002316__cfg-f4949adc,mnist,HBOS,pca-0.90,3,0.2746449517967986,0.7879993170671137,0.27307257714037375,0.34,2.1726483113624044,13.0,0.9,,
phase4__mnist__HBOS__seed-3__task-002315__cfg-9412210d,mnist,HBOS,pca-0.75,3,0.2920873147403116,0.7896140394445479,0.2903803729227458,0.3557142857142857,2.3792116707061943,8.0,0.75,,
phase4__mnist__HBOS__seed-3__task-002314__cfg-4100747e,mnist,HBOS,pca-0.50,3,0.2850900295049814,0.7719810227437348,0.27621944910080504,0.34285714285714286,2.905037198641181,4.0,0.5,,
phase4__mnist__HBOS__seed-3__task-002313__cfg-cde2f171,mnist,HBOS,pca-0.25,3,0.21210606141154317,0.719996792284928,0.22272262577347324,0.29428571428571426,3.7480746162788545,2.0,0.25,,
phase4__mnist__HBOS__seed-3__task-002312__cfg-0e10e3ae,mnist,HBOS,pca-0.10,3,0.23812144484290831,0.72029314376772,0.20384139401088552,0.27714285714285714,5.564055176994303,1.0,0.1,,
phase4__mnist__HBOS__seed-3__task-002311__cfg-778badbc,mnist,HBOS,pca-0.05,3,0.23812144484290831,0.72029314376772,0.20384139401088552,0.27714285714285714,5.564055176994303,1.0,0.05,,
phase4__mnist__HBOS__seed-3__task-002310__cfg-f5de4eea,mnist,HBOS,pca-0.01,3,0.23812144484290831,0.72029314376772,0.20384139401088552,0.27714285714285714,5.564055176994303,1.0,0.01,,
phase4__mnist__DBSCAN__seed-2__task-002309__cfg-674c61c9,mnist,DBSCAN,dimensionality-raw-preprocess,2,0.296821115922271,0.7290804205210986,0.28723350096231454,0.35285714285714287,2.1404477895343796,100.0,,,
phase4__mnist__LOF__seed-2__task-002308__cfg-41e71bf8,mnist,LOF,dimensionality-raw-preprocess,2,0.1288728361564414,0.5946540841456096,0.05436497589039962,0.14142857142857143,2.1404477895343796,100.0,,,
phase4__mnist__HBOS__seed-2__task-002307__cfg-51f39198,mnist,HBOS,pca-0.99,2,0.30745364427628985,0.8039574926015605,0.24003042155584528,0.31,2.135024511086477,23.0,0.99,,
phase4__mnist__HBOS__seed-2__task-002306__cfg-3edd67da,mnist,HBOS,pca-0.90,2,0.2746449517967986,0.7879993170671137,0.27307257714037375,0.34,2.1726483113624044,13.0,0.9,,
phase4__mnist__HBOS__seed-2__task-002305__cfg-e497028d,mnist,HBOS,pca-0.75,2,0.2920873147403116,0.7896140394445479,0.2903803729227458,0.3557142857142857,2.3792116707061943,8.0,0.75,,
phase4__mnist__HBOS__seed-2__task-002304__cfg-06840ea2,mnist,HBOS,pca-0.50,2,0.2850900295049814,0.7719810227437348,0.27621944910080504,0.34285714285714286,2.905037198641181,4.0,0.5,,
phase4__mnist__HBOS__seed-2__task-002303__cfg-c7f2d179,mnist,HBOS,pca-0.25,2,0.21210606141154317,0.719996792284928,0.22272262577347324,0.29428571428571426,3.7480746162788545,2.0,0.25,,
phase4__mnist__HBOS__seed-2__task-002302__cfg-433165b6,mnist,HBOS,pca-0.10,2,0.23812144484290831,0.72029314376772,0.20384139401088552,0.27714285714285714,5.564055176994303,1.0,0.1,,
phase4__mnist__HBOS__seed-2__task-002301__cfg-e40a1b2e,mnist,HBOS,pca-0.05,2,0.23812144484290831,0.72029314376772,0.20384139401088552,0.27714285714285714,5.564055176994303,1.0,0.05,,
phase4__mnist__HBOS__seed-2__task-002300__cfg-e4739f25,mnist,HBOS,pca-0.01,2,0.23812144484290831,0.72029314376772,0.20384139401088552,0.27714285714285714,5.564055176994303,1.0,0.01,,
phase4__mnist__DBSCAN__seed-1__task-002299__cfg-bf7f1606,mnist,DBSCAN,dimensionality-raw-preprocess,1,0.296821115922271,0.7290804205210986,0.28723350096231454,0.35285714285714287,2.1404477895343796,100.0,,,
phase4__mnist__LOF__seed-1__task-002298__cfg-b5e01a00,mnist,LOF,dimensionality-raw-preprocess,1,0.1288728361564414,0.5946540841456096,0.05436497589039962,0.14142857142857143,2.1404477895343796,100.0,,,
phase4__mnist__HBOS__seed-1__task-002297__cfg-28ee9830,mnist,HBOS,pca-0.99,1,0.30745364427628985,0.8039574926015605,0.24003042155584528,0.31,2.135024511086477,23.0,0.99,,
phase4__mnist__HBOS__seed-1__task-002296__cfg-02c788a9,mnist,HBOS,pca-0.90,1,0.2746449517967986,0.7879993170671137,0.27307257714037375,0.34,2.1726483113624044,13.0,0.9,,
phase4__mnist__HBOS__seed-1__task-002295__cfg-6d8b5003,mnist,HBOS,pca-0.75,1,0.2920873147403116,0.7896140394445479,0.2903803729227458,0.3557142857142857,2.3792116707061943,8.0,0.75,,
phase4__mnist__HBOS__seed-1__task-002294__cfg-1d58274f,mnist,HBOS,pca-0.50,1,0.2850900295049814,0.7719810227437348,0.27621944910080504,0.34285714285714286,2.905037198641181,4.0,0.5,,
phase4__mnist__HBOS__seed-1__task-002293__cfg-dc343e90,mnist,HBOS,pca-0.25,1,0.21210606141154317,0.719996792284928,0.22272262577347324,0.29428571428571426,3.7480746162788545,2.0,0.25,,
phase4__mnist__HBOS__seed-1__task-002292__cfg-23b661aa,mnist,HBOS,pca-0.10,1,0.23812144484290831,0.72029314376772,0.20384139401088552,0.27714285714285714,5.564055176994303,1.0,0.1,,
phase4__mnist__HBOS__seed-1__task-002291__cfg-8e46fa1e,mnist,HBOS,pca-0.05,1,0.23812144484290831,0.72029314376772,0.20384139401088552,0.27714285714285714,5.564055176994303,1.0,0.05,,
phase4__mnist__HBOS__seed-1__task-002290__cfg-1503fb0b,mnist,HBOS,pca-0.01,1,0.23812144484290831,0.72029314376772,0.20384139401088552,0.27714285714285714,5.564055176994303,1.0,0.01,,
phase4__mnist__DBSCAN__seed-0__task-002289__cfg-2818007b,mnist,DBSCAN,dimensionality-raw-preprocess,0,0.296821115922271,0.7290804205210986,0.28723350096231454,0.35285714285714287,2.1404477895343796,100.0,,,
phase4__mnist__LOF__seed-0__task-002288__cfg-19635020,mnist,LOF,dimensionality-raw-preprocess,0,0.1288728361564414,0.5946540841456096,0.05436497589039962,0.14142857142857143,2.1404477895343796,100.0,,,
phase4__mnist__HBOS__seed-0__task-002287__cfg-ccf838a1,mnist,HBOS,pca-0.99,0,0.30745364427628985,0.8039574926015605,0.24003042155584528,0.31,2.135024511086477,23.0,0.99,,
phase4__mnist__HBOS__seed-0__task-002286__cfg-f0f8c321,mnist,HBOS,pca-0.90,0,0.2746449517967986,0.7879993170671137,0.27307257714037375,0.34,2.1726483113624044,13.0,0.9,,
phase4__mnist__HBOS__seed-0__task-002285__cfg-b64ea50e,mnist,HBOS,pca-0.75,0,0.2920873147403116,0.7896140394445479,0.2903803729227458,0.3557142857142857,2.3792116707061943,8.0,0.75,,
phase4__mnist__HBOS__seed-0__task-002284__cfg-53ef8288,mnist,HBOS,pca-0.50,0,0.2850900295049814,0.7719810227437348,0.27621944910080504,0.34285714285714286,2.905037198641181,4.0,0.5,,
phase4__mnist__HBOS__seed-0__task-002283__cfg-19e6918f,mnist,HBOS,pca-0.25,0,0.21210606141154317,0.719996792284928,0.22272262577347324,0.29428571428571426,3.7480746162788545,2.0,0.25,,
phase4__mnist__HBOS__seed-0__task-002282__cfg-40fb1147,mnist,HBOS,pca-0.10,0,0.23812144484290831,0.72029314376772,0.20384139401088552,0.27714285714285714,5.564055176994303,1.0,0.1,,
phase4__mnist__HBOS__seed-0__task-002281__cfg-a1413197,mnist,HBOS,pca-0.05,0,0.23812144484290831,0.72029314376772,0.20384139401088552,0.27714285714285714,5.564055176994303,1.0,0.05,,
phase4__mnist__HBOS__seed-0__task-002280__cfg-104fad55,mnist,HBOS,pca-0.01,0,0.23812144484290831,0.72029314376772,0.20384139401088552,0.27714285714285714,5.564055176994303,1.0,0.01,,
phase4__mnist__DBSCAN__seed-42__task-002279__cfg-838e96c8,mnist,DBSCAN,dimensionality-raw-preprocess,42,0.296821115922271,0.7290804205210986,0.28723350096231454,0.35285714285714287,2.1404477895343796,100.0,,,
phase4__mnist__LOF__seed-42__task-002278__cfg-27adfc8e,mnist,LOF,dimensionality-raw-preprocess,42,0.1288728361564414,0.5946540841456096,0.05436497589039962,0.14142857142857143,2.1404477895343796,100.0,,,
phase4__mnist__ECOD__seed-42__task-002277__cfg-bd8189bc,mnist,ECOD,pca-0.99,42,0.32095821025945326,0.813631133461642,0.26992570517994247,0.33714285714285713,2.135024511086477,23.0,0.99,,
phase4__mnist__ECOD__seed-42__task-002276__cfg-658f1c0c,mnist,ECOD,pca-0.90,42,0.33195374376834885,0.8020678380000412,0.31240847664576477,0.3757142857142857,2.1726483113624044,13.0,0.9,,
phase4__mnist__ECOD__seed-42__task-002275__cfg-e815f9c3,mnist,ECOD,pca-0.75,42,0.3448919025232046,0.7968436083690322,0.3281428364479212,0.39,2.3792116707061943,8.0,0.75,,
phase4__mnist__ECOD__seed-42__task-002274__cfg-26321ed1,mnist,ECOD,pca-0.50,42,0.32452810784248126,0.7908422838931314,0.2966741168436084,0.36142857142857143,2.905037198641181,4.0,0.5,,
phase4__mnist__ECOD__seed-42__task-002273__cfg-f161bc59,mnist,ECOD,pca-0.25,42,0.320946929052959,0.7880475362678753,0.320275656546843,0.38285714285714284,3.7480746162788545,2.0,0.25,,
phase4__mnist__ECOD__seed-42__task-002272__cfg-839b4e37,mnist,ECOD,pca-0.10,42,0.1914298359266271,0.7229924877382504,0.16607893048571015,0.24285714285714285,5.564055176994303,1.0,0.1,,
phase4__mnist__ECOD__seed-42__task-002271__cfg-5bf75394,mnist,ECOD,pca-0.05,42,0.1914298359266271,0.7229924877382504,0.16607893048571015,0.24285714285714285,5.564055176994303,1.0,0.05,,
phase4__mnist__ECOD__seed-42__task-002270__cfg-f88ce7a1,mnist,ECOD,pca-0.01,42,0.1914298359266271,0.7229924877382504,0.16607893048571015,0.24285714285714285,5.564055176994303,1.0,0.01,,
phase4__mnist__DBSCAN__seed-3__task-002269__cfg-96be6a38,mnist,DBSCAN,dimensionality-raw-preprocess,3,0.296821115922271,0.7290804205210986,0.28723350096231454,0.35285714285714287,2.1404477895343796,100.0,,,
phase4__mnist__LOF__seed-3__task-002268__cfg-a7cf4737,mnist,LOF,dimensionality-raw-preprocess,3,0.1288728361564414,0.5946540841456096,0.05436497589039962,0.14142857142857143,2.1404477895343796,100.0,,,
phase4__mnist__ECOD__seed-3__task-002267__cfg-ad300a70,mnist,ECOD,pca-0.99,3,0.32095821025945326,0.813631133461642,0.26992570517994247,0.33714285714285713,2.135024511086477,23.0,0.99,,
phase4__mnist__ECOD__seed-3__task-002266__cfg-8ef10738,mnist,ECOD,pca-0.90,3,0.33195374376834885,0.8020678380000412,0.31240847664576477,0.3757142857142857,2.1726483113624044,13.0,0.9,,
phase4__mnist__ECOD__seed-3__task-002265__cfg-d32b1481,mnist,ECOD,pca-0.75,3,0.3448919025232046,0.7968436083690322,0.3281428364479212,0.39,2.3792116707061943,8.0,0.75,,
phase4__mnist__ECOD__seed-3__task-002264__cfg-368398c3,mnist,ECOD,pca-0.50,3,0.32452810784248126,0.7908422838931314,0.2966741168436084,0.36142857142857143,2.905037198641181,4.0,0.5,,
phase4__mnist__ECOD__seed-3__task-002263__cfg-2dc119a6,mnist,ECOD,pca-0.25,3,0.320946929052959,0.7880475362678753,0.320275656546843,0.38285714285714284,3.7480746162788545,2.0,0.25,,
phase4__mnist__ECOD__seed-3__task-002262__cfg-21cb22fc,mnist,ECOD,pca-0.10,3,0.1914298359266271,0.7229924877382504,0.16607893048571015,0.24285714285714285,5.564055176994303,1.0,0.1,,
phase4__mnist__ECOD__seed-3__task-002261__cfg-092e5bf8,mnist,ECOD,pca-0.05,3,0.1914298359266271,0.7229924877382504,0.16607893048571015,0.24285714285714285,5.564055176994303,1.0,0.05,,
phase4__mnist__ECOD__seed-3__task-002260__cfg-7e6348b9,mnist,ECOD,pca-0.01,3,0.1914298359266271,0.7229924877382504,0.16607893048571015,0.24285714285714285,5.564055176994303,1.0,0.01,,
phase4__mnist__DBSCAN__seed-2__task-002259__cfg-674c61c9,mnist,DBSCAN,dimensionality-raw-preprocess,2,0.296821115922271,0.7290804205210986,0.28723350096231454,0.35285714285714287,2.1404477895343796,100.0,,,
phase4__mnist__LOF__seed-2__task-002258__cfg-41e71bf8,mnist,LOF,dimensionality-raw-preprocess,2,0.1288728361564414,0.5946540841456096,0.05436497589039962,0.14142857142857143,2.1404477895343796,100.0,,,
phase4__mnist__ECOD__seed-2__task-002257__cfg-3ca1e815,mnist,ECOD,pca-0.99,2,0.32095821025945326,0.813631133461642,0.26992570517994247,0.33714285714285713,2.135024511086477,23.0,0.99,,
phase4__mnist__ECOD__seed-2__task-002256__cfg-85c41630,mnist,ECOD,pca-0.90,2,0.33195374376834885,0.8020678380000412,0.31240847664576477,0.3757142857142857,2.1726483113624044,13.0,0.9,,
phase4__mnist__ECOD__seed-2__task-002255__cfg-2f0160a7,mnist,ECOD,pca-0.75,2,0.3448919025232046,0.7968436083690322,0.3281428364479212,0.39,2.3792116707061943,8.0,0.75,,
phase4__mnist__ECOD__seed-2__task-002254__cfg-3fa1be7e,mnist,ECOD,pca-0.50,2,0.32452810784248126,0.7908422838931314,0.2966741168436084,0.36142857142857143,2.905037198641181,4.0,0.5,,
phase4__mnist__ECOD__seed-2__task-002253__cfg-8d41628b,mnist,ECOD,pca-0.25,2,0.320946929052959,0.7880475362678753,0.320275656546843,0.38285714285714284,3.7480746162788545,2.0,0.25,,
phase4__mnist__ECOD__seed-2__task-002252__cfg-2bd070a4,mnist,ECOD,pca-0.10,2,0.1914298359266271,0.7229924877382504,0.16607893048571015,0.24285714285714285,5.564055176994303,1.0,0.1,,
phase4__mnist__ECOD__seed-2__task-002251__cfg-2c14d000,mnist,ECOD,pca-0.05,2,0.1914298359266271,0.7229924877382504,0.16607893048571015,0.24285714285714285,5.564055176994303,1.0,0.05,,
phase4__mnist__ECOD__seed-2__task-002250__cfg-dbdc0730,mnist,ECOD,pca-0.01,2,0.1914298359266271,0.7229924877382504,0.16607893048571015,0.24285714285714285,5.564055176994303,1.0,0.01,,
phase4__mnist__DBSCAN__seed-1__task-002249__cfg-bf7f1606,mnist,DBSCAN,dimensionality-raw-preprocess,1,0.296821115922271,0.7290804205210986,0.28723350096231454,0.35285714285714287,2.1404477895343796,100.0,,,
phase4__mnist__LOF__seed-1__task-002248__cfg-b5e01a00,mnist,LOF,dimensionality-raw-preprocess,1,0.1288728361564414,0.5946540841456096,0.05436497589039962,0.14142857142857143,2.1404477895343796,100.0,,,
phase4__mnist__ECOD__seed-1__task-002247__cfg-528316ea,mnist,ECOD,pca-0.99,1,0.32095821025945326,0.813631133461642,0.26992570517994247,0.33714285714285713,2.135024511086477,23.0,0.99,,
phase4__mnist__ECOD__seed-1__task-002246__cfg-7c7cab13,mnist,ECOD,pca-0.90,1,0.33195374376834885,0.8020678380000412,0.31240847664576477,0.3757142857142857,2.1726483113624044,13.0,0.9,,
phase4__mnist__ECOD__seed-1__task-002245__cfg-06b7be66,mnist,ECOD,pca-0.75,1,0.3448919025232046,0.7968436083690322,0.3281428364479212,0.39,2.3792116707061943,8.0,0.75,,
phase4__mnist__ECOD__seed-1__task-002244__cfg-1fc8429f,mnist,ECOD,pca-0.50,1,0.32452810784248126,0.7908422838931314,0.2966741168436084,0.36142857142857143,2.905037198641181,4.0,0.5,,
phase4__mnist__ECOD__seed-1__task-002243__cfg-306ef5be,mnist,ECOD,pca-0.25,1,0.320946929052959,0.7880475362678753,0.320275656546843,0.38285714285714284,3.7480746162788545,2.0,0.25,,
phase4__mnist__ECOD__seed-1__task-002242__cfg-ffa07b2f,mnist,ECOD,pca-0.10,1,0.1914298359266271,0.7229924877382504,0.16607893048571015,0.24285714285714285,5.564055176994303,1.0,0.1,,
phase4__mnist__ECOD__seed-1__task-002241__cfg-df4023cb,mnist,ECOD,pca-0.05,1,0.1914298359266271,0.7229924877382504,0.16607893048571015,0.24285714285714285,5.564055176994303,1.0,0.05,,
phase4__mnist__ECOD__seed-1__task-002240__cfg-cd7b5d6f,mnist,ECOD,pca-0.01,1,0.1914298359266271,0.7229924877382504,0.16607893048571015,0.24285714285714285,5.564055176994303,1.0,0.01,,
phase4__mnist__DBSCAN__seed-0__task-002239__cfg-2818007b,mnist,DBSCAN,dimensionality-raw-preprocess,0,0.296821115922271,0.7290804205210986,0.28723350096231454,0.35285714285714287,2.1404477895343796,100.0,,,
phase4__mnist__LOF__seed-0__task-002238__cfg-19635020,mnist,LOF,dimensionality-raw-preprocess,0,0.1288728361564414,0.5946540841456096,0.05436497589039962,0.14142857142857143,2.1404477895343796,100.0,,,
phase4__mnist__ECOD__seed-0__task-002237__cfg-c6f48e1a,mnist,ECOD,pca-0.99,0,0.32095821025945326,0.813631133461642,0.26992570517994247,0.33714285714285713,2.135024511086477,23.0,0.99,,
phase4__mnist__ECOD__seed-0__task-002236__cfg-aedeb5c7,mnist,ECOD,pca-0.90,0,0.33195374376834885,0.8020678380000412,0.31240847664576477,0.3757142857142857,2.1726483113624044,13.0,0.9,,
phase4__mnist__ECOD__seed-0__task-002235__cfg-2a411d13,mnist,ECOD,pca-0.75,0,0.3448919025232046,0.7968436083690322,0.3281428364479212,0.39,2.3792116707061943,8.0,0.75,,
phase4__mnist__ECOD__seed-0__task-002234__cfg-b977bf41,mnist,ECOD,pca-0.50,0,0.32452810784248126,0.7908422838931314,0.2966741168436084,0.36142857142857143,2.905037198641181,4.0,0.5,,
phase4__mnist__ECOD__seed-0__task-002233__cfg-efd8e4d8,mnist,ECOD,pca-0.25,0,0.320946929052959,0.7880475362678753,0.320275656546843,0.38285714285714284,3.7480746162788545,2.0,0.25,,
phase4__mnist__ECOD__seed-0__task-002232__cfg-8cf77a10,mnist,ECOD,pca-0.10,0,0.1914298359266271,0.7229924877382504,0.16607893048571015,0.24285714285714285,5.564055176994303,1.0,0.1,,
phase4__mnist__ECOD__seed-0__task-002231__cfg-749c7401,mnist,ECOD,pca-0.05,0,0.1914298359266271,0.7229924877382504,0.16607893048571015,0.24285714285714285,5.564055176994303,1.0,0.05,,
phase4__mnist__ECOD__seed-0__task-002230__cfg-dcb8b237,mnist,ECOD,pca-0.01,0,0.1914298359266271,0.7229924877382504,0.16607893048571015,0.24285714285714285,5.564055176994303,1.0,0.01,,
phase4__mnist__DBSCAN__seed-42__task-002229__cfg-838e96c8,mnist,DBSCAN,dimensionality-raw-preprocess,42,0.296821115922271,0.7290804205210986,0.28723350096231454,0.35285714285714287,2.1404477895343796,100.0,,,
phase4__mnist__LOF__seed-42__task-002228__cfg-27adfc8e,mnist,LOF,dimensionality-raw-preprocess,42,0.1288728361564414,0.5946540841456096,0.05436497589039962,0.14142857142857143,2.1404477895343796,100.0,,,
phase4__mnist__DBSCAN__seed-42__task-002227__cfg-7a5790ab,mnist,DBSCAN,pca-0.99,42,0.2727893928484096,0.7201095796858509,0.24947103743713914,0.31857142857142856,2.135024511086477,23.0,0.99,,
phase4__mnist__DBSCAN__seed-42__task-002226__cfg-e1e12c93,mnist,DBSCAN,pca-0.90,42,0.20615286643475803,0.6403400177976448,0.2180023178328263,0.29,2.1726483113624044,13.0,0.9,,
phase4__mnist__DBSCAN__seed-42__task-002225__cfg-5efdd402,mnist,DBSCAN,pca-0.75,42,0.15352527656698842,0.5825883156391631,0.14405082676269118,0.22285714285714286,2.3792116707061943,8.0,0.75,,
phase4__mnist__DBSCAN__seed-42__task-002224__cfg-1648c813,mnist,DBSCAN,pca-0.50,42,0.12753662013547876,0.5506131909521741,0.04020405206845885,0.12857142857142856,2.905037198641181,4.0,0.5,,
phase4__mnist__DBSCAN__seed-42__task-002223__cfg-bd2662a5,mnist,DBSCAN,pca-0.25,42,0.10991849991264283,0.5254133813455847,0.007161896483930382,0.09857142857142857,3.7480746162788545,2.0,0.25,,
phase4__mnist__DBSCAN__seed-42__task-002222__cfg-eca58cf1,mnist,DBSCAN,pca-0.10,42,0.12116134474314616,0.5589896732269614,0.07167277167277167,0.15714285714285714,5.564055176994303,1.0,0.1,,
phase4__mnist__DBSCAN__seed-42__task-002221__cfg-adbc7e15,mnist,DBSCAN,pca-0.05,42,0.12116134474314616,0.5589896732269614,0.07167277167277167,0.15714285714285714,5.564055176994303,1.0,0.05,,
phase4__mnist__DBSCAN__seed-42__task-002220__cfg-85f57bef,mnist,DBSCAN,pca-0.01,42,0.12116134474314616,0.5589896732269614,0.07167277167277167,0.15714285714285714,5.564055176994303,1.0,0.01,,
phase4__mnist__DBSCAN__seed-3__task-002219__cfg-96be6a38,mnist,DBSCAN,dimensionality-raw-preprocess,3,0.296821115922271,0.7290804205210986,0.28723350096231454,0.35285714285714287,2.1404477895343796,100.0,,,
phase4__mnist__LOF__seed-3__task-002218__cfg-a7cf4737,mnist,LOF,dimensionality-raw-preprocess,3,0.1288728361564414,0.5946540841456096,0.05436497589039962,0.14142857142857143,2.1404477895343796,100.0,,,
phase4__mnist__DBSCAN__seed-3__task-002217__cfg-2a3c34a6,mnist,DBSCAN,pca-0.99,3,0.2727893928484096,0.7201095796858509,0.24947103743713914,0.31857142857142856,2.135024511086477,23.0,0.99,,
phase4__mnist__DBSCAN__seed-3__task-002216__cfg-ca750160,mnist,DBSCAN,pca-0.90,3,0.20615286643475803,0.6403400177976448,0.2180023178328263,0.29,2.1726483113624044,13.0,0.9,,
phase4__mnist__DBSCAN__seed-3__task-002215__cfg-e603e118,mnist,DBSCAN,pca-0.75,3,0.15352527656698842,0.5825883156391631,0.14405082676269118,0.22285714285714286,2.3792116707061943,8.0,0.75,,
phase4__mnist__DBSCAN__seed-3__task-002214__cfg-d7f44708,mnist,DBSCAN,pca-0.50,3,0.12753662013547876,0.5506131909521741,0.04020405206845885,0.12857142857142856,2.905037198641181,4.0,0.5,,
phase4__mnist__DBSCAN__seed-3__task-002213__cfg-7067b210,mnist,DBSCAN,pca-0.25,3,0.10991849991264283,0.5254133813455847,0.007161896483930382,0.09857142857142857,3.7480746162788545,2.0,0.25,,
phase4__mnist__DBSCAN__seed-3__task-002212__cfg-05b52e85,mnist,DBSCAN,pca-0.10,3,0.12116134474314616,0.5589896732269614,0.07167277167277167,0.15714285714285714,5.564055176994303,1.0,0.1,,
phase4__mnist__DBSCAN__seed-3__task-002211__cfg-218e7003,mnist,DBSCAN,pca-0.05,3,0.12116134474314616,0.5589896732269614,0.07167277167277167,0.15714285714285714,5.564055176994303,1.0,0.05,,
phase4__mnist__DBSCAN__seed-3__task-002210__cfg-f209e014,mnist,DBSCAN,pca-0.01,3,0.12116134474314616,0.5589896732269614,0.07167277167277167,0.15714285714285714,5.564055176994303,1.0,0.01,,
phase4__mnist__DBSCAN__seed-2__task-002209__cfg-674c61c9,mnist,DBSCAN,dimensionality-raw-preprocess,2,0.296821115922271,0.7290804205210986,0.28723350096231454,0.35285714285714287,2.1404477895343796,100.0,,,
phase4__mnist__LOF__seed-2__task-002208__cfg-41e71bf8,mnist,LOF,dimensionality-raw-preprocess,2,0.1288728361564414,0.5946540841456096,0.05436497589039962,0.14142857142857143,2.1404477895343796,100.0,,,
phase4__mnist__DBSCAN__seed-2__task-002207__cfg-1e00de08,mnist,DBSCAN,pca-0.99,2,0.2727893928484096,0.7201095796858509,0.24947103743713914,0.31857142857142856,2.135024511086477,23.0,0.99,,
phase4__mnist__DBSCAN__seed-2__task-002206__cfg-7354e54f,mnist,DBSCAN,pca-0.90,2,0.20615286643475803,0.6403400177976448,0.2180023178328263,0.29,2.1726483113624044,13.0,0.9,,
phase4__mnist__DBSCAN__seed-2__task-002205__cfg-1ddc0ddc,mnist,DBSCAN,pca-0.75,2,0.15352527656698842,0.5825883156391631,0.14405082676269118,0.22285714285714286,2.3792116707061943,8.0,0.75,,
phase4__mnist__DBSCAN__seed-2__task-002204__cfg-39efb74b,mnist,DBSCAN,pca-0.50,2,0.12753662013547876,0.5506131909521741,0.04020405206845885,0.12857142857142856,2.905037198641181,4.0,0.5,,
phase4__mnist__DBSCAN__seed-2__task-002203__cfg-fdbe2da0,mnist,DBSCAN,pca-0.25,2,0.10991849991264283,0.5254133813455847,0.007161896483930382,0.09857142857142857,3.7480746162788545,2.0,0.25,,
phase4__mnist__DBSCAN__seed-2__task-002202__cfg-3961bf4c,mnist,DBSCAN,pca-0.10,2,0.12116134474314616,0.5589896732269614,0.07167277167277167,0.15714285714285714,5.564055176994303,1.0,0.1,,
phase4__mnist__DBSCAN__seed-2__task-002201__cfg-09cdba1e,mnist,DBSCAN,pca-0.05,2,0.12116134474314616,0.5589896732269614,0.07167277167277167,0.15714285714285714,5.564055176994303,1.0,0.05,,
phase4__mnist__DBSCAN__seed-2__task-002200__cfg-32111a0c,mnist,DBSCAN,pca-0.01,2,0.12116134474314616,0.5589896732269614,0.07167277167277167,0.15714285714285714,5.564055176994303,1.0,0.01,,
phase4__mnist__DBSCAN__seed-1__task-002199__cfg-bf7f1606,mnist,DBSCAN,dimensionality-raw-preprocess,1,0.296821115922271,0.7290804205210986,0.28723350096231454,0.35285714285714287,2.1404477895343796,100.0,,,
phase4__mnist__LOF__seed-1__task-002198__cfg-b5e01a00,mnist,LOF,dimensionality-raw-preprocess,1,0.1288728361564414,0.5946540841456096,0.05436497589039962,0.14142857142857143,2.1404477895343796,100.0,,,
phase4__mnist__DBSCAN__seed-1__task-002197__cfg-a8a4f401,mnist,DBSCAN,pca-0.99,1,0.2727893928484096,0.7201095796858509,0.24947103743713914,0.31857142857142856,2.135024511086477,23.0,0.99,,
phase4__mnist__DBSCAN__seed-1__task-002196__cfg-189c8192,mnist,DBSCAN,pca-0.90,1,0.20615286643475803,0.6403400177976448,0.2180023178328263,0.29,2.1726483113624044,13.0,0.9,,
phase4__mnist__DBSCAN__seed-1__task-002195__cfg-01a5c017,mnist,DBSCAN,pca-0.75,1,0.15352527656698842,0.5825883156391631,0.14405082676269118,0.22285714285714286,2.3792116707061943,8.0,0.75,,
phase4__mnist__DBSCAN__seed-1__task-002194__cfg-df33c1e2,mnist,DBSCAN,pca-0.50,1,0.12753662013547876,0.5506131909521741,0.04020405206845885,0.12857142857142856,2.905037198641181,4.0,0.5,,
phase4__mnist__DBSCAN__seed-1__task-002193__cfg-40a43c32,mnist,DBSCAN,pca-0.25,1,0.10991849991264283,0.5254133813455847,0.007161896483930382,0.09857142857142857,3.7480746162788545,2.0,0.25,,
phase4__mnist__DBSCAN__seed-1__task-002192__cfg-58a7bd6a,mnist,DBSCAN,pca-0.10,1,0.12116134474314616,0.5589896732269614,0.07167277167277167,0.15714285714285714,5.564055176994303,1.0,0.1,,
phase4__mnist__DBSCAN__seed-1__task-002191__cfg-2443e2a4,mnist,DBSCAN,pca-0.05,1,0.12116134474314616,0.5589896732269614,0.07167277167277167,0.15714285714285714,5.564055176994303,1.0,0.05,,
phase4__mnist__DBSCAN__seed-1__task-002190__cfg-884f1a3a,mnist,DBSCAN,pca-0.01,1,0.12116134474314616,0.5589896732269614,0.07167277167277167,0.15714285714285714,5.564055176994303,1.0,0.01,,
phase4__mnist__DBSCAN__seed-0__task-002189__cfg-2818007b,mnist,DBSCAN,dimensionality-raw-preprocess,0,0.296821115922271,0.7290804205210986,0.28723350096231454,0.35285714285714287,2.1404477895343796,100.0,,,
phase4__mnist__LOF__seed-0__task-002188__cfg-19635020,mnist,LOF,dimensionality-raw-preprocess,0,0.1288728361564414,0.5946540841456096,0.05436497589039962,0.14142857142857143,2.1404477895343796,100.0,,,
phase4__mnist__DBSCAN__seed-0__task-002187__cfg-badd4ffb,mnist,DBSCAN,pca-0.99,0,0.2727893928484096,0.7201095796858509,0.24947103743713914,0.31857142857142856,2.135024511086477,23.0,0.99,,
phase4__mnist__DBSCAN__seed-0__task-002186__cfg-6a00e287,mnist,DBSCAN,pca-0.90,0,0.20615286643475803,0.6403400177976448,0.2180023178328263,0.29,2.1726483113624044,13.0,0.9,,
phase4__mnist__DBSCAN__seed-0__task-002185__cfg-86a21b7d,mnist,DBSCAN,pca-0.75,0,0.15352527656698842,0.5825883156391631,0.14405082676269118,0.22285714285714286,2.3792116707061943,8.0,0.75,,
phase4__mnist__DBSCAN__seed-0__task-002184__cfg-2624af50,mnist,DBSCAN,pca-0.50,0,0.12753662013547876,0.5506131909521741,0.04020405206845885,0.12857142857142856,2.905037198641181,4.0,0.5,,
phase4__mnist__DBSCAN__seed-0__task-002183__cfg-1fa84b54,mnist,DBSCAN,pca-0.25,0,0.10991849991264283,0.5254133813455847,0.007161896483930382,0.09857142857142857,3.7480746162788545,2.0,0.25,,
phase4__mnist__DBSCAN__seed-0__task-002182__cfg-c04f7d76,mnist,DBSCAN,pca-0.10,0,0.12116134474314616,0.5589896732269614,0.07167277167277167,0.15714285714285714,5.564055176994303,1.0,0.1,,
phase4__mnist__DBSCAN__seed-0__task-002181__cfg-f3ee6fac,mnist,DBSCAN,pca-0.05,0,0.12116134474314616,0.5589896732269614,0.07167277167277167,0.15714285714285714,5.564055176994303,1.0,0.05,,
phase4__mnist__DBSCAN__seed-0__task-002180__cfg-1be24ea9,mnist,DBSCAN,pca-0.01,0,0.12116134474314616,0.5589896732269614,0.07167277167277167,0.15714285714285714,5.564055176994303,1.0,0.01,,
phase4__mnist__DBSCAN__seed-42__task-002179__cfg-838e96c8,mnist,DBSCAN,dimensionality-raw-preprocess,42,0.296821115922271,0.7290804205210986,0.28723350096231454,0.35285714285714287,2.1404477895343796,100.0,,,
phase4__mnist__LOF__seed-42__task-002178__cfg-27adfc8e,mnist,LOF,dimensionality-raw-preprocess,42,0.1288728361564414,0.5946540841456096,0.05436497589039962,0.14142857142857143,2.1404477895343796,100.0,,,
phase4__mnist__LOF__seed-42__task-002177__cfg-c9a66371,mnist,LOF,pca-0.99,42,0.1062683304568927,0.5651853231514249,-0.005425591357794747,0.08714285714285715,2.135024511086477,23.0,0.99,,
phase4__mnist__LOF__seed-42__task-002176__cfg-66308f53,mnist,LOF,pca-0.90,42,0.09872184801695591,0.5403224271020881,-0.01014589929844167,0.08285714285714285,2.1726483113624044,13.0,0.9,,
phase4__mnist__LOF__seed-42__task-002175__cfg-647c530f,mnist,LOF,pca-0.75,42,0.10036489538757026,0.5399744417541028,0.007161896483930382,0.09857142857142857,2.3792116707061943,8.0,0.75,,
phase4__mnist__LOF__seed-42__task-002174__cfg-50e98275,mnist,LOF,pca-0.50,42,0.0970577328569398,0.5202915916475239,-0.014866207239088595,0.07857142857142857,2.905037198641181,4.0,0.5,,
phase4__mnist__LOF__seed-42__task-002173__cfg-f82c5490,mnist,LOF,pca-0.25,42,0.11537234333999527,0.5572310175700006,0.05436497589039962,0.14142857142857143,3.7480746162788545,2.0,0.25,,
phase4__mnist__LOF__seed-42__task-002172__cfg-41559f03,mnist,LOF,pca-0.10,42,0.08646128940168044,0.4902950063119555,-0.018013079199519878,0.07571428571428572,5.564055176994303,1.0,0.1,,
phase4__mnist__LOF__seed-42__task-002171__cfg-af527170,mnist,LOF,pca-0.05,42,0.08646128940168044,0.4902950063119555,-0.018013079199519878,0.07571428571428572,5.564055176994303,1.0,0.05,,
phase4__mnist__LOF__seed-42__task-002170__cfg-e6be6ac9,mnist,LOF,pca-0.01,42,0.08646128940168044,0.4902950063119555,-0.018013079199519878,0.07571428571428572,5.564055176994303,1.0,0.01,,
phase4__mnist__DBSCAN__seed-3__task-002169__cfg-96be6a38,mnist,DBSCAN,dimensionality-raw-preprocess,3,0.296821115922271,0.7290804205210986,0.28723350096231454,0.35285714285714287,2.1404477895343796,100.0,,,
phase4__mnist__LOF__seed-3__task-002168__cfg-a7cf4737,mnist,LOF,dimensionality-raw-preprocess,3,0.1288728361564414,0.5946540841456096,0.05436497589039962,0.14142857142857143,2.1404477895343796,100.0,,,
phase4__mnist__LOF__seed-3__task-002167__cfg-03ddd986,mnist,LOF,pca-0.99,3,0.1062683304568927,0.5651853231514249,-0.005425591357794747,0.08714285714285715,2.135024511086477,23.0,0.99,,
phase4__mnist__LOF__seed-3__task-002166__cfg-6b0481cf,mnist,LOF,pca-0.90,3,0.09872184801695591,0.5403224271020881,-0.01014589929844167,0.08285714285714285,2.1726483113624044,13.0,0.9,,
phase4__mnist__LOF__seed-3__task-002165__cfg-e2678ee2,mnist,LOF,pca-0.75,3,0.10036489538757026,0.5399744417541028,0.007161896483930382,0.09857142857142857,2.3792116707061943,8.0,0.75,,
phase4__mnist__LOF__seed-3__task-002164__cfg-55b3bd7e,mnist,LOF,pca-0.50,3,0.0970577328569398,0.5202915916475239,-0.014866207239088595,0.07857142857142857,2.905037198641181,4.0,0.5,,
phase4__mnist__LOF__seed-3__task-002163__cfg-e47eaebe,mnist,LOF,pca-0.25,3,0.11537234333999527,0.5572310175700006,0.05436497589039962,0.14142857142857143,3.7480746162788545,2.0,0.25,,
phase4__mnist__LOF__seed-3__task-002162__cfg-b964e9b1,mnist,LOF,pca-0.10,3,0.08646128940168044,0.4902950063119555,-0.018013079199519878,0.07571428571428572,5.564055176994303,1.0,0.1,,
phase4__mnist__LOF__seed-3__task-002161__cfg-f2391aff,mnist,LOF,pca-0.05,3,0.08646128940168044,0.4902950063119555,-0.018013079199519878,0.07571428571428572,5.564055176994303,1.0,0.05,,
phase4__mnist__LOF__seed-3__task-002160__cfg-76c89108,mnist,LOF,pca-0.01,3,0.08646128940168044,0.4902950063119555,-0.018013079199519878,0.07571428571428572,5.564055176994303,1.0,0.01,,
phase4__mnist__DBSCAN__seed-2__task-002159__cfg-674c61c9,mnist,DBSCAN,dimensionality-raw-preprocess,2,0.296821115922271,0.7290804205210986,0.28723350096231454,0.35285714285714287,2.1404477895343796,100.0,,,
phase4__mnist__LOF__seed-2__task-002158__cfg-41e71bf8,mnist,LOF,dimensionality-raw-preprocess,2,0.1288728361564414,0.5946540841456096,0.05436497589039962,0.14142857142857143,2.1404477895343796,100.0,,,
phase4__mnist__LOF__seed-2__task-002157__cfg-892366ef,mnist,LOF,pca-0.99,2,0.1062683304568927,0.5651853231514249,-0.005425591357794747,0.08714285714285715,2.135024511086477,23.0,0.99,,
phase4__mnist__LOF__seed-2__task-002156__cfg-3cc427b4,mnist,LOF,pca-0.90,2,0.09872184801695591,0.5403224271020881,-0.01014589929844167,0.08285714285714285,2.1726483113624044,13.0,0.9,,
phase4__mnist__LOF__seed-2__task-002155__cfg-ac02588e,mnist,LOF,pca-0.75,2,0.10036489538757026,0.5399744417541028,0.007161896483930382,0.09857142857142857,2.3792116707061943,8.0,0.75,,
phase4__mnist__LOF__seed-2__task-002154__cfg-32d1d8d1,mnist,LOF,pca-0.50,2,0.0970577328569398,0.5202915916475239,-0.014866207239088595,0.07857142857142857,2.905037198641181,4.0,0.5,,
phase4__mnist__LOF__seed-2__task-002153__cfg-3187adfd,mnist,LOF,pca-0.25,2,0.11537234333999527,0.5572310175700006,0.05436497589039962,0.14142857142857143,3.7480746162788545,2.0,0.25,,
phase4__mnist__LOF__seed-2__task-002152__cfg-11242415,mnist,LOF,pca-0.10,2,0.08646128940168044,0.4902950063119555,-0.018013079199519878,0.07571428571428572,5.564055176994303,1.0,0.1,,
phase4__mnist__LOF__seed-2__task-002151__cfg-a3f1e815,mnist,LOF,pca-0.05,2,0.08646128940168044,0.4902950063119555,-0.018013079199519878,0.07571428571428572,5.564055176994303,1.0,0.05,,
phase4__mnist__LOF__seed-2__task-002150__cfg-9337fbbe,mnist,LOF,pca-0.01,2,0.08646128940168044,0.4902950063119555,-0.018013079199519878,0.07571428571428572,5.564055176994303,1.0,0.01,,
phase4__mnist__DBSCAN__seed-1__task-002149__cfg-bf7f1606,mnist,DBSCAN,dimensionality-raw-preprocess,1,0.296821115922271,0.7290804205210986,0.28723350096231454,0.35285714285714287,2.1404477895343796,100.0,,,
phase4__mnist__LOF__seed-1__task-002148__cfg-b5e01a00,mnist,LOF,dimensionality-raw-preprocess,1,0.1288728361564414,0.5946540841456096,0.05436497589039962,0.14142857142857143,2.1404477895343796,100.0,,,
phase4__mnist__LOF__seed-1__task-002147__cfg-e9dd4f2f,mnist,LOF,pca-0.99,1,0.1062683304568927,0.5651853231514249,-0.005425591357794747,0.08714285714285715,2.135024511086477,23.0,0.99,,
phase4__mnist__LOF__seed-1__task-002146__cfg-7575a585,mnist,LOF,pca-0.90,1,0.09872184801695591,0.5403224271020881,-0.01014589929844167,0.08285714285714285,2.1726483113624044,13.0,0.9,,
phase4__mnist__LOF__seed-1__task-002145__cfg-74dc49a7,mnist,LOF,pca-0.75,1,0.10036489538757026,0.5399744417541028,0.007161896483930382,0.09857142857142857,2.3792116707061943,8.0,0.75,,
phase4__mnist__LOF__seed-1__task-002144__cfg-12822b85,mnist,LOF,pca-0.50,1,0.0970577328569398,0.5202915916475239,-0.014866207239088595,0.07857142857142857,2.905037198641181,4.0,0.5,,
phase4__mnist__LOF__seed-1__task-002143__cfg-6120186e,mnist,LOF,pca-0.25,1,0.11537234333999527,0.5572310175700006,0.05436497589039962,0.14142857142857143,3.7480746162788545,2.0,0.25,,
phase4__mnist__LOF__seed-1__task-002142__cfg-fd271314,mnist,LOF,pca-0.10,1,0.08646128940168044,0.4902950063119555,-0.018013079199519878,0.07571428571428572,5.564055176994303,1.0,0.1,,
phase4__mnist__LOF__seed-1__task-002141__cfg-a60104f4,mnist,LOF,pca-0.05,1,0.08646128940168044,0.4902950063119555,-0.018013079199519878,0.07571428571428572,5.564055176994303,1.0,0.05,,
phase4__mnist__LOF__seed-1__task-002140__cfg-8b47f6b6,mnist,LOF,pca-0.01,1,0.08646128940168044,0.4902950063119555,-0.018013079199519878,0.07571428571428572,5.564055176994303,1.0,0.01,,
phase4__mnist__DBSCAN__seed-0__task-002139__cfg-2818007b,mnist,DBSCAN,dimensionality-raw-preprocess,0,0.296821115922271,0.7290804205210986,0.28723350096231454,0.35285714285714287,2.1404477895343796,100.0,,,
phase4__mnist__LOF__seed-0__task-002138__cfg-19635020,mnist,LOF,dimensionality-raw-preprocess,0,0.1288728361564414,0.5946540841456096,0.05436497589039962,0.14142857142857143,2.1404477895343796,100.0,,,
phase4__mnist__LOF__seed-0__task-002137__cfg-b473219c,mnist,LOF,pca-0.99,0,0.1062683304568927,0.5651853231514249,-0.005425591357794747,0.08714285714285715,2.135024511086477,23.0,0.99,,
phase4__mnist__LOF__seed-0__task-002136__cfg-1f16b9c1,mnist,LOF,pca-0.90,0,0.09872184801695591,0.5403224271020881,-0.01014589929844167,0.08285714285714285,2.1726483113624044,13.0,0.9,,
phase4__mnist__LOF__seed-0__task-002135__cfg-a60b62d8,mnist,LOF,pca-0.75,0,0.10036489538757026,0.5399744417541028,0.007161896483930382,0.09857142857142857,2.3792116707061943,8.0,0.75,,
phase4__mnist__LOF__seed-0__task-002134__cfg-3da1694c,mnist,LOF,pca-0.50,0,0.0970577328569398,0.5202915916475239,-0.014866207239088595,0.07857142857142857,2.905037198641181,4.0,0.5,,
phase4__mnist__LOF__seed-0__task-002133__cfg-461a6bf8,mnist,LOF,pca-0.25,0,0.11537234333999527,0.5572310175700006,0.05436497589039962,0.14142857142857143,3.7480746162788545,2.0,0.25,,
phase4__mnist__LOF__seed-0__task-002132__cfg-c4bad3f6,mnist,LOF,pca-0.10,0,0.08646128940168044,0.4902950063119555,-0.018013079199519878,0.07571428571428572,5.564055176994303,1.0,0.1,,
phase4__mnist__LOF__seed-0__task-002131__cfg-265e2922,mnist,LOF,pca-0.05,0,0.08646128940168044,0.4902950063119555,-0.018013079199519878,0.07571428571428572,5.564055176994303,1.0,0.05,,
phase4__mnist__LOF__seed-0__task-002130__cfg-dc9d56c1,mnist,LOF,pca-0.01,0,0.08646128940168044,0.4902950063119555,-0.018013079199519878,0.07571428571428572,5.564055176994303,1.0,0.01,,
phase4__mnist__DBSCAN__seed-42__task-002129__cfg-838e96c8,mnist,DBSCAN,dimensionality-raw-preprocess,42,0.296821115922271,0.7290804205210986,0.28723350096231454,0.35285714285714287,2.1404477895343796,100.0,,,
phase4__mnist__LOF__seed-42__task-002128__cfg-27adfc8e,mnist,LOF,dimensionality-raw-preprocess,42,0.1288728361564414,0.5946540841456096,0.05436497589039962,0.14142857142857143,2.1404477895343796,100.0,,,
phase4__mnist__IForest__seed-42__task-002127__cfg-21d1d479,mnist,IForest,pca-0.99,42,0.32933041871101626,0.8174842201113388,0.2935272448831771,0.3585714285714286,2.135024511086477,23.0,0.99,,
phase4__mnist__IForest__seed-42__task-002126__cfg-cd813745,mnist,IForest,pca-0.90,42,0.29155735373870106,0.7823244552058112,0.26520539723929554,0.33285714285714285,2.1726483113624044,13.0,0.9,,
phase4__mnist__IForest__seed-42__task-002125__cfg-749e5934,mnist,IForest,pca-0.75,42,0.26972106244375654,0.7676667494464106,0.2526179093975704,0.32142857142857145,2.3792116707061943,8.0,0.75,,
phase4__mnist__IForest__seed-42__task-002124__cfg-38021218,mnist,IForest,pca-0.50,42,0.2626296316664652,0.7763397901533495,0.236883549595414,0.30714285714285716,2.905037198641181,4.0,0.5,,
phase4__mnist__IForest__seed-42__task-002123__cfg-7cbb5c23,mnist,IForest,pca-0.25,42,0.19136995366018755,0.7223366652180212,0.14877113470333808,0.22714285714285715,3.7480746162788545,2.0,0.25,,
phase4__mnist__IForest__seed-42__task-002122__cfg-f42f63c2,mnist,IForest,pca-0.10,42,0.21148451412349423,0.7398703462262785,0.22272262577347324,0.29428571428571426,5.564055176994303,1.0,0.1,,
phase4__mnist__IForest__seed-42__task-002121__cfg-1a961332,mnist,IForest,pca-0.05,42,0.21148451412349423,0.7398703462262785,0.22272262577347324,0.29428571428571426,5.564055176994303,1.0,0.05,,
phase4__mnist__IForest__seed-42__task-002120__cfg-eaf1186a,mnist,IForest,pca-0.01,42,0.21148451412349423,0.7398703462262785,0.22272262577347324,0.29428571428571426,5.564055176994303,1.0,0.01,,
phase4__mnist__DBSCAN__seed-3__task-002119__cfg-96be6a38,mnist,DBSCAN,dimensionality-raw-preprocess,3,0.296821115922271,0.7290804205210986,0.28723350096231454,0.35285714285714287,2.1404477895343796,100.0,,,
phase4__mnist__LOF__seed-3__task-002118__cfg-a7cf4737,mnist,LOF,dimensionality-raw-preprocess,3,0.1288728361564414,0.5946540841456096,0.05436497589039962,0.14142857142857143,2.1404477895343796,100.0,,,
phase4__mnist__IForest__seed-3__task-002117__cfg-bbdc18b4,mnist,IForest,pca-0.99,3,0.32933041871101626,0.8174842201113388,0.2935272448831771,0.3585714285714286,2.135024511086477,23.0,0.99,,
phase4__mnist__IForest__seed-3__task-002116__cfg-34c4721b,mnist,IForest,pca-0.90,3,0.29155735373870106,0.7823244552058112,0.26520539723929554,0.33285714285714285,2.1726483113624044,13.0,0.9,,
phase4__mnist__IForest__seed-3__task-002115__cfg-18c32e5e,mnist,IForest,pca-0.75,3,0.26972106244375654,0.7676667494464106,0.2526179093975704,0.32142857142857145,2.3792116707061943,8.0,0.75,,
phase4__mnist__IForest__seed-3__task-002114__cfg-c584cc90,mnist,IForest,pca-0.50,3,0.2626296316664652,0.7763397901533495,0.236883549595414,0.30714285714285716,2.905037198641181,4.0,0.5,,
phase4__mnist__IForest__seed-3__task-002113__cfg-0169a867,mnist,IForest,pca-0.25,3,0.19136995366018755,0.7223366652180212,0.14877113470333808,0.22714285714285715,3.7480746162788545,2.0,0.25,,
phase4__mnist__IForest__seed-3__task-002112__cfg-452b3eba,mnist,IForest,pca-0.10,3,0.21148451412349423,0.7398703462262785,0.22272262577347324,0.29428571428571426,5.564055176994303,1.0,0.1,,
phase4__mnist__IForest__seed-3__task-002111__cfg-763083a4,mnist,IForest,pca-0.05,3,0.21148451412349423,0.7398703462262785,0.22272262577347324,0.29428571428571426,5.564055176994303,1.0,0.05,,
phase4__mnist__IForest__seed-3__task-002110__cfg-75c22371,mnist,IForest,pca-0.01,3,0.21148451412349423,0.7398703462262785,0.22272262577347324,0.29428571428571426,5.564055176994303,1.0,0.01,,
phase4__mnist__DBSCAN__seed-2__task-002109__cfg-674c61c9,mnist,DBSCAN,dimensionality-raw-preprocess,2,0.296821115922271,0.7290804205210986,0.28723350096231454,0.35285714285714287,2.1404477895343796,100.0,,,
phase4__mnist__LOF__seed-2__task-002108__cfg-41e71bf8,mnist,LOF,dimensionality-raw-preprocess,2,0.1288728361564414,0.5946540841456096,0.05436497589039962,0.14142857142857143,2.1404477895343796,100.0,,,
phase4__mnist__IForest__seed-2__task-002107__cfg-f294a884,mnist,IForest,pca-0.99,2,0.32933041871101626,0.8174842201113388,0.2935272448831771,0.3585714285714286,2.135024511086477,23.0,0.99,,
phase4__mnist__IForest__seed-2__task-002106__cfg-f6028cff,mnist,IForest,pca-0.90,2,0.29155735373870106,0.7823244552058112,0.26520539723929554,0.33285714285714285,2.1726483113624044,13.0,0.9,,
phase4__mnist__IForest__seed-2__task-002105__cfg-138723cb,mnist,IForest,pca-0.75,2,0.26972106244375654,0.7676667494464106,0.2526179093975704,0.32142857142857145,2.3792116707061943,8.0,0.75,,
phase4__mnist__IForest__seed-2__task-002104__cfg-e2f58826,mnist,IForest,pca-0.50,2,0.2626296316664652,0.7763397901533495,0.236883549595414,0.30714285714285716,2.905037198641181,4.0,0.5,,
phase4__mnist__IForest__seed-2__task-002103__cfg-5bb2dd82,mnist,IForest,pca-0.25,2,0.19136995366018755,0.7223366652180212,0.14877113470333808,0.22714285714285715,3.7480746162788545,2.0,0.25,,
phase4__mnist__IForest__seed-2__task-002102__cfg-ce7fb29d,mnist,IForest,pca-0.10,2,0.21148451412349423,0.7398703462262785,0.22272262577347324,0.29428571428571426,5.564055176994303,1.0,0.1,,
phase4__mnist__IForest__seed-2__task-002101__cfg-b6e5f6fb,mnist,IForest,pca-0.05,2,0.21148451412349423,0.7398703462262785,0.22272262577347324,0.29428571428571426,5.564055176994303,1.0,0.05,,
phase4__mnist__IForest__seed-2__task-002100__cfg-93b27090,mnist,IForest,pca-0.01,2,0.21148451412349423,0.7398703462262785,0.22272262577347324,0.29428571428571426,5.564055176994303,1.0,0.01,,
phase4__mnist__DBSCAN__seed-1__task-002099__cfg-bf7f1606,mnist,DBSCAN,dimensionality-raw-preprocess,1,0.296821115922271,0.7290804205210986,0.28723350096231454,0.35285714285714287,2.1404477895343796,100.0,,,
phase4__mnist__LOF__seed-1__task-002098__cfg-b5e01a00,mnist,LOF,dimensionality-raw-preprocess,1,0.1288728361564414,0.5946540841456096,0.05436497589039962,0.14142857142857143,2.1404477895343796,100.0,,,
phase4__mnist__IForest__seed-1__task-002097__cfg-a4524b61,mnist,IForest,pca-0.99,1,0.32933041871101626,0.8174842201113388,0.2935272448831771,0.3585714285714286,2.135024511086477,23.0,0.99,,
phase4__mnist__IForest__seed-1__task-002096__cfg-35c97bd1,mnist,IForest,pca-0.90,1,0.29155735373870106,0.7823244552058112,0.26520539723929554,0.33285714285714285,2.1726483113624044,13.0,0.9,,
phase4__mnist__IForest__seed-1__task-002095__cfg-5d8c272b,mnist,IForest,pca-0.75,1,0.26972106244375654,0.7676667494464106,0.2526179093975704,0.32142857142857145,2.3792116707061943,8.0,0.75,,
phase4__mnist__IForest__seed-1__task-002094__cfg-82e13632,mnist,IForest,pca-0.50,1,0.2626296316664652,0.7763397901533495,0.236883549595414,0.30714285714285716,2.905037198641181,4.0,0.5,,
phase4__mnist__IForest__seed-1__task-002093__cfg-49ede247,mnist,IForest,pca-0.25,1,0.19136995366018755,0.7223366652180212,0.14877113470333808,0.22714285714285715,3.7480746162788545,2.0,0.25,,
phase4__mnist__IForest__seed-1__task-002092__cfg-07ba7dfb,mnist,IForest,pca-0.10,1,0.21148451412349423,0.7398703462262785,0.22272262577347324,0.29428571428571426,5.564055176994303,1.0,0.1,,
phase4__mnist__IForest__seed-1__task-002091__cfg-20d56ec1,mnist,IForest,pca-0.05,1,0.21148451412349423,0.7398703462262785,0.22272262577347324,0.29428571428571426,5.564055176994303,1.0,0.05,,
phase4__mnist__IForest__seed-1__task-002090__cfg-812af085,mnist,IForest,pca-0.01,1,0.21148451412349423,0.7398703462262785,0.22272262577347324,0.29428571428571426,5.564055176994303,1.0,0.01,,
phase4__mnist__DBSCAN__seed-0__task-002089__cfg-2818007b,mnist,DBSCAN,dimensionality-raw-preprocess,0,0.296821115922271,0.7290804205210986,0.28723350096231454,0.35285714285714287,2.1404477895343796,100.0,,,
phase4__mnist__LOF__seed-0__task-002088__cfg-19635020,mnist,LOF,dimensionality-raw-preprocess,0,0.1288728361564414,0.5946540841456096,0.05436497589039962,0.14142857142857143,2.1404477895343796,100.0,,,
phase4__mnist__IForest__seed-0__task-002087__cfg-af4a9905,mnist,IForest,pca-0.99,0,0.32933041871101626,0.8174842201113388,0.2935272448831771,0.3585714285714286,2.135024511086477,23.0,0.99,,
phase4__mnist__IForest__seed-0__task-002086__cfg-fd8f1635,mnist,IForest,pca-0.90,0,0.29155735373870106,0.7823244552058112,0.26520539723929554,0.33285714285714285,2.1726483113624044,13.0,0.9,,
phase4__mnist__IForest__seed-0__task-002085__cfg-8df446e0,mnist,IForest,pca-0.75,0,0.26972106244375654,0.7676667494464106,0.2526179093975704,0.32142857142857145,2.3792116707061943,8.0,0.75,,
phase4__mnist__IForest__seed-0__task-002084__cfg-4255ada3,mnist,IForest,pca-0.50,0,0.2626296316664652,0.7763397901533495,0.236883549595414,0.30714285714285716,2.905037198641181,4.0,0.5,,
phase4__mnist__IForest__seed-0__task-002083__cfg-b53223a5,mnist,IForest,pca-0.25,0,0.19136995366018755,0.7223366652180212,0.14877113470333808,0.22714285714285715,3.7480746162788545,2.0,0.25,,
phase4__mnist__IForest__seed-0__task-002082__cfg-b04e7047,mnist,IForest,pca-0.10,0,0.21148451412349423,0.7398703462262785,0.22272262577347324,0.29428571428571426,5.564055176994303,1.0,0.1,,
phase4__mnist__IForest__seed-0__task-002081__cfg-c05fe36c,mnist,IForest,pca-0.05,0,0.21148451412349423,0.7398703462262785,0.22272262577347324,0.29428571428571426,5.564055176994303,1.0,0.05,,
phase4__mnist__IForest__seed-0__task-002080__cfg-327e95e3,mnist,IForest,pca-0.01,0,0.21148451412349423,0.7398703462262785,0.22272262577347324,0.29428571428571426,5.564055176994303,1.0,0.01,,
phase4__mnist__DBSCAN__seed-42__task-002079__cfg-838e96c8,mnist,DBSCAN,dimensionality-raw-preprocess,42,0.296821115922271,0.7290804205210986,0.28723350096231454,0.35285714285714287,2.1404477895343796,100.0,,,
phase4__mnist__LOF__seed-42__task-002078__cfg-27adfc8e,mnist,LOF,dimensionality-raw-preprocess,42,0.1288728361564414,0.5946540841456096,0.05436497589039962,0.14142857142857143,2.1404477895343796,100.0,,,
phase4__mnist__OCSVM__seed-42__task-002077__cfg-88136e8a,mnist,OCSVM,pca-0.99,42,0.28788924255286286,0.7509848720018212,0.2557647813580017,0.3242857142857143,2.135024511086477,23.0,0.99,,
phase4__mnist__OCSVM__seed-42__task-002076__cfg-93ebdea8,mnist,OCSVM,pca-0.90,42,0.24339231915500303,0.6918134972372261,0.2211491897932576,0.29285714285714287,2.1726483113624044,13.0,0.9,,
phase4__mnist__OCSVM__seed-42__task-002075__cfg-5095f380,mnist,OCSVM,pca-0.75,42,0.20239977862883268,0.637008960907266,0.20384139401088552,0.27714285714285714,2.3792116707061943,8.0,0.75,,
phase4__mnist__OCSVM__seed-42__task-002074__cfg-2463c204,mnist,OCSVM,pca-0.50,42,0.17237795260803962,0.5339550092092464,0.2101351379317481,0.28285714285714286,2.905037198641181,4.0,0.5,,
phase4__mnist__OCSVM__seed-42__task-002073__cfg-5cc4618e,mnist,OCSVM,pca-0.25,42,0.1793946731370675,0.6302423376999647,0.21485544587239502,0.28714285714285714,3.7480746162788545,2.0,0.25,,
phase4__mnist__OCSVM__seed-42__task-002072__cfg-fe9da945,mnist,OCSVM,pca-0.10,42,0.11076567059810119,0.452955236853542,0.10943523519794707,0.19142857142857142,5.564055176994303,1.0,0.1,,
phase4__mnist__OCSVM__seed-42__task-002071__cfg-58418935,mnist,OCSVM,pca-0.05,42,0.11076567059810119,0.452955236853542,0.10943523519794707,0.19142857142857142,5.564055176994303,1.0,0.05,,
phase4__mnist__OCSVM__seed-42__task-002070__cfg-5216cd06,mnist,OCSVM,pca-0.01,42,0.11076567059810119,0.452955236853542,0.10943523519794707,0.19142857142857142,5.564055176994303,1.0,0.01,,
phase4__mnist__DBSCAN__seed-3__task-002069__cfg-96be6a38,mnist,DBSCAN,dimensionality-raw-preprocess,3,0.296821115922271,0.7290804205210986,0.28723350096231454,0.35285714285714287,2.1404477895343796,100.0,,,
phase4__mnist__LOF__seed-3__task-002068__cfg-a7cf4737,mnist,LOF,dimensionality-raw-preprocess,3,0.1288728361564414,0.5946540841456096,0.05436497589039962,0.14142857142857143,2.1404477895343796,100.0,,,
phase4__mnist__OCSVM__seed-3__task-002067__cfg-a7128b7e,mnist,OCSVM,pca-0.99,3,0.28788924255286286,0.7509848720018212,0.2557647813580017,0.3242857142857143,2.135024511086477,23.0,0.99,,
phase4__mnist__OCSVM__seed-3__task-002066__cfg-f5f32d24,mnist,OCSVM,pca-0.90,3,0.24339231915500303,0.6918134972372261,0.2211491897932576,0.29285714285714287,2.1726483113624044,13.0,0.9,,
phase4__mnist__OCSVM__seed-3__task-002065__cfg-be9ed13c,mnist,OCSVM,pca-0.75,3,0.20239977862883268,0.637008960907266,0.20384139401088552,0.27714285714285714,2.3792116707061943,8.0,0.75,,
phase4__mnist__OCSVM__seed-3__task-002064__cfg-5b0cb647,mnist,OCSVM,pca-0.50,3,0.17237795260803962,0.5339550092092464,0.2101351379317481,0.28285714285714286,2.905037198641181,4.0,0.5,,
phase4__mnist__OCSVM__seed-3__task-002063__cfg-5ee45934,mnist,OCSVM,pca-0.25,3,0.1793946731370675,0.6302423376999647,0.21485544587239502,0.28714285714285714,3.7480746162788545,2.0,0.25,,
phase4__mnist__OCSVM__seed-3__task-002062__cfg-e4ef6720,mnist,OCSVM,pca-0.10,3,0.11076567059810119,0.452955236853542,0.10943523519794707,0.19142857142857142,5.564055176994303,1.0,0.1,,
phase4__mnist__OCSVM__seed-3__task-002061__cfg-c5ed2bf0,mnist,OCSVM,pca-0.05,3,0.11076567059810119,0.452955236853542,0.10943523519794707,0.19142857142857142,5.564055176994303,1.0,0.05,,
phase4__mnist__OCSVM__seed-3__task-002060__cfg-b642b3ad,mnist,OCSVM,pca-0.01,3,0.11076567059810119,0.452955236853542,0.10943523519794707,0.19142857142857142,5.564055176994303,1.0,0.01,,
phase4__mnist__DBSCAN__seed-2__task-002059__cfg-674c61c9,mnist,DBSCAN,dimensionality-raw-preprocess,2,0.296821115922271,0.7290804205210986,0.28723350096231454,0.35285714285714287,2.1404477895343796,100.0,,,
phase4__mnist__LOF__seed-2__task-002058__cfg-41e71bf8,mnist,LOF,dimensionality-raw-preprocess,2,0.1288728361564414,0.5946540841456096,0.05436497589039962,0.14142857142857143,2.1404477895343796,100.0,,,
phase4__mnist__OCSVM__seed-2__task-002057__cfg-a398f5e3,mnist,OCSVM,pca-0.99,2,0.28788924255286286,0.7509848720018212,0.2557647813580017,0.3242857142857143,2.135024511086477,23.0,0.99,,
phase4__mnist__OCSVM__seed-2__task-002056__cfg-87ed3cb4,mnist,OCSVM,pca-0.90,2,0.24339231915500303,0.6918134972372261,0.2211491897932576,0.29285714285714287,2.1726483113624044,13.0,0.9,,
phase4__mnist__OCSVM__seed-2__task-002055__cfg-fb9a4003,mnist,OCSVM,pca-0.75,2,0.20239977862883268,0.637008960907266,0.20384139401088552,0.27714285714285714,2.3792116707061943,8.0,0.75,,
phase4__mnist__OCSVM__seed-2__task-002054__cfg-33d3eda7,mnist,OCSVM,pca-0.50,2,0.17237795260803962,0.5339550092092464,0.2101351379317481,0.28285714285714286,2.905037198641181,4.0,0.5,,
phase4__mnist__OCSVM__seed-2__task-002053__cfg-94f1a7ec,mnist,OCSVM,pca-0.25,2,0.1793946731370675,0.6302423376999647,0.21485544587239502,0.28714285714285714,3.7480746162788545,2.0,0.25,,
phase4__mnist__OCSVM__seed-2__task-002052__cfg-3b6850ea,mnist,OCSVM,pca-0.10,2,0.11076567059810119,0.452955236853542,0.10943523519794707,0.19142857142857142,5.564055176994303,1.0,0.1,,
phase4__mnist__OCSVM__seed-2__task-002051__cfg-5182f98c,mnist,OCSVM,pca-0.05,2,0.11076567059810119,0.452955236853542,0.10943523519794707,0.19142857142857142,5.564055176994303,1.0,0.05,,
phase4__mnist__OCSVM__seed-2__task-002050__cfg-d647f5de,mnist,OCSVM,pca-0.01,2,0.11076567059810119,0.452955236853542,0.10943523519794707,0.19142857142857142,5.564055176994303,1.0,0.01,,
phase4__mnist__DBSCAN__seed-1__task-002049__cfg-bf7f1606,mnist,DBSCAN,dimensionality-raw-preprocess,1,0.296821115922271,0.7290804205210986,0.28723350096231454,0.35285714285714287,2.1404477895343796,100.0,,,
phase4__mnist__LOF__seed-1__task-002048__cfg-b5e01a00,mnist,LOF,dimensionality-raw-preprocess,1,0.1288728361564414,0.5946540841456096,0.05436497589039962,0.14142857142857143,2.1404477895343796,100.0,,,
phase4__mnist__OCSVM__seed-1__task-002047__cfg-30a3c8f9,mnist,OCSVM,pca-0.99,1,0.28788924255286286,0.7509848720018212,0.2557647813580017,0.3242857142857143,2.135024511086477,23.0,0.99,,
phase4__mnist__OCSVM__seed-1__task-002046__cfg-1e1248fc,mnist,OCSVM,pca-0.90,1,0.24339231915500303,0.6918134972372261,0.2211491897932576,0.29285714285714287,2.1726483113624044,13.0,0.9,,
phase4__mnist__OCSVM__seed-1__task-002045__cfg-0a91c69a,mnist,OCSVM,pca-0.75,1,0.20239977862883268,0.637008960907266,0.20384139401088552,0.27714285714285714,2.3792116707061943,8.0,0.75,,
phase4__mnist__OCSVM__seed-1__task-002044__cfg-33ee9eb7,mnist,OCSVM,pca-0.50,1,0.17237795260803962,0.5339550092092464,0.2101351379317481,0.28285714285714286,2.905037198641181,4.0,0.5,,
phase4__mnist__OCSVM__seed-1__task-002043__cfg-306255a9,mnist,OCSVM,pca-0.25,1,0.1793946731370675,0.6302423376999647,0.21485544587239502,0.28714285714285714,3.7480746162788545,2.0,0.25,,
phase4__mnist__OCSVM__seed-1__task-002042__cfg-c096215a,mnist,OCSVM,pca-0.10,1,0.11076567059810119,0.452955236853542,0.10943523519794707,0.19142857142857142,5.564055176994303,1.0,0.1,,
phase4__mnist__OCSVM__seed-1__task-002041__cfg-e7ac147e,mnist,OCSVM,pca-0.05,1,0.11076567059810119,0.452955236853542,0.10943523519794707,0.19142857142857142,5.564055176994303,1.0,0.05,,
phase4__mnist__OCSVM__seed-1__task-002040__cfg-d9a7a0ec,mnist,OCSVM,pca-0.01,1,0.11076567059810119,0.452955236853542,0.10943523519794707,0.19142857142857142,5.564055176994303,1.0,0.01,,
phase4__mnist__DBSCAN__seed-0__task-002039__cfg-2818007b,mnist,DBSCAN,dimensionality-raw-preprocess,0,0.296821115922271,0.7290804205210986,0.28723350096231454,0.35285714285714287,2.1404477895343796,100.0,,,
phase4__mnist__LOF__seed-0__task-002038__cfg-19635020,mnist,LOF,dimensionality-raw-preprocess,0,0.1288728361564414,0.5946540841456096,0.05436497589039962,0.14142857142857143,2.1404477895343796,100.0,,,
phase4__mnist__OCSVM__seed-0__task-002037__cfg-202f98e3,mnist,OCSVM,pca-0.99,0,0.28788924255286286,0.7509848720018212,0.2557647813580017,0.3242857142857143,2.135024511086477,23.0,0.99,,
phase4__mnist__OCSVM__seed-0__task-002036__cfg-5cc769bb,mnist,OCSVM,pca-0.90,0,0.24339231915500303,0.6918134972372261,0.2211491897932576,0.29285714285714287,2.1726483113624044,13.0,0.9,,
phase4__mnist__OCSVM__seed-0__task-002035__cfg-7391bca8,mnist,OCSVM,pca-0.75,0,0.20239977862883268,0.637008960907266,0.20384139401088552,0.27714285714285714,2.3792116707061943,8.0,0.75,,
phase4__mnist__OCSVM__seed-0__task-002034__cfg-dec438fa,mnist,OCSVM,pca-0.50,0,0.17237795260803962,0.5339550092092464,0.2101351379317481,0.28285714285714286,2.905037198641181,4.0,0.5,,
phase4__mnist__OCSVM__seed-0__task-002033__cfg-1bb43c6f,mnist,OCSVM,pca-0.25,0,0.1793946731370675,0.6302423376999647,0.21485544587239502,0.28714285714285714,3.7480746162788545,2.0,0.25,,
phase4__mnist__OCSVM__seed-0__task-002032__cfg-63637599,mnist,OCSVM,pca-0.10,0,0.11076567059810119,0.452955236853542,0.10943523519794707,0.19142857142857142,5.564055176994303,1.0,0.1,,
phase4__mnist__OCSVM__seed-0__task-002031__cfg-3d281aed,mnist,OCSVM,pca-0.05,0,0.11076567059810119,0.452955236853542,0.10943523519794707,0.19142857142857142,5.564055176994303,1.0,0.05,,
phase4__mnist__OCSVM__seed-0__task-002030__cfg-09f95e15,mnist,OCSVM,pca-0.01,0,0.11076567059810119,0.452955236853542,0.10943523519794707,0.19142857142857142,5.564055176994303,1.0,0.01,,
phase4__speech__DBSCAN__seed-42__task-002029__cfg-c584b00f,speech,DBSCAN,dimensionality-raw-preprocess,42,0.01682524010448134,0.4702227247032222,0.01651102317693612,0.03278688524590164,0.4889148038223775,400.0,,,
phase4__speech__LOF__seed-42__task-002028__cfg-0e133f53,speech,LOF,dimensionality-raw-preprocess,42,0.024065583541958216,0.5080927077444884,0.01651102317693612,0.03278688524590164,0.4889148038223775,400.0,,,
phase4__speech__HBOS__seed-42__task-002027__cfg-67334e54,speech,HBOS,pca-0.99,42,0.023556440402979266,0.49951837196156024,0.0498496325607688,0.06557377049180328,0.4886682441146244,386.0,0.99,,
phase4__speech__HBOS__seed-42__task-002026__cfg-25cb68f8,speech,HBOS,pca-0.90,42,0.023281034106140613,0.48853363482193324,0.0498496325607688,0.06557377049180328,0.5095189666447463,301.0,0.9,,
phase4__speech__HBOS__seed-42__task-002025__cfg-117db02d,speech,HBOS,pca-0.75,42,0.0182836370354141,0.46841831543244766,0.01651102317693612,0.03278688524590164,0.5286821219363488,208.0,0.75,,
phase4__speech__HBOS__seed-42__task-002024__cfg-84e50a97,speech,HBOS,pca-0.50,42,0.01556208569777268,0.43558620689655175,-0.0001582815149802148,0.01639344262295082,0.574262934517235,108.0,0.5,,
phase4__speech__HBOS__seed-42__task-002023__cfg-2cac1b1b,speech,HBOS,pca-0.25,42,0.01310572620186059,0.3914347088750707,-0.01682758620689655,0.0,0.783651493383854,41.0,0.25,,
phase4__speech__HBOS__seed-42__task-002022__cfg-062fa826,speech,HBOS,pca-0.10,42,0.018162951594331535,0.4317829282080271,0.01651102317693612,0.03278688524590164,1.1728723608430027,13.0,0.1,,
phase4__speech__HBOS__seed-42__task-002021__cfg-886d6236,speech,HBOS,pca-0.05,42,0.018572874288111413,0.5147789711701526,0.01651102317693612,0.03278688524590164,1.8629500252093998,5.0,0.05,,
phase4__speech__HBOS__seed-42__task-002020__cfg-664c7db6,speech,HBOS,pca-0.01,42,0.014667797027627794,0.43274618428490674,0.01651102317693612,0.03278688524590164,3.7361107468250117,1.0,0.01,,
phase4__speech__DBSCAN__seed-3__task-002019__cfg-9a57f4e0,speech,DBSCAN,dimensionality-raw-preprocess,3,0.01682524010448134,0.4702227247032222,0.01651102317693612,0.03278688524590164,0.4889148038223775,400.0,,,
phase4__speech__LOF__seed-3__task-002018__cfg-81c309c6,speech,LOF,dimensionality-raw-preprocess,3,0.024065583541958216,0.5080927077444884,0.01651102317693612,0.03278688524590164,0.4889148038223775,400.0,,,
phase4__speech__HBOS__seed-3__task-002017__cfg-bd513016,speech,HBOS,pca-0.99,3,0.023556440402979266,0.49951837196156024,0.0498496325607688,0.06557377049180328,0.4886682441146244,386.0,0.99,,
phase4__speech__HBOS__seed-3__task-002016__cfg-6f3a6d9c,speech,HBOS,pca-0.90,3,0.023281034106140613,0.48853363482193324,0.0498496325607688,0.06557377049180328,0.5095189666447463,301.0,0.9,,
phase4__speech__HBOS__seed-3__task-002015__cfg-c5892494,speech,HBOS,pca-0.75,3,0.0182836370354141,0.46841831543244766,0.01651102317693612,0.03278688524590164,0.5286821219363488,208.0,0.75,,
phase4__speech__HBOS__seed-3__task-002014__cfg-1353245b,speech,HBOS,pca-0.50,3,0.01556208569777268,0.43558620689655175,-0.0001582815149802148,0.01639344262295082,0.574262934517235,108.0,0.5,,
phase4__speech__HBOS__seed-3__task-002013__cfg-c48daf3e,speech,HBOS,pca-0.25,3,0.01310572620186059,0.3914347088750707,-0.01682758620689655,0.0,0.783651493383854,41.0,0.25,,
phase4__speech__HBOS__seed-3__task-002012__cfg-19afc2b4,speech,HBOS,pca-0.10,3,0.018162951594331535,0.4317829282080271,0.01651102317693612,0.03278688524590164,1.1728723608430027,13.0,0.1,,
phase4__speech__HBOS__seed-3__task-002011__cfg-4f40cadc,speech,HBOS,pca-0.05,3,0.018572874288111413,0.5147789711701526,0.01651102317693612,0.03278688524590164,1.8629500252093998,5.0,0.05,,
phase4__speech__HBOS__seed-3__task-002010__cfg-13d4d12a,speech,HBOS,pca-0.01,3,0.014667797027627794,0.43274618428490674,0.01651102317693612,0.03278688524590164,3.7361107468250117,1.0,0.01,,
phase4__speech__DBSCAN__seed-2__task-002009__cfg-36c5989b,speech,DBSCAN,dimensionality-raw-preprocess,2,0.01682524010448134,0.4702227247032222,0.01651102317693612,0.03278688524590164,0.4889148038223775,400.0,,,
phase4__speech__LOF__seed-2__task-002008__cfg-f5fb2ffa,speech,LOF,dimensionality-raw-preprocess,2,0.024065583541958216,0.5080927077444884,0.01651102317693612,0.03278688524590164,0.4889148038223775,400.0,,,
phase4__speech__HBOS__seed-2__task-002007__cfg-5229ea69,speech,HBOS,pca-0.99,2,0.023556440402979266,0.49951837196156024,0.0498496325607688,0.06557377049180328,0.4886682441146244,386.0,0.99,,
phase4__speech__HBOS__seed-2__task-002006__cfg-3738d877,speech,HBOS,pca-0.90,2,0.023281034106140613,0.48853363482193324,0.0498496325607688,0.06557377049180328,0.5095189666447463,301.0,0.9,,
phase4__speech__HBOS__seed-2__task-002005__cfg-aee037a5,speech,HBOS,pca-0.75,2,0.0182836370354141,0.46841831543244766,0.01651102317693612,0.03278688524590164,0.5286821219363488,208.0,0.75,,
phase4__speech__HBOS__seed-2__task-002004__cfg-25e0ccd6,speech,HBOS,pca-0.50,2,0.01556208569777268,0.43558620689655175,-0.0001582815149802148,0.01639344262295082,0.574262934517235,108.0,0.5,,
phase4__speech__HBOS__seed-2__task-002003__cfg-188d6dcd,speech,HBOS,pca-0.25,2,0.01310572620186059,0.3914347088750707,-0.01682758620689655,0.0,0.783651493383854,41.0,0.25,,
phase4__speech__HBOS__seed-2__task-002002__cfg-f1c278fb,speech,HBOS,pca-0.10,2,0.018162951594331535,0.4317829282080271,0.01651102317693612,0.03278688524590164,1.1728723608430027,13.0,0.1,,
phase4__speech__HBOS__seed-2__task-002001__cfg-68e63529,speech,HBOS,pca-0.05,2,0.018572874288111413,0.5147789711701526,0.01651102317693612,0.03278688524590164,1.8629500252093998,5.0,0.05,,
phase4__speech__HBOS__seed-2__task-002000__cfg-16ba13b1,speech,HBOS,pca-0.01,2,0.014667797027627794,0.43274618428490674,0.01651102317693612,0.03278688524590164,3.7361107468250117,1.0,0.01,,
phase4__speech__DBSCAN__seed-1__task-001999__cfg-701e8067,speech,DBSCAN,dimensionality-raw-preprocess,1,0.01682524010448134,0.4702227247032222,0.01651102317693612,0.03278688524590164,0.4889148038223775,400.0,,,
phase4__speech__LOF__seed-1__task-001998__cfg-daf2f540,speech,LOF,dimensionality-raw-preprocess,1,0.024065583541958216,0.5080927077444884,0.01651102317693612,0.03278688524590164,0.4889148038223775,400.0,,,
phase4__speech__HBOS__seed-1__task-001997__cfg-f39b6a3f,speech,HBOS,pca-0.99,1,0.023556440402979266,0.49951837196156024,0.0498496325607688,0.06557377049180328,0.4886682441146244,386.0,0.99,,
phase4__speech__HBOS__seed-1__task-001996__cfg-66cbbcbc,speech,HBOS,pca-0.90,1,0.023281034106140613,0.48853363482193324,0.0498496325607688,0.06557377049180328,0.5095189666447463,301.0,0.9,,
phase4__speech__HBOS__seed-1__task-001995__cfg-f342fe0d,speech,HBOS,pca-0.75,1,0.0182836370354141,0.46841831543244766,0.01651102317693612,0.03278688524590164,0.5286821219363488,208.0,0.75,,
phase4__speech__HBOS__seed-1__task-001994__cfg-ffaeb43b,speech,HBOS,pca-0.50,1,0.01556208569777268,0.43558620689655175,-0.0001582815149802148,0.01639344262295082,0.574262934517235,108.0,0.5,,
phase4__speech__HBOS__seed-1__task-001993__cfg-4d0e7ae4,speech,HBOS,pca-0.25,1,0.01310572620186059,0.3914347088750707,-0.01682758620689655,0.0,0.783651493383854,41.0,0.25,,
phase4__speech__HBOS__seed-1__task-001992__cfg-d28505d4,speech,HBOS,pca-0.10,1,0.018162951594331535,0.4317829282080271,0.01651102317693612,0.03278688524590164,1.1728723608430027,13.0,0.1,,
phase4__speech__HBOS__seed-1__task-001991__cfg-7d4307fb,speech,HBOS,pca-0.05,1,0.018572874288111413,0.5147789711701526,0.01651102317693612,0.03278688524590164,1.8629500252093998,5.0,0.05,,
phase4__speech__HBOS__seed-1__task-001990__cfg-685c3327,speech,HBOS,pca-0.01,1,0.014667797027627794,0.43274618428490674,0.01651102317693612,0.03278688524590164,3.7361107468250117,1.0,0.01,,
phase4__speech__DBSCAN__seed-0__task-001989__cfg-d7f3c457,speech,DBSCAN,dimensionality-raw-preprocess,0,0.01682524010448134,0.4702227247032222,0.01651102317693612,0.03278688524590164,0.4889148038223775,400.0,,,
phase4__speech__LOF__seed-0__task-001988__cfg-b2b0fbf5,speech,LOF,dimensionality-raw-preprocess,0,0.024065583541958216,0.5080927077444884,0.01651102317693612,0.03278688524590164,0.4889148038223775,400.0,,,
phase4__speech__HBOS__seed-0__task-001987__cfg-f1cab33f,speech,HBOS,pca-0.99,0,0.023556440402979266,0.49951837196156024,0.0498496325607688,0.06557377049180328,0.4886682441146244,386.0,0.99,,
phase4__speech__HBOS__seed-0__task-001986__cfg-7ebca13a,speech,HBOS,pca-0.90,0,0.023281034106140613,0.48853363482193324,0.0498496325607688,0.06557377049180328,0.5095189666447463,301.0,0.9,,
phase4__speech__HBOS__seed-0__task-001985__cfg-64c5ac52,speech,HBOS,pca-0.75,0,0.0182836370354141,0.46841831543244766,0.01651102317693612,0.03278688524590164,0.5286821219363488,208.0,0.75,,
phase4__speech__HBOS__seed-0__task-001984__cfg-894a17a4,speech,HBOS,pca-0.50,0,0.01556208569777268,0.43558620689655175,-0.0001582815149802148,0.01639344262295082,0.574262934517235,108.0,0.5,,
phase4__speech__HBOS__seed-0__task-001983__cfg-f5dc47c3,speech,HBOS,pca-0.25,0,0.01310572620186059,0.3914347088750707,-0.01682758620689655,0.0,0.783651493383854,41.0,0.25,,
phase4__speech__HBOS__seed-0__task-001982__cfg-f7d854ab,speech,HBOS,pca-0.10,0,0.018162951594331535,0.4317829282080271,0.01651102317693612,0.03278688524590164,1.1728723608430027,13.0,0.1,,
phase4__speech__HBOS__seed-0__task-001981__cfg-78061ec2,speech,HBOS,pca-0.05,0,0.018572874288111413,0.5147789711701526,0.01651102317693612,0.03278688524590164,1.8629500252093998,5.0,0.05,,
phase4__speech__HBOS__seed-0__task-001980__cfg-f1045d86,speech,HBOS,pca-0.01,0,0.014667797027627794,0.43274618428490674,0.01651102317693612,0.03278688524590164,3.7361107468250117,1.0,0.01,,
phase4__speech__DBSCAN__seed-42__task-001979__cfg-c584b00f,speech,DBSCAN,dimensionality-raw-preprocess,42,0.01682524010448134,0.4702227247032222,0.01651102317693612,0.03278688524590164,0.4889148038223775,400.0,,,
phase4__speech__LOF__seed-42__task-001978__cfg-0e133f53,speech,LOF,dimensionality-raw-preprocess,42,0.024065583541958216,0.5080927077444884,0.01651102317693612,0.03278688524590164,0.4889148038223775,400.0,,,
phase4__speech__ECOD__seed-42__task-001977__cfg-2bea65dc,speech,ECOD,pca-0.99,42,0.023007747062266982,0.4984646693046919,0.03318032786885246,0.04918032786885246,0.4886682441146244,386.0,0.99,,
phase4__speech__ECOD__seed-42__task-001976__cfg-a2a23503,speech,ECOD,pca-0.90,42,0.020141694292513227,0.48621368004522336,0.01651102317693612,0.03278688524590164,0.5095189666447463,301.0,0.9,,
phase4__speech__ECOD__seed-42__task-001975__cfg-8b5d6bc6,speech,ECOD,pca-0.75,42,0.017167696072194396,0.46485472018089313,0.01651102317693612,0.03278688524590164,0.5286821219363488,208.0,0.75,,
phase4__speech__ECOD__seed-42__task-001974__cfg-03f20cf3,speech,ECOD,pca-0.50,42,0.01491793774616061,0.43682984737139635,-0.0001582815149802148,0.01639344262295082,0.574262934517235,108.0,0.5,,
phase4__speech__ECOD__seed-42__task-001973__cfg-9622d27f,speech,ECOD,pca-0.25,42,0.013221339025030249,0.39641831543244765,-0.01682758620689655,0.0,0.783651493383854,41.0,0.25,,
phase4__speech__ECOD__seed-42__task-001972__cfg-7cbb7095,speech,ECOD,pca-0.10,42,0.01699495618307692,0.4430616167326173,0.03318032786885246,0.04918032786885246,1.1728723608430027,13.0,0.1,,
phase4__speech__ECOD__seed-42__task-001971__cfg-562c2ca4,speech,ECOD,pca-0.05,42,0.01820737873742106,0.5052617297908423,0.01651102317693612,0.03278688524590164,1.8629500252093998,5.0,0.05,,
phase4__speech__ECOD__seed-42__task-001970__cfg-9ef90538,speech,ECOD,pca-0.01,42,0.014598726078140235,0.43817071791972867,-0.0001582815149802148,0.01639344262295082,3.7361107468250117,1.0,0.01,,
phase4__speech__DBSCAN__seed-3__task-001969__cfg-9a57f4e0,speech,DBSCAN,dimensionality-raw-preprocess,3,0.01682524010448134,0.4702227247032222,0.01651102317693612,0.03278688524590164,0.4889148038223775,400.0,,,
phase4__speech__LOF__seed-3__task-001968__cfg-81c309c6,speech,LOF,dimensionality-raw-preprocess,3,0.024065583541958216,0.5080927077444884,0.01651102317693612,0.03278688524590164,0.4889148038223775,400.0,,,
phase4__speech__ECOD__seed-3__task-001967__cfg-d633cac6,speech,ECOD,pca-0.99,3,0.023007747062266982,0.4984646693046919,0.03318032786885246,0.04918032786885246,0.4886682441146244,386.0,0.99,,
phase4__speech__ECOD__seed-3__task-001966__cfg-157c6c49,speech,ECOD,pca-0.90,3,0.020141694292513227,0.48621368004522336,0.01651102317693612,0.03278688524590164,0.5095189666447463,301.0,0.9,,
phase4__speech__ECOD__seed-3__task-001965__cfg-7171f2f9,speech,ECOD,pca-0.75,3,0.017167696072194396,0.46485472018089313,0.01651102317693612,0.03278688524590164,0.5286821219363488,208.0,0.75,,
phase4__speech__ECOD__seed-3__task-001964__cfg-1bfbaa81,speech,ECOD,pca-0.50,3,0.01491793774616061,0.43682984737139635,-0.0001582815149802148,0.01639344262295082,0.574262934517235,108.0,0.5,,
phase4__speech__ECOD__seed-3__task-001963__cfg-80e918ae,speech,ECOD,pca-0.25,3,0.013221339025030249,0.39641831543244765,-0.01682758620689655,0.0,0.783651493383854,41.0,0.25,,
phase4__speech__ECOD__seed-3__task-001962__cfg-18a57aec,speech,ECOD,pca-0.10,3,0.01699495618307692,0.4430616167326173,0.03318032786885246,0.04918032786885246,1.1728723608430027,13.0,0.1,,
phase4__speech__ECOD__seed-3__task-001961__cfg-c3ac3d50,speech,ECOD,pca-0.05,3,0.01820737873742106,0.5052617297908423,0.01651102317693612,0.03278688524590164,1.8629500252093998,5.0,0.05,,
phase4__speech__ECOD__seed-3__task-001960__cfg-6f7992e5,speech,ECOD,pca-0.01,3,0.014598726078140235,0.43817071791972867,-0.0001582815149802148,0.01639344262295082,3.7361107468250117,1.0,0.01,,
phase4__speech__DBSCAN__seed-2__task-001959__cfg-36c5989b,speech,DBSCAN,dimensionality-raw-preprocess,2,0.01682524010448134,0.4702227247032222,0.01651102317693612,0.03278688524590164,0.4889148038223775,400.0,,,
phase4__speech__LOF__seed-2__task-001958__cfg-f5fb2ffa,speech,LOF,dimensionality-raw-preprocess,2,0.024065583541958216,0.5080927077444884,0.01651102317693612,0.03278688524590164,0.4889148038223775,400.0,,,
phase4__speech__ECOD__seed-2__task-001957__cfg-bb2d8992,speech,ECOD,pca-0.99,2,0.023007747062266982,0.4984646693046919,0.03318032786885246,0.04918032786885246,0.4886682441146244,386.0,0.99,,
phase4__speech__ECOD__seed-2__task-001956__cfg-6a14e702,speech,ECOD,pca-0.90,2,0.020141694292513227,0.48621368004522336,0.01651102317693612,0.03278688524590164,0.5095189666447463,301.0,0.9,,
phase4__speech__ECOD__seed-2__task-001955__cfg-a092cf69,speech,ECOD,pca-0.75,2,0.017167696072194396,0.46485472018089313,0.01651102317693612,0.03278688524590164,0.5286821219363488,208.0,0.75,,
phase4__speech__ECOD__seed-2__task-001954__cfg-e08cf374,speech,ECOD,pca-0.50,2,0.01491793774616061,0.43682984737139635,-0.0001582815149802148,0.01639344262295082,0.574262934517235,108.0,0.5,,
phase4__speech__ECOD__seed-2__task-001953__cfg-6ef3e2d5,speech,ECOD,pca-0.25,2,0.013221339025030249,0.39641831543244765,-0.01682758620689655,0.0,0.783651493383854,41.0,0.25,,
phase4__speech__ECOD__seed-2__task-001952__cfg-ff3c617b,speech,ECOD,pca-0.10,2,0.01699495618307692,0.4430616167326173,0.03318032786885246,0.04918032786885246,1.1728723608430027,13.0,0.1,,
phase4__speech__ECOD__seed-2__task-001951__cfg-083c2e9c,speech,ECOD,pca-0.05,2,0.01820737873742106,0.5052617297908423,0.01651102317693612,0.03278688524590164,1.8629500252093998,5.0,0.05,,
phase4__speech__ECOD__seed-2__task-001950__cfg-a67e8f6e,speech,ECOD,pca-0.01,2,0.014598726078140235,0.43817071791972867,-0.0001582815149802148,0.01639344262295082,3.7361107468250117,1.0,0.01,,
phase4__speech__DBSCAN__seed-1__task-001949__cfg-701e8067,speech,DBSCAN,dimensionality-raw-preprocess,1,0.01682524010448134,0.4702227247032222,0.01651102317693612,0.03278688524590164,0.4889148038223775,400.0,,,
phase4__speech__LOF__seed-1__task-001948__cfg-daf2f540,speech,LOF,dimensionality-raw-preprocess,1,0.024065583541958216,0.5080927077444884,0.01651102317693612,0.03278688524590164,0.4889148038223775,400.0,,,
phase4__speech__ECOD__seed-1__task-001947__cfg-19fddf07,speech,ECOD,pca-0.99,1,0.023007747062266982,0.4984646693046919,0.03318032786885246,0.04918032786885246,0.4886682441146244,386.0,0.99,,
phase4__speech__ECOD__seed-1__task-001946__cfg-f6d4ed77,speech,ECOD,pca-0.90,1,0.020141694292513227,0.48621368004522336,0.01651102317693612,0.03278688524590164,0.5095189666447463,301.0,0.9,,
phase4__speech__ECOD__seed-1__task-001945__cfg-b457ca3c,speech,ECOD,pca-0.75,1,0.017167696072194396,0.46485472018089313,0.01651102317693612,0.03278688524590164,0.5286821219363488,208.0,0.75,,
phase4__speech__ECOD__seed-1__task-001944__cfg-0fc76a1c,speech,ECOD,pca-0.50,1,0.01491793774616061,0.43682984737139635,-0.0001582815149802148,0.01639344262295082,0.574262934517235,108.0,0.5,,
phase4__speech__ECOD__seed-1__task-001943__cfg-ef47e898,speech,ECOD,pca-0.25,1,0.013221339025030249,0.39641831543244765,-0.01682758620689655,0.0,0.783651493383854,41.0,0.25,,
phase4__speech__ECOD__seed-1__task-001942__cfg-d695cc5e,speech,ECOD,pca-0.10,1,0.01699495618307692,0.4430616167326173,0.03318032786885246,0.04918032786885246,1.1728723608430027,13.0,0.1,,
phase4__speech__ECOD__seed-1__task-001941__cfg-686c07da,speech,ECOD,pca-0.05,1,0.01820737873742106,0.5052617297908423,0.01651102317693612,0.03278688524590164,1.8629500252093998,5.0,0.05,,
phase4__speech__ECOD__seed-1__task-001940__cfg-b58e690f,speech,ECOD,pca-0.01,1,0.014598726078140235,0.43817071791972867,-0.0001582815149802148,0.01639344262295082,3.7361107468250117,1.0,0.01,,
phase4__speech__DBSCAN__seed-0__task-001939__cfg-d7f3c457,speech,DBSCAN,dimensionality-raw-preprocess,0,0.01682524010448134,0.4702227247032222,0.01651102317693612,0.03278688524590164,0.4889148038223775,400.0,,,
phase4__speech__LOF__seed-0__task-001938__cfg-b2b0fbf5,speech,LOF,dimensionality-raw-preprocess,0,0.024065583541958216,0.5080927077444884,0.01651102317693612,0.03278688524590164,0.4889148038223775,400.0,,,
phase4__speech__ECOD__seed-0__task-001937__cfg-ce32f83a,speech,ECOD,pca-0.99,0,0.023007747062266982,0.4984646693046919,0.03318032786885246,0.04918032786885246,0.4886682441146244,386.0,0.99,,
phase4__speech__ECOD__seed-0__task-001936__cfg-99e2fa85,speech,ECOD,pca-0.90,0,0.020141694292513227,0.48621368004522336,0.01651102317693612,0.03278688524590164,0.5095189666447463,301.0,0.9,,
phase4__speech__ECOD__seed-0__task-001935__cfg-1d60353f,speech,ECOD,pca-0.75,0,0.017167696072194396,0.46485472018089313,0.01651102317693612,0.03278688524590164,0.5286821219363488,208.0,0.75,,
phase4__speech__ECOD__seed-0__task-001934__cfg-bb453253,speech,ECOD,pca-0.50,0,0.01491793774616061,0.43682984737139635,-0.0001582815149802148,0.01639344262295082,0.574262934517235,108.0,0.5,,
phase4__speech__ECOD__seed-0__task-001933__cfg-9331ebfc,speech,ECOD,pca-0.25,0,0.013221339025030249,0.39641831543244765,-0.01682758620689655,0.0,0.783651493383854,41.0,0.25,,
phase4__speech__ECOD__seed-0__task-001932__cfg-7d8c4ec9,speech,ECOD,pca-0.10,0,0.01699495618307692,0.4430616167326173,0.03318032786885246,0.04918032786885246,1.1728723608430027,13.0,0.1,,
phase4__speech__ECOD__seed-0__task-001931__cfg-f0193f57,speech,ECOD,pca-0.05,0,0.01820737873742106,0.5052617297908423,0.01651102317693612,0.03278688524590164,1.8629500252093998,5.0,0.05,,
phase4__speech__ECOD__seed-0__task-001930__cfg-c8a55cc3,speech,ECOD,pca-0.01,0,0.014598726078140235,0.43817071791972867,-0.0001582815149802148,0.01639344262295082,3.7361107468250117,1.0,0.01,,
phase4__speech__DBSCAN__seed-42__task-001929__cfg-c584b00f,speech,DBSCAN,dimensionality-raw-preprocess,42,0.01682524010448134,0.4702227247032222,0.01651102317693612,0.03278688524590164,0.4889148038223775,400.0,,,
phase4__speech__LOF__seed-42__task-001928__cfg-0e133f53,speech,LOF,dimensionality-raw-preprocess,42,0.024065583541958216,0.5080927077444884,0.01651102317693612,0.03278688524590164,0.4889148038223775,400.0,,,
phase4__speech__DBSCAN__seed-42__task-001927__cfg-58368dcf,speech,DBSCAN,pca-0.99,42,0.02425400926280496,0.4781775014132278,0.01651102317693612,0.03278688524590164,0.4886682441146244,386.0,0.99,,
phase4__speech__DBSCAN__seed-42__task-001926__cfg-2f2febaf,speech,DBSCAN,pca-0.90,42,0.02249037757044325,0.4749960429621255,0.01651102317693612,0.03278688524590164,0.5095189666447463,301.0,0.9,,
phase4__speech__DBSCAN__seed-42__task-001925__cfg-f2fb85e5,speech,DBSCAN,pca-0.75,42,0.023488794559556075,0.5129949123798756,0.01651102317693612,0.03278688524590164,0.5286821219363488,208.0,0.75,,
phase4__speech__DBSCAN__seed-42__task-001924__cfg-0ae26687,speech,DBSCAN,pca-0.50,42,0.022359118131392536,0.5092119841718485,-0.0001582815149802148,0.01639344262295082,0.574262934517235,108.0,0.5,,
phase4__speech__DBSCAN__seed-42__task-001923__cfg-4613a402,speech,DBSCAN,pca-0.25,42,0.01692765288325869,0.4656257772752967,-0.0001582815149802148,0.01639344262295082,0.783651493383854,41.0,0.25,,
phase4__speech__DBSCAN__seed-42__task-001922__cfg-a3b8839b,speech,DBSCAN,pca-0.10,42,0.017600830903238864,0.5031769361221029,0.01651102317693612,0.03278688524590164,1.1728723608430027,13.0,0.1,,
phase4__speech__DBSCAN__seed-42__task-001921__cfg-b21ad167,speech,DBSCAN,pca-0.05,42,0.016698152604506286,0.4899807801017524,-0.0001582815149802148,0.01639344262295082,1.8629500252093998,5.0,0.05,,
phase4__speech__DBSCAN__seed-42__task-001920__cfg-1058419b,speech,DBSCAN,pca-0.01,42,0.016515599736158796,0.49377501413227814,-0.01682758620689655,0.0,3.7361107468250117,1.0,0.01,,
phase4__speech__DBSCAN__seed-3__task-001919__cfg-9a57f4e0,speech,DBSCAN,dimensionality-raw-preprocess,3,0.01682524010448134,0.4702227247032222,0.01651102317693612,0.03278688524590164,0.4889148038223775,400.0,,,
phase4__speech__LOF__seed-3__task-001918__cfg-81c309c6,speech,LOF,dimensionality-raw-preprocess,3,0.024065583541958216,0.5080927077444884,0.01651102317693612,0.03278688524590164,0.4889148038223775,400.0,,,
phase4__speech__DBSCAN__seed-3__task-001917__cfg-aaac6b2f,speech,DBSCAN,pca-0.99,3,0.02425400926280496,0.4781775014132278,0.01651102317693612,0.03278688524590164,0.4886682441146244,386.0,0.99,,
phase4__speech__DBSCAN__seed-3__task-001916__cfg-d84cb4c2,speech,DBSCAN,pca-0.90,3,0.02249037757044325,0.4749960429621255,0.01651102317693612,0.03278688524590164,0.5095189666447463,301.0,0.9,,
phase4__speech__DBSCAN__seed-3__task-001915__cfg-6c76b23a,speech,DBSCAN,pca-0.75,3,0.023488794559556075,0.5129949123798756,0.01651102317693612,0.03278688524590164,0.5286821219363488,208.0,0.75,,
phase4__speech__DBSCAN__seed-3__task-001914__cfg-6b42bfce,speech,DBSCAN,pca-0.50,3,0.022359118131392536,0.5092119841718485,-0.0001582815149802148,0.01639344262295082,0.574262934517235,108.0,0.5,,
phase4__speech__DBSCAN__seed-3__task-001913__cfg-eb9dc7ec,speech,DBSCAN,pca-0.25,3,0.01692765288325869,0.4656257772752967,-0.0001582815149802148,0.01639344262295082,0.783651493383854,41.0,0.25,,
phase4__speech__DBSCAN__seed-3__task-001912__cfg-64ec6a1d,speech,DBSCAN,pca-0.10,3,0.017600830903238864,0.5031769361221029,0.01651102317693612,0.03278688524590164,1.1728723608430027,13.0,0.1,,
phase4__speech__DBSCAN__seed-3__task-001911__cfg-bb500d51,speech,DBSCAN,pca-0.05,3,0.016698152604506286,0.4899807801017524,-0.0001582815149802148,0.01639344262295082,1.8629500252093998,5.0,0.05,,
phase4__speech__DBSCAN__seed-3__task-001910__cfg-bccdf7ad,speech,DBSCAN,pca-0.01,3,0.016515599736158796,0.49377501413227814,-0.01682758620689655,0.0,3.7361107468250117,1.0,0.01,,
phase4__speech__DBSCAN__seed-2__task-001909__cfg-36c5989b,speech,DBSCAN,dimensionality-raw-preprocess,2,0.01682524010448134,0.4702227247032222,0.01651102317693612,0.03278688524590164,0.4889148038223775,400.0,,,
phase4__speech__LOF__seed-2__task-001908__cfg-f5fb2ffa,speech,LOF,dimensionality-raw-preprocess,2,0.024065583541958216,0.5080927077444884,0.01651102317693612,0.03278688524590164,0.4889148038223775,400.0,,,
phase4__speech__DBSCAN__seed-2__task-001907__cfg-16a115d4,speech,DBSCAN,pca-0.99,2,0.02425400926280496,0.4781775014132278,0.01651102317693612,0.03278688524590164,0.4886682441146244,386.0,0.99,,
phase4__speech__DBSCAN__seed-2__task-001906__cfg-bf5ab23c,speech,DBSCAN,pca-0.90,2,0.02249037757044325,0.4749960429621255,0.01651102317693612,0.03278688524590164,0.5095189666447463,301.0,0.9,,
phase4__speech__DBSCAN__seed-2__task-001905__cfg-0c318fb8,speech,DBSCAN,pca-0.75,2,0.023488794559556075,0.5129949123798756,0.01651102317693612,0.03278688524590164,0.5286821219363488,208.0,0.75,,
phase4__speech__DBSCAN__seed-2__task-001904__cfg-8c899da1,speech,DBSCAN,pca-0.50,2,0.022359118131392536,0.5092119841718485,-0.0001582815149802148,0.01639344262295082,0.574262934517235,108.0,0.5,,
phase4__speech__DBSCAN__seed-2__task-001903__cfg-0eff1756,speech,DBSCAN,pca-0.25,2,0.01692765288325869,0.4656257772752967,-0.0001582815149802148,0.01639344262295082,0.783651493383854,41.0,0.25,,
phase4__speech__DBSCAN__seed-2__task-001902__cfg-961d3fd5,speech,DBSCAN,pca-0.10,2,0.017600830903238864,0.5031769361221029,0.01651102317693612,0.03278688524590164,1.1728723608430027,13.0,0.1,,
phase4__speech__DBSCAN__seed-2__task-001901__cfg-efe902d6,speech,DBSCAN,pca-0.05,2,0.016698152604506286,0.4899807801017524,-0.0001582815149802148,0.01639344262295082,1.8629500252093998,5.0,0.05,,
phase4__speech__DBSCAN__seed-2__task-001900__cfg-9614426a,speech,DBSCAN,pca-0.01,2,0.016515599736158796,0.49377501413227814,-0.01682758620689655,0.0,3.7361107468250117,1.0,0.01,,
phase4__speech__DBSCAN__seed-1__task-001899__cfg-701e8067,speech,DBSCAN,dimensionality-raw-preprocess,1,0.01682524010448134,0.4702227247032222,0.01651102317693612,0.03278688524590164,0.4889148038223775,400.0,,,
phase4__speech__LOF__seed-1__task-001898__cfg-daf2f540,speech,LOF,dimensionality-raw-preprocess,1,0.024065583541958216,0.5080927077444884,0.01651102317693612,0.03278688524590164,0.4889148038223775,400.0,,,
phase4__speech__DBSCAN__seed-1__task-001897__cfg-7f7e8b6f,speech,DBSCAN,pca-0.99,1,0.02425400926280496,0.4781775014132278,0.01651102317693612,0.03278688524590164,0.4886682441146244,386.0,0.99,,
phase4__speech__DBSCAN__seed-1__task-001896__cfg-6e6161a0,speech,DBSCAN,pca-0.90,1,0.02249037757044325,0.4749960429621255,0.01651102317693612,0.03278688524590164,0.5095189666447463,301.0,0.9,,
phase4__speech__DBSCAN__seed-1__task-001895__cfg-a9460990,speech,DBSCAN,pca-0.75,1,0.023488794559556075,0.5129949123798756,0.01651102317693612,0.03278688524590164,0.5286821219363488,208.0,0.75,,
phase4__speech__DBSCAN__seed-1__task-001894__cfg-681e80d5,speech,DBSCAN,pca-0.50,1,0.022359118131392536,0.5092119841718485,-0.0001582815149802148,0.01639344262295082,0.574262934517235,108.0,0.5,,
phase4__speech__DBSCAN__seed-1__task-001893__cfg-1ac22d4a,speech,DBSCAN,pca-0.25,1,0.01692765288325869,0.4656257772752967,-0.0001582815149802148,0.01639344262295082,0.783651493383854,41.0,0.25,,
phase4__speech__DBSCAN__seed-1__task-001892__cfg-88a9d181,speech,DBSCAN,pca-0.10,1,0.017600830903238864,0.5031769361221029,0.01651102317693612,0.03278688524590164,1.1728723608430027,13.0,0.1,,
phase4__speech__DBSCAN__seed-1__task-001891__cfg-3c29f685,speech,DBSCAN,pca-0.05,1,0.016698152604506286,0.4899807801017524,-0.0001582815149802148,0.01639344262295082,1.8629500252093998,5.0,0.05,,
phase4__speech__DBSCAN__seed-1__task-001890__cfg-c236387c,speech,DBSCAN,pca-0.01,1,0.016515599736158796,0.49377501413227814,-0.01682758620689655,0.0,3.7361107468250117,1.0,0.01,,
phase4__speech__DBSCAN__seed-0__task-001889__cfg-d7f3c457,speech,DBSCAN,dimensionality-raw-preprocess,0,0.01682524010448134,0.4702227247032222,0.01651102317693612,0.03278688524590164,0.4889148038223775,400.0,,,
phase4__speech__LOF__seed-0__task-001888__cfg-b2b0fbf5,speech,LOF,dimensionality-raw-preprocess,0,0.024065583541958216,0.5080927077444884,0.01651102317693612,0.03278688524590164,0.4889148038223775,400.0,,,
phase4__speech__DBSCAN__seed-0__task-001887__cfg-a704fd30,speech,DBSCAN,pca-0.99,0,0.02425400926280496,0.4781775014132278,0.01651102317693612,0.03278688524590164,0.4886682441146244,386.0,0.99,,
phase4__speech__DBSCAN__seed-0__task-001886__cfg-d0ae2266,speech,DBSCAN,pca-0.90,0,0.02249037757044325,0.4749960429621255,0.01651102317693612,0.03278688524590164,0.5095189666447463,301.0,0.9,,
phase4__speech__DBSCAN__seed-0__task-001885__cfg-b6982223,speech,DBSCAN,pca-0.75,0,0.023488794559556075,0.5129949123798756,0.01651102317693612,0.03278688524590164,0.5286821219363488,208.0,0.75,,
phase4__speech__DBSCAN__seed-0__task-001884__cfg-5183ef15,speech,DBSCAN,pca-0.50,0,0.022359118131392536,0.5092119841718485,-0.0001582815149802148,0.01639344262295082,0.574262934517235,108.0,0.5,,
phase4__speech__DBSCAN__seed-0__task-001883__cfg-50b8f0ba,speech,DBSCAN,pca-0.25,0,0.01692765288325869,0.4656257772752967,-0.0001582815149802148,0.01639344262295082,0.783651493383854,41.0,0.25,,
phase4__speech__DBSCAN__seed-0__task-001882__cfg-f4a38cc9,speech,DBSCAN,pca-0.10,0,0.017600830903238864,0.5031769361221029,0.01651102317693612,0.03278688524590164,1.1728723608430027,13.0,0.1,,
phase4__speech__DBSCAN__seed-0__task-001881__cfg-107487a6,speech,DBSCAN,pca-0.05,0,0.016698152604506286,0.4899807801017524,-0.0001582815149802148,0.01639344262295082,1.8629500252093998,5.0,0.05,,
phase4__speech__DBSCAN__seed-0__task-001880__cfg-7d7ebb3c,speech,DBSCAN,pca-0.01,0,0.016515599736158796,0.49377501413227814,-0.01682758620689655,0.0,3.7361107468250117,1.0,0.01,,
phase4__speech__DBSCAN__seed-42__task-001879__cfg-c584b00f,speech,DBSCAN,dimensionality-raw-preprocess,42,0.01682524010448134,0.4702227247032222,0.01651102317693612,0.03278688524590164,0.4889148038223775,400.0,,,
phase4__speech__LOF__seed-42__task-001878__cfg-0e133f53,speech,LOF,dimensionality-raw-preprocess,42,0.024065583541958216,0.5080927077444884,0.01651102317693612,0.03278688524590164,0.4889148038223775,400.0,,,
phase4__speech__LOF__seed-42__task-001877__cfg-b77f5f14,speech,LOF,pca-0.99,42,0.023840400763072398,0.506016958733748,0.03318032786885246,0.04918032786885246,0.4886682441146244,386.0,0.99,,
phase4__speech__LOF__seed-42__task-001876__cfg-5d33e236,speech,LOF,pca-0.90,42,0.021739147764840358,0.5007981910684003,0.01651102317693612,0.03278688524590164,0.5095189666447463,301.0,0.9,,
phase4__speech__LOF__seed-42__task-001875__cfg-9e828725,speech,LOF,pca-0.75,42,0.019540768236944044,0.4855534200113058,0.03318032786885246,0.04918032786885246,0.5286821219363488,208.0,0.75,,
phase4__speech__LOF__seed-42__task-001874__cfg-6ce2abda,speech,LOF,pca-0.50,42,0.016103726917356086,0.45732956472583386,-0.0001582815149802148,0.01639344262295082,0.574262934517235,108.0,0.5,,
phase4__speech__LOF__seed-42__task-001873__cfg-fcf20786,speech,LOF,pca-0.25,42,0.013669227971761054,0.3985166760881854,-0.0001582815149802148,0.01639344262295082,0.783651493383854,41.0,0.25,,
phase4__speech__LOF__seed-42__task-001872__cfg-0bab4161,speech,LOF,pca-0.10,42,0.015391809167963101,0.4264465799886942,0.01651102317693612,0.03278688524590164,1.1728723608430027,13.0,0.1,,
phase4__speech__LOF__seed-42__task-001871__cfg-14211038,speech,LOF,pca-0.05,42,0.019373652736217613,0.5271950254381006,-0.0001582815149802148,0.01639344262295082,1.8629500252093998,5.0,0.05,,
phase4__speech__LOF__seed-42__task-001870__cfg-434d56d8,speech,LOF,pca-0.01,42,0.01867641139751423,0.488472583380441,-0.0001582815149802148,0.01639344262295082,3.7361107468250117,1.0,0.01,,
phase4__speech__DBSCAN__seed-3__task-001869__cfg-9a57f4e0,speech,DBSCAN,dimensionality-raw-preprocess,3,0.01682524010448134,0.4702227247032222,0.01651102317693612,0.03278688524590164,0.4889148038223775,400.0,,,
phase4__speech__LOF__seed-3__task-001868__cfg-81c309c6,speech,LOF,dimensionality-raw-preprocess,3,0.024065583541958216,0.5080927077444884,0.01651102317693612,0.03278688524590164,0.4889148038223775,400.0,,,
phase4__speech__LOF__seed-3__task-001867__cfg-234220c0,speech,LOF,pca-0.99,3,0.023840400763072398,0.506016958733748,0.03318032786885246,0.04918032786885246,0.4886682441146244,386.0,0.99,,
phase4__speech__LOF__seed-3__task-001866__cfg-07338e14,speech,LOF,pca-0.90,3,0.021739147764840358,0.5007981910684003,0.01651102317693612,0.03278688524590164,0.5095189666447463,301.0,0.9,,
phase4__speech__LOF__seed-3__task-001865__cfg-588d6f29,speech,LOF,pca-0.75,3,0.019540768236944044,0.4855534200113058,0.03318032786885246,0.04918032786885246,0.5286821219363488,208.0,0.75,,
phase4__speech__LOF__seed-3__task-001864__cfg-e031db09,speech,LOF,pca-0.50,3,0.016103726917356086,0.45732956472583386,-0.0001582815149802148,0.01639344262295082,0.574262934517235,108.0,0.5,,
phase4__speech__LOF__seed-3__task-001863__cfg-ebde6f8d,speech,LOF,pca-0.25,3,0.013669227971761054,0.3985166760881854,-0.0001582815149802148,0.01639344262295082,0.783651493383854,41.0,0.25,,
phase4__speech__LOF__seed-3__task-001862__cfg-05c5f22e,speech,LOF,pca-0.10,3,0.015391809167963101,0.4264465799886942,0.01651102317693612,0.03278688524590164,1.1728723608430027,13.0,0.1,,
phase4__speech__LOF__seed-3__task-001861__cfg-e8999874,speech,LOF,pca-0.05,3,0.019373652736217613,0.5271950254381006,-0.0001582815149802148,0.01639344262295082,1.8629500252093998,5.0,0.05,,
phase4__speech__LOF__seed-3__task-001860__cfg-2bd5f3ea,speech,LOF,pca-0.01,3,0.01867641139751423,0.488472583380441,-0.0001582815149802148,0.01639344262295082,3.7361107468250117,1.0,0.01,,
phase4__speech__DBSCAN__seed-2__task-001859__cfg-36c5989b,speech,DBSCAN,dimensionality-raw-preprocess,2,0.01682524010448134,0.4702227247032222,0.01651102317693612,0.03278688524590164,0.4889148038223775,400.0,,,
phase4__speech__LOF__seed-2__task-001858__cfg-f5fb2ffa,speech,LOF,dimensionality-raw-preprocess,2,0.024065583541958216,0.5080927077444884,0.01651102317693612,0.03278688524590164,0.4889148038223775,400.0,,,
phase4__speech__LOF__seed-2__task-001857__cfg-3d16576b,speech,LOF,pca-0.99,2,0.023840400763072398,0.506016958733748,0.03318032786885246,0.04918032786885246,0.4886682441146244,386.0,0.99,,
phase4__speech__LOF__seed-2__task-001856__cfg-2e2d8046,speech,LOF,pca-0.90,2,0.021739147764840358,0.5007981910684003,0.01651102317693612,0.03278688524590164,0.5095189666447463,301.0,0.9,,
phase4__speech__LOF__seed-2__task-001855__cfg-65220f42,speech,LOF,pca-0.75,2,0.019540768236944044,0.4855534200113058,0.03318032786885246,0.04918032786885246,0.5286821219363488,208.0,0.75,,
phase4__speech__LOF__seed-2__task-001854__cfg-9afcff3f,speech,LOF,pca-0.50,2,0.016103726917356086,0.45732956472583386,-0.0001582815149802148,0.01639344262295082,0.574262934517235,108.0,0.5,,
phase4__speech__LOF__seed-2__task-001853__cfg-0b745d77,speech,LOF,pca-0.25,2,0.013669227971761054,0.3985166760881854,-0.0001582815149802148,0.01639344262295082,0.783651493383854,41.0,0.25,,
phase4__speech__LOF__seed-2__task-001852__cfg-c53ae518,speech,LOF,pca-0.10,2,0.015391809167963101,0.4264465799886942,0.01651102317693612,0.03278688524590164,1.1728723608430027,13.0,0.1,,
phase4__speech__LOF__seed-2__task-001851__cfg-dce411b9,speech,LOF,pca-0.05,2,0.019373652736217613,0.5271950254381006,-0.0001582815149802148,0.01639344262295082,1.8629500252093998,5.0,0.05,,
phase4__speech__LOF__seed-2__task-001850__cfg-e529ce63,speech,LOF,pca-0.01,2,0.01867641139751423,0.488472583380441,-0.0001582815149802148,0.01639344262295082,3.7361107468250117,1.0,0.01,,
phase4__speech__DBSCAN__seed-1__task-001849__cfg-701e8067,speech,DBSCAN,dimensionality-raw-preprocess,1,0.01682524010448134,0.4702227247032222,0.01651102317693612,0.03278688524590164,0.4889148038223775,400.0,,,
phase4__speech__LOF__seed-1__task-001848__cfg-daf2f540,speech,LOF,dimensionality-raw-preprocess,1,0.024065583541958216,0.5080927077444884,0.01651102317693612,0.03278688524590164,0.4889148038223775,400.0,,,
phase4__speech__LOF__seed-1__task-001847__cfg-d9197aed,speech,LOF,pca-0.99,1,0.023840400763072398,0.506016958733748,0.03318032786885246,0.04918032786885246,0.4886682441146244,386.0,0.99,,
phase4__speech__LOF__seed-1__task-001846__cfg-4e346384,speech,LOF,pca-0.90,1,0.021739147764840358,0.5007981910684003,0.01651102317693612,0.03278688524590164,0.5095189666447463,301.0,0.9,,
phase4__speech__LOF__seed-1__task-001845__cfg-0dbe1417,speech,LOF,pca-0.75,1,0.019540768236944044,0.4855534200113058,0.03318032786885246,0.04918032786885246,0.5286821219363488,208.0,0.75,,
phase4__speech__LOF__seed-1__task-001844__cfg-92e276bd,speech,LOF,pca-0.50,1,0.016103726917356086,0.45732956472583386,-0.0001582815149802148,0.01639344262295082,0.574262934517235,108.0,0.5,,
phase4__speech__LOF__seed-1__task-001843__cfg-688dbb2a,speech,LOF,pca-0.25,1,0.013669227971761054,0.3985166760881854,-0.0001582815149802148,0.01639344262295082,0.783651493383854,41.0,0.25,,
phase4__speech__LOF__seed-1__task-001842__cfg-e8e5c790,speech,LOF,pca-0.10,1,0.015391809167963101,0.4264465799886942,0.01651102317693612,0.03278688524590164,1.1728723608430027,13.0,0.1,,
phase4__speech__LOF__seed-1__task-001841__cfg-445ad34f,speech,LOF,pca-0.05,1,0.019373652736217613,0.5271950254381006,-0.0001582815149802148,0.01639344262295082,1.8629500252093998,5.0,0.05,,
phase4__speech__LOF__seed-1__task-001840__cfg-3798412f,speech,LOF,pca-0.01,1,0.01867641139751423,0.488472583380441,-0.0001582815149802148,0.01639344262295082,3.7361107468250117,1.0,0.01,,
phase4__speech__DBSCAN__seed-0__task-001839__cfg-d7f3c457,speech,DBSCAN,dimensionality-raw-preprocess,0,0.01682524010448134,0.4702227247032222,0.01651102317693612,0.03278688524590164,0.4889148038223775,400.0,,,
phase4__speech__LOF__seed-0__task-001838__cfg-b2b0fbf5,speech,LOF,dimensionality-raw-preprocess,0,0.024065583541958216,0.5080927077444884,0.01651102317693612,0.03278688524590164,0.4889148038223775,400.0,,,
phase4__speech__LOF__seed-0__task-001837__cfg-fc22fd38,speech,LOF,pca-0.99,0,0.023840400763072398,0.506016958733748,0.03318032786885246,0.04918032786885246,0.4886682441146244,386.0,0.99,,
phase4__speech__LOF__seed-0__task-001836__cfg-17f12aa9,speech,LOF,pca-0.90,0,0.021739147764840358,0.5007981910684003,0.01651102317693612,0.03278688524590164,0.5095189666447463,301.0,0.9,,
phase4__speech__LOF__seed-0__task-001835__cfg-7882ec47,speech,LOF,pca-0.75,0,0.019540768236944044,0.4855534200113058,0.03318032786885246,0.04918032786885246,0.5286821219363488,208.0,0.75,,
phase4__speech__LOF__seed-0__task-001834__cfg-7b5071a6,speech,LOF,pca-0.50,0,0.016103726917356086,0.45732956472583386,-0.0001582815149802148,0.01639344262295082,0.574262934517235,108.0,0.5,,
phase4__speech__LOF__seed-0__task-001833__cfg-7e285797,speech,LOF,pca-0.25,0,0.013669227971761054,0.3985166760881854,-0.0001582815149802148,0.01639344262295082,0.783651493383854,41.0,0.25,,
phase4__speech__LOF__seed-0__task-001832__cfg-21a58067,speech,LOF,pca-0.10,0,0.015391809167963101,0.4264465799886942,0.01651102317693612,0.03278688524590164,1.1728723608430027,13.0,0.1,,
phase4__speech__LOF__seed-0__task-001831__cfg-a4286120,speech,LOF,pca-0.05,0,0.019373652736217613,0.5271950254381006,-0.0001582815149802148,0.01639344262295082,1.8629500252093998,5.0,0.05,,
phase4__speech__LOF__seed-0__task-001830__cfg-30f1355f,speech,LOF,pca-0.01,0,0.01867641139751423,0.488472583380441,-0.0001582815149802148,0.01639344262295082,3.7361107468250117,1.0,0.01,,
phase4__speech__DBSCAN__seed-42__task-001829__cfg-c584b00f,speech,DBSCAN,dimensionality-raw-preprocess,42,0.01682524010448134,0.4702227247032222,0.01651102317693612,0.03278688524590164,0.4889148038223775,400.0,,,
phase4__speech__LOF__seed-42__task-001828__cfg-0e133f53,speech,LOF,dimensionality-raw-preprocess,42,0.024065583541958216,0.5080927077444884,0.01651102317693612,0.03278688524590164,0.4889148038223775,400.0,,,
phase4__speech__IForest__seed-42__task-001827__cfg-726d3899,speech,IForest,pca-0.99,42,0.019237992589439985,0.5033533069530809,-0.0001582815149802148,0.01639344262295082,0.4886682441146244,386.0,0.99,,
phase4__speech__IForest__seed-42__task-001826__cfg-a5bd638b,speech,IForest,pca-0.90,42,0.022914814060993723,0.496592425098926,0.03318032786885246,0.04918032786885246,0.5095189666447463,301.0,0.9,,
phase4__speech__IForest__seed-42__task-001825__cfg-a0f0bdec,speech,IForest,pca-0.75,42,0.017781791738903707,0.4718417184850198,0.01651102317693612,0.03278688524590164,0.5286821219363488,208.0,0.75,,
phase4__speech__IForest__seed-42__task-001824__cfg-3df2cd62,speech,IForest,pca-0.50,42,0.014940156058493196,0.4454765404183154,-0.0001582815149802148,0.01639344262295082,0.574262934517235,108.0,0.5,,
phase4__speech__IForest__seed-42__task-001823__cfg-64b17002,speech,IForest,pca-0.25,42,0.013550094474765878,0.42356133408705476,-0.01682758620689655,0.0,0.783651493383854,41.0,0.25,,
phase4__speech__IForest__seed-42__task-001822__cfg-0d9aaf53,speech,IForest,pca-0.10,42,0.01803000398658766,0.45382928208027135,0.01651102317693612,0.03278688524590164,1.1728723608430027,13.0,0.1,,
phase4__speech__IForest__seed-42__task-001821__cfg-6168ab28,speech,IForest,pca-0.05,42,0.016597009150246103,0.4831972866026003,-0.0001582815149802148,0.01639344262295082,1.8629500252093998,5.0,0.05,,
phase4__speech__IForest__seed-42__task-001820__cfg-03baab28,speech,IForest,pca-0.01,42,0.014255099464195092,0.42918937252685135,-0.01682758620689655,0.0,3.7361107468250117,1.0,0.01,,
phase4__speech__DBSCAN__seed-3__task-001819__cfg-9a57f4e0,speech,DBSCAN,dimensionality-raw-preprocess,3,0.01682524010448134,0.4702227247032222,0.01651102317693612,0.03278688524590164,0.4889148038223775,400.0,,,
phase4__speech__LOF__seed-3__task-001818__cfg-81c309c6,speech,LOF,dimensionality-raw-preprocess,3,0.024065583541958216,0.5080927077444884,0.01651102317693612,0.03278688524590164,0.4889148038223775,400.0,,,
phase4__speech__IForest__seed-3__task-001817__cfg-42276428,speech,IForest,pca-0.99,3,0.019237992589439985,0.5033533069530809,-0.0001582815149802148,0.01639344262295082,0.4886682441146244,386.0,0.99,,
phase4__speech__IForest__seed-3__task-001816__cfg-65417757,speech,IForest,pca-0.90,3,0.022914814060993723,0.496592425098926,0.03318032786885246,0.04918032786885246,0.5095189666447463,301.0,0.9,,
phase4__speech__IForest__seed-3__task-001815__cfg-921dd90e,speech,IForest,pca-0.75,3,0.017781791738903707,0.4718417184850198,0.01651102317693612,0.03278688524590164,0.5286821219363488,208.0,0.75,,
phase4__speech__IForest__seed-3__task-001814__cfg-f578d53a,speech,IForest,pca-0.50,3,0.014940156058493196,0.4454765404183154,-0.0001582815149802148,0.01639344262295082,0.574262934517235,108.0,0.5,,
phase4__speech__IForest__seed-3__task-001813__cfg-edf7a7b9,speech,IForest,pca-0.25,3,0.013550094474765878,0.42356133408705476,-0.01682758620689655,0.0,0.783651493383854,41.0,0.25,,
phase4__speech__IForest__seed-3__task-001812__cfg-95b6821b,speech,IForest,pca-0.10,3,0.01803000398658766,0.45382928208027135,0.01651102317693612,0.03278688524590164,1.1728723608430027,13.0,0.1,,
phase4__speech__IForest__seed-3__task-001811__cfg-22cd035f,speech,IForest,pca-0.05,3,0.016597009150246103,0.4831972866026003,-0.0001582815149802148,0.01639344262295082,1.8629500252093998,5.0,0.05,,
phase4__speech__IForest__seed-3__task-001810__cfg-884e635a,speech,IForest,pca-0.01,3,0.014255099464195092,0.42918937252685135,-0.01682758620689655,0.0,3.7361107468250117,1.0,0.01,,
phase4__speech__DBSCAN__seed-2__task-001809__cfg-36c5989b,speech,DBSCAN,dimensionality-raw-preprocess,2,0.01682524010448134,0.4702227247032222,0.01651102317693612,0.03278688524590164,0.4889148038223775,400.0,,,
phase4__speech__LOF__seed-2__task-001808__cfg-f5fb2ffa,speech,LOF,dimensionality-raw-preprocess,2,0.024065583541958216,0.5080927077444884,0.01651102317693612,0.03278688524590164,0.4889148038223775,400.0,,,
phase4__speech__IForest__seed-2__task-001807__cfg-4af1035f,speech,IForest,pca-0.99,2,0.019237992589439985,0.5033533069530809,-0.0001582815149802148,0.01639344262295082,0.4886682441146244,386.0,0.99,,
phase4__speech__IForest__seed-2__task-001806__cfg-5fc27c7b,speech,IForest,pca-0.90,2,0.022914814060993723,0.496592425098926,0.03318032786885246,0.04918032786885246,0.5095189666447463,301.0,0.9,,
phase4__speech__IForest__seed-2__task-001805__cfg-6fc948f9,speech,IForest,pca-0.75,2,0.017781791738903707,0.4718417184850198,0.01651102317693612,0.03278688524590164,0.5286821219363488,208.0,0.75,,
phase4__speech__IForest__seed-2__task-001804__cfg-a4c2667f,speech,IForest,pca-0.50,2,0.014940156058493196,0.4454765404183154,-0.0001582815149802148,0.01639344262295082,0.574262934517235,108.0,0.5,,
phase4__speech__IForest__seed-2__task-001803__cfg-31ba34a0,speech,IForest,pca-0.25,2,0.013550094474765878,0.42356133408705476,-0.01682758620689655,0.0,0.783651493383854,41.0,0.25,,
phase4__speech__IForest__seed-2__task-001802__cfg-3860cfd6,speech,IForest,pca-0.10,2,0.01803000398658766,0.45382928208027135,0.01651102317693612,0.03278688524590164,1.1728723608430027,13.0,0.1,,
phase4__speech__IForest__seed-2__task-001801__cfg-8bac34b9,speech,IForest,pca-0.05,2,0.016597009150246103,0.4831972866026003,-0.0001582815149802148,0.01639344262295082,1.8629500252093998,5.0,0.05,,
phase4__speech__IForest__seed-2__task-001800__cfg-003f7b6b,speech,IForest,pca-0.01,2,0.014255099464195092,0.42918937252685135,-0.01682758620689655,0.0,3.7361107468250117,1.0,0.01,,
phase4__speech__DBSCAN__seed-1__task-001799__cfg-701e8067,speech,DBSCAN,dimensionality-raw-preprocess,1,0.01682524010448134,0.4702227247032222,0.01651102317693612,0.03278688524590164,0.4889148038223775,400.0,,,
phase4__speech__LOF__seed-1__task-001798__cfg-daf2f540,speech,LOF,dimensionality-raw-preprocess,1,0.024065583541958216,0.5080927077444884,0.01651102317693612,0.03278688524590164,0.4889148038223775,400.0,,,
phase4__speech__IForest__seed-1__task-001797__cfg-77e4ce46,speech,IForest,pca-0.99,1,0.019237992589439985,0.5033533069530809,-0.0001582815149802148,0.01639344262295082,0.4886682441146244,386.0,0.99,,
phase4__speech__IForest__seed-1__task-001796__cfg-946111db,speech,IForest,pca-0.90,1,0.022914814060993723,0.496592425098926,0.03318032786885246,0.04918032786885246,0.5095189666447463,301.0,0.9,,
phase4__speech__IForest__seed-1__task-001795__cfg-1132a906,speech,IForest,pca-0.75,1,0.017781791738903707,0.4718417184850198,0.01651102317693612,0.03278688524590164,0.5286821219363488,208.0,0.75,,
phase4__speech__IForest__seed-1__task-001794__cfg-b057147e,speech,IForest,pca-0.50,1,0.014940156058493196,0.4454765404183154,-0.0001582815149802148,0.01639344262295082,0.574262934517235,108.0,0.5,,
phase4__speech__IForest__seed-1__task-001793__cfg-645b3cce,speech,IForest,pca-0.25,1,0.013550094474765878,0.42356133408705476,-0.01682758620689655,0.0,0.783651493383854,41.0,0.25,,
phase4__speech__IForest__seed-1__task-001792__cfg-3a6e946f,speech,IForest,pca-0.10,1,0.01803000398658766,0.45382928208027135,0.01651102317693612,0.03278688524590164,1.1728723608430027,13.0,0.1,,
phase4__speech__IForest__seed-1__task-001791__cfg-857aceb8,speech,IForest,pca-0.05,1,0.016597009150246103,0.4831972866026003,-0.0001582815149802148,0.01639344262295082,1.8629500252093998,5.0,0.05,,
phase4__speech__IForest__seed-1__task-001790__cfg-7e8b19f2,speech,IForest,pca-0.01,1,0.014255099464195092,0.42918937252685135,-0.01682758620689655,0.0,3.7361107468250117,1.0,0.01,,
phase4__speech__DBSCAN__seed-0__task-001789__cfg-d7f3c457,speech,DBSCAN,dimensionality-raw-preprocess,0,0.01682524010448134,0.4702227247032222,0.01651102317693612,0.03278688524590164,0.4889148038223775,400.0,,,
phase4__speech__LOF__seed-0__task-001788__cfg-b2b0fbf5,speech,LOF,dimensionality-raw-preprocess,0,0.024065583541958216,0.5080927077444884,0.01651102317693612,0.03278688524590164,0.4889148038223775,400.0,,,
phase4__speech__IForest__seed-0__task-001787__cfg-13469bce,speech,IForest,pca-0.99,0,0.019237992589439985,0.5033533069530809,-0.0001582815149802148,0.01639344262295082,0.4886682441146244,386.0,0.99,,
phase4__speech__IForest__seed-0__task-001786__cfg-7f5487b2,speech,IForest,pca-0.90,0,0.022914814060993723,0.496592425098926,0.03318032786885246,0.04918032786885246,0.5095189666447463,301.0,0.9,,
phase4__speech__IForest__seed-0__task-001785__cfg-c683dc09,speech,IForest,pca-0.75,0,0.017781791738903707,0.4718417184850198,0.01651102317693612,0.03278688524590164,0.5286821219363488,208.0,0.75,,
phase4__speech__IForest__seed-0__task-001784__cfg-c5dfcb67,speech,IForest,pca-0.50,0,0.014940156058493196,0.4454765404183154,-0.0001582815149802148,0.01639344262295082,0.574262934517235,108.0,0.5,,
phase4__speech__IForest__seed-0__task-001783__cfg-22f3b119,speech,IForest,pca-0.25,0,0.013550094474765878,0.42356133408705476,-0.01682758620689655,0.0,0.783651493383854,41.0,0.25,,
phase4__speech__IForest__seed-0__task-001782__cfg-cf1b1451,speech,IForest,pca-0.10,0,0.01803000398658766,0.45382928208027135,0.01651102317693612,0.03278688524590164,1.1728723608430027,13.0,0.1,,
phase4__speech__IForest__seed-0__task-001781__cfg-04858af8,speech,IForest,pca-0.05,0,0.016597009150246103,0.4831972866026003,-0.0001582815149802148,0.01639344262295082,1.8629500252093998,5.0,0.05,,
phase4__speech__IForest__seed-0__task-001780__cfg-7d40a128,speech,IForest,pca-0.01,0,0.014255099464195092,0.42918937252685135,-0.01682758620689655,0.0,3.7361107468250117,1.0,0.01,,
phase4__speech__DBSCAN__seed-42__task-001779__cfg-c584b00f,speech,DBSCAN,dimensionality-raw-preprocess,42,0.01682524010448134,0.4702227247032222,0.01651102317693612,0.03278688524590164,0.4889148038223775,400.0,,,
phase4__speech__LOF__seed-42__task-001778__cfg-0e133f53,speech,LOF,dimensionality-raw-preprocess,42,0.024065583541958216,0.5080927077444884,0.01651102317693612,0.03278688524590164,0.4889148038223775,400.0,,,
phase4__speech__OCSVM__seed-42__task-001777__cfg-d9f2a576,speech,OCSVM,pca-0.99,42,0.018703211689777014,0.46031882419446013,-0.0001582815149802148,0.01639344262295082,0.4886682441146244,386.0,0.99,,
phase4__speech__OCSVM__seed-42__task-001776__cfg-00b30937,speech,OCSVM,pca-0.90,42,0.01729580887232582,0.45427699265121535,-0.0001582815149802148,0.01639344262295082,0.5095189666447463,301.0,0.9,,
phase4__speech__OCSVM__seed-42__task-001775__cfg-1179eded,speech,OCSVM,pca-0.75,42,0.01584956518545748,0.44155115884680607,0.01651102317693612,0.03278688524590164,0.5286821219363488,208.0,0.75,,
phase4__speech__OCSVM__seed-42__task-001774__cfg-29345565,speech,OCSVM,pca-0.50,42,0.014583373766756285,0.4181254946297343,-0.0001582815149802148,0.01639344262295082,0.574262934517235,108.0,0.5,,
phase4__speech__OCSVM__seed-42__task-001773__cfg-a77431a6,speech,OCSVM,pca-0.25,42,0.01325763613567569,0.3881424533634822,-0.01682758620689655,0.0,0.783651493383854,41.0,0.25,,
phase4__speech__OCSVM__seed-42__task-001772__cfg-945bb448,speech,OCSVM,pca-0.10,42,0.016173589153904946,0.43885132843414354,0.01651102317693612,0.03278688524590164,1.1728723608430027,13.0,0.1,,
phase4__speech__OCSVM__seed-42__task-001771__cfg-db36304d,speech,OCSVM,pca-0.05,42,0.018086416135258274,0.5055330695308083,0.01651102317693612,0.03278688524590164,1.8629500252093998,5.0,0.05,,
phase4__speech__OCSVM__seed-42__task-001770__cfg-4b069ed0,speech,OCSVM,pca-0.01,42,0.01791304996582875,0.545352176370831,-0.0001582815149802148,0.01639344262295082,3.7361107468250117,1.0,0.01,,
phase4__speech__DBSCAN__seed-3__task-001769__cfg-9a57f4e0,speech,DBSCAN,dimensionality-raw-preprocess,3,0.01682524010448134,0.4702227247032222,0.01651102317693612,0.03278688524590164,0.4889148038223775,400.0,,,
phase4__speech__LOF__seed-3__task-001768__cfg-81c309c6,speech,LOF,dimensionality-raw-preprocess,3,0.024065583541958216,0.5080927077444884,0.01651102317693612,0.03278688524590164,0.4889148038223775,400.0,,,
phase4__speech__OCSVM__seed-3__task-001767__cfg-f6630f44,speech,OCSVM,pca-0.99,3,0.018703211689777014,0.46031882419446013,-0.0001582815149802148,0.01639344262295082,0.4886682441146244,386.0,0.99,,
phase4__speech__OCSVM__seed-3__task-001766__cfg-cb990d67,speech,OCSVM,pca-0.90,3,0.01729580887232582,0.45427699265121535,-0.0001582815149802148,0.01639344262295082,0.5095189666447463,301.0,0.9,,
phase4__speech__OCSVM__seed-3__task-001765__cfg-2229646c,speech,OCSVM,pca-0.75,3,0.01584956518545748,0.44155115884680607,0.01651102317693612,0.03278688524590164,0.5286821219363488,208.0,0.75,,
phase4__speech__OCSVM__seed-3__task-001764__cfg-650e5043,speech,OCSVM,pca-0.50,3,0.014583373766756285,0.4181254946297343,-0.0001582815149802148,0.01639344262295082,0.574262934517235,108.0,0.5,,
phase4__speech__OCSVM__seed-3__task-001763__cfg-bb248341,speech,OCSVM,pca-0.25,3,0.01325763613567569,0.3881424533634822,-0.01682758620689655,0.0,0.783651493383854,41.0,0.25,,
phase4__speech__OCSVM__seed-3__task-001762__cfg-752351fe,speech,OCSVM,pca-0.10,3,0.016173589153904946,0.43885132843414354,0.01651102317693612,0.03278688524590164,1.1728723608430027,13.0,0.1,,
phase4__speech__OCSVM__seed-3__task-001761__cfg-798ccaf5,speech,OCSVM,pca-0.05,3,0.018086416135258274,0.5055330695308083,0.01651102317693612,0.03278688524590164,1.8629500252093998,5.0,0.05,,
phase4__speech__OCSVM__seed-3__task-001760__cfg-a2a466b9,speech,OCSVM,pca-0.01,3,0.01791304996582875,0.545352176370831,-0.0001582815149802148,0.01639344262295082,3.7361107468250117,1.0,0.01,,
phase4__speech__DBSCAN__seed-2__task-001759__cfg-36c5989b,speech,DBSCAN,dimensionality-raw-preprocess,2,0.01682524010448134,0.4702227247032222,0.01651102317693612,0.03278688524590164,0.4889148038223775,400.0,,,
phase4__speech__LOF__seed-2__task-001758__cfg-f5fb2ffa,speech,LOF,dimensionality-raw-preprocess,2,0.024065583541958216,0.5080927077444884,0.01651102317693612,0.03278688524590164,0.4889148038223775,400.0,,,
phase4__speech__OCSVM__seed-2__task-001757__cfg-bc68459d,speech,OCSVM,pca-0.99,2,0.018703211689777014,0.46031882419446013,-0.0001582815149802148,0.01639344262295082,0.4886682441146244,386.0,0.99,,
phase4__speech__OCSVM__seed-2__task-001756__cfg-61b10fd0,speech,OCSVM,pca-0.90,2,0.01729580887232582,0.45427699265121535,-0.0001582815149802148,0.01639344262295082,0.5095189666447463,301.0,0.9,,
phase4__speech__OCSVM__seed-2__task-001755__cfg-db390b7c,speech,OCSVM,pca-0.75,2,0.01584956518545748,0.44155115884680607,0.01651102317693612,0.03278688524590164,0.5286821219363488,208.0,0.75,,
phase4__speech__OCSVM__seed-2__task-001754__cfg-2e44d2c1,speech,OCSVM,pca-0.50,2,0.014583373766756285,0.4181254946297343,-0.0001582815149802148,0.01639344262295082,0.574262934517235,108.0,0.5,,
phase4__speech__OCSVM__seed-2__task-001753__cfg-36de40d3,speech,OCSVM,pca-0.25,2,0.01325763613567569,0.3881424533634822,-0.01682758620689655,0.0,0.783651493383854,41.0,0.25,,
phase4__speech__OCSVM__seed-2__task-001752__cfg-6b8ebd63,speech,OCSVM,pca-0.10,2,0.016173589153904946,0.43885132843414354,0.01651102317693612,0.03278688524590164,1.1728723608430027,13.0,0.1,,
phase4__speech__OCSVM__seed-2__task-001751__cfg-7a6a88df,speech,OCSVM,pca-0.05,2,0.018086416135258274,0.5055330695308083,0.01651102317693612,0.03278688524590164,1.8629500252093998,5.0,0.05,,
phase4__speech__OCSVM__seed-2__task-001750__cfg-2abc5c76,speech,OCSVM,pca-0.01,2,0.01791304996582875,0.545352176370831,-0.0001582815149802148,0.01639344262295082,3.7361107468250117,1.0,0.01,,
phase4__speech__DBSCAN__seed-1__task-001749__cfg-701e8067,speech,DBSCAN,dimensionality-raw-preprocess,1,0.01682524010448134,0.4702227247032222,0.01651102317693612,0.03278688524590164,0.4889148038223775,400.0,,,
phase4__speech__LOF__seed-1__task-001748__cfg-daf2f540,speech,LOF,dimensionality-raw-preprocess,1,0.024065583541958216,0.5080927077444884,0.01651102317693612,0.03278688524590164,0.4889148038223775,400.0,,,
phase4__speech__OCSVM__seed-1__task-001747__cfg-9afcad1a,speech,OCSVM,pca-0.99,1,0.018703211689777014,0.46031882419446013,-0.0001582815149802148,0.01639344262295082,0.4886682441146244,386.0,0.99,,
phase4__speech__OCSVM__seed-1__task-001746__cfg-156b4b47,speech,OCSVM,pca-0.90,1,0.01729580887232582,0.45427699265121535,-0.0001582815149802148,0.01639344262295082,0.5095189666447463,301.0,0.9,,
phase4__speech__OCSVM__seed-1__task-001745__cfg-96aa3e53,speech,OCSVM,pca-0.75,1,0.01584956518545748,0.44155115884680607,0.01651102317693612,0.03278688524590164,0.5286821219363488,208.0,0.75,,
phase4__speech__OCSVM__seed-1__task-001744__cfg-afb4e2b8,speech,OCSVM,pca-0.50,1,0.014583373766756285,0.4181254946297343,-0.0001582815149802148,0.01639344262295082,0.574262934517235,108.0,0.5,,
phase4__speech__OCSVM__seed-1__task-001743__cfg-63560d43,speech,OCSVM,pca-0.25,1,0.01325763613567569,0.3881424533634822,-0.01682758620689655,0.0,0.783651493383854,41.0,0.25,,
phase4__speech__OCSVM__seed-1__task-001742__cfg-41055ea6,speech,OCSVM,pca-0.10,1,0.016173589153904946,0.43885132843414354,0.01651102317693612,0.03278688524590164,1.1728723608430027,13.0,0.1,,
phase4__speech__OCSVM__seed-1__task-001741__cfg-c8817bc8,speech,OCSVM,pca-0.05,1,0.018086416135258274,0.5055330695308083,0.01651102317693612,0.03278688524590164,1.8629500252093998,5.0,0.05,,
phase4__speech__OCSVM__seed-1__task-001740__cfg-b9dc0800,speech,OCSVM,pca-0.01,1,0.01791304996582875,0.545352176370831,-0.0001582815149802148,0.01639344262295082,3.7361107468250117,1.0,0.01,,
phase4__speech__DBSCAN__seed-0__task-001739__cfg-d7f3c457,speech,DBSCAN,dimensionality-raw-preprocess,0,0.01682524010448134,0.4702227247032222,0.01651102317693612,0.03278688524590164,0.4889148038223775,400.0,,,
phase4__speech__LOF__seed-0__task-001738__cfg-b2b0fbf5,speech,LOF,dimensionality-raw-preprocess,0,0.024065583541958216,0.5080927077444884,0.01651102317693612,0.03278688524590164,0.4889148038223775,400.0,,,
phase4__speech__OCSVM__seed-0__task-001737__cfg-cc829baa,speech,OCSVM,pca-0.99,0,0.018703211689777014,0.46031882419446013,-0.0001582815149802148,0.01639344262295082,0.4886682441146244,386.0,0.99,,
phase4__speech__OCSVM__seed-0__task-001736__cfg-4efb6d9b,speech,OCSVM,pca-0.90,0,0.01729580887232582,0.45427699265121535,-0.0001582815149802148,0.01639344262295082,0.5095189666447463,301.0,0.9,,
phase4__speech__OCSVM__seed-0__task-001735__cfg-f4e9e63d,speech,OCSVM,pca-0.75,0,0.01584956518545748,0.44155115884680607,0.01651102317693612,0.03278688524590164,0.5286821219363488,208.0,0.75,,
phase4__speech__OCSVM__seed-0__task-001734__cfg-69cb4abe,speech,OCSVM,pca-0.50,0,0.014583373766756285,0.4181254946297343,-0.0001582815149802148,0.01639344262295082,0.574262934517235,108.0,0.5,,
phase4__speech__OCSVM__seed-0__task-001733__cfg-30021877,speech,OCSVM,pca-0.25,0,0.01325763613567569,0.3881424533634822,-0.01682758620689655,0.0,0.783651493383854,41.0,0.25,,
phase4__speech__OCSVM__seed-0__task-001732__cfg-44926cd1,speech,OCSVM,pca-0.10,0,0.016173589153904946,0.43885132843414354,0.01651102317693612,0.03278688524590164,1.1728723608430027,13.0,0.1,,
phase4__speech__OCSVM__seed-0__task-001731__cfg-a95f2df2,speech,OCSVM,pca-0.05,0,0.018086416135258274,0.5055330695308083,0.01651102317693612,0.03278688524590164,1.8629500252093998,5.0,0.05,,
phase4__speech__OCSVM__seed-0__task-001730__cfg-85f89fa6,speech,OCSVM,pca-0.01,0,0.01791304996582875,0.545352176370831,-0.0001582815149802148,0.01639344262295082,3.7361107468250117,1.0,0.01,,
phase4__musk__DBSCAN__seed-42__task-001729__cfg-92adf5a3,musk,DBSCAN,dimensionality-raw-preprocess,42,0.1158461286029971,0.6186610107612872,0.07304999049065768,0.10256410256410256,9.264542201500916,166.0,,,
phase4__musk__LOF__seed-42__task-001728__cfg-48881a2b,musk,LOF,dimensionality-raw-preprocess,42,0.13274429462222187,0.6188904921680778,0.18958261243374433,0.2153846153846154,9.264542201500916,166.0,,,
phase4__musk__HBOS__seed-42__task-001727__cfg-e3430727,musk,HBOS,pca-0.99,42,0.12438804470300116,0.6691399662731872,0.07304999049065768,0.10256410256410256,9.461447388861314,22.0,0.99,,
phase4__musk__HBOS__seed-42__task-001726__cfg-19cb67e1,musk,HBOS,pca-0.90,42,0.1497641633579873,0.7712000834477843,0.030674491602262526,0.06153846153846154,10.88768454727035,5.0,0.9,,
phase4__musk__HBOS__seed-42__task-001725__cfg-56ff4d6d,musk,HBOS,pca-0.75,42,0.07591057671785806,0.4276646789868048,0.030674491602262526,0.06153846153846154,13.387551992525717,3.0,0.75,,
phase4__musk__HBOS__seed-42__task-001724__cfg-e398dc62,musk,HBOS,pca-0.50,42,0.16534751472310366,0.46199127275255997,0.15780098826744798,0.18461538461538463,16.710023251454462,2.0,0.5,,
phase4__musk__HBOS__seed-42__task-001723__cfg-624e5277,musk,HBOS,pca-0.25,42,0.12403314463150027,0.5668086437996557,0.25314586076633705,0.27692307692307694,38.33960115223,1.0,0.25,,
phase4__musk__HBOS__seed-42__task-001722__cfg-ae3d3ff2,musk,HBOS,pca-0.10,42,0.12403314463150027,0.5668086437996557,0.25314586076633705,0.27692307692307694,38.33960115223,1.0,0.1,,
phase4__musk__HBOS__seed-42__task-001721__cfg-99552027,musk,HBOS,pca-0.05,42,0.12403314463150027,0.5668086437996557,0.25314586076633705,0.27692307692307694,38.33960115223,1.0,0.05,,
phase4__musk__HBOS__seed-42__task-001720__cfg-d633021a,musk,HBOS,pca-0.01,42,0.12403314463150027,0.5668086437996557,0.25314586076633705,0.27692307692307694,38.33960115223,1.0,0.01,,
phase4__musk__DBSCAN__seed-3__task-001719__cfg-a9cf0d94,musk,DBSCAN,dimensionality-raw-preprocess,3,0.1158461286029971,0.6186610107612872,0.07304999049065768,0.10256410256410256,9.264542201500916,166.0,,,
phase4__musk__LOF__seed-3__task-001718__cfg-726a1a72,musk,LOF,dimensionality-raw-preprocess,3,0.13274429462222187,0.6188904921680778,0.18958261243374433,0.2153846153846154,9.264542201500916,166.0,,,
phase4__musk__HBOS__seed-3__task-001717__cfg-e57e73e2,musk,HBOS,pca-0.99,3,0.12438804470300116,0.6691399662731872,0.07304999049065768,0.10256410256410256,9.461447388861314,22.0,0.99,,
phase4__musk__HBOS__seed-3__task-001716__cfg-9eb84ee9,musk,HBOS,pca-0.90,3,0.1497641633579873,0.7712000834477843,0.030674491602262526,0.06153846153846154,10.88768454727035,5.0,0.9,,
phase4__musk__HBOS__seed-3__task-001715__cfg-3c13489e,musk,HBOS,pca-0.75,3,0.07591057671785806,0.4276646789868048,0.030674491602262526,0.06153846153846154,13.387551992525717,3.0,0.75,,
phase4__musk__HBOS__seed-3__task-001714__cfg-7e7f4516,musk,HBOS,pca-0.50,3,0.16534751472310366,0.46199127275255997,0.15780098826744798,0.18461538461538463,16.710023251454462,2.0,0.5,,
phase4__musk__HBOS__seed-3__task-001713__cfg-39bbe476,musk,HBOS,pca-0.25,3,0.12403314463150027,0.5668086437996557,0.25314586076633705,0.27692307692307694,38.33960115223,1.0,0.25,,
phase4__musk__HBOS__seed-3__task-001712__cfg-fdd18c27,musk,HBOS,pca-0.10,3,0.12403314463150027,0.5668086437996557,0.25314586076633705,0.27692307692307694,38.33960115223,1.0,0.1,,
phase4__musk__HBOS__seed-3__task-001711__cfg-7bd78b0d,musk,HBOS,pca-0.05,3,0.12403314463150027,0.5668086437996557,0.25314586076633705,0.27692307692307694,38.33960115223,1.0,0.05,,
phase4__musk__HBOS__seed-3__task-001710__cfg-d60d9e2c,musk,HBOS,pca-0.01,3,0.12403314463150027,0.5668086437996557,0.25314586076633705,0.27692307692307694,38.33960115223,1.0,0.01,,
phase4__musk__DBSCAN__seed-2__task-001709__cfg-cfc81bef,musk,DBSCAN,dimensionality-raw-preprocess,2,0.1158461286029971,0.6186610107612872,0.07304999049065768,0.10256410256410256,9.264542201500916,166.0,,,
phase4__musk__LOF__seed-2__task-001708__cfg-c85f9ec7,musk,LOF,dimensionality-raw-preprocess,2,0.13274429462222187,0.6188904921680778,0.18958261243374433,0.2153846153846154,9.264542201500916,166.0,,,
phase4__musk__HBOS__seed-2__task-001707__cfg-52423c90,musk,HBOS,pca-0.99,2,0.12438804470300116,0.6691399662731872,0.07304999049065768,0.10256410256410256,9.461447388861314,22.0,0.99,,
phase4__musk__HBOS__seed-2__task-001706__cfg-336ee121,musk,HBOS,pca-0.90,2,0.1497641633579873,0.7712000834477843,0.030674491602262526,0.06153846153846154,10.88768454727035,5.0,0.9,,
phase4__musk__HBOS__seed-2__task-001705__cfg-6b042d9a,musk,HBOS,pca-0.75,2,0.07591057671785806,0.4276646789868048,0.030674491602262526,0.06153846153846154,13.387551992525717,3.0,0.75,,
phase4__musk__HBOS__seed-2__task-001704__cfg-f10ac5b2,musk,HBOS,pca-0.50,2,0.16534751472310366,0.46199127275255997,0.15780098826744798,0.18461538461538463,16.710023251454462,2.0,0.5,,
phase4__musk__HBOS__seed-2__task-001703__cfg-c10453e0,musk,HBOS,pca-0.25,2,0.12403314463150027,0.5668086437996557,0.25314586076633705,0.27692307692307694,38.33960115223,1.0,0.25,,
phase4__musk__HBOS__seed-2__task-001702__cfg-3107644c,musk,HBOS,pca-0.10,2,0.12403314463150027,0.5668086437996557,0.25314586076633705,0.27692307692307694,38.33960115223,1.0,0.1,,
phase4__musk__HBOS__seed-2__task-001701__cfg-2196487b,musk,HBOS,pca-0.05,2,0.12403314463150027,0.5668086437996557,0.25314586076633705,0.27692307692307694,38.33960115223,1.0,0.05,,
phase4__musk__HBOS__seed-2__task-001700__cfg-2689dc10,musk,HBOS,pca-0.01,2,0.12403314463150027,0.5668086437996557,0.25314586076633705,0.27692307692307694,38.33960115223,1.0,0.01,,
phase4__musk__DBSCAN__seed-1__task-001699__cfg-047d4763,musk,DBSCAN,dimensionality-raw-preprocess,1,0.1158461286029971,0.6186610107612872,0.07304999049065768,0.10256410256410256,9.264542201500916,166.0,,,
phase4__musk__LOF__seed-1__task-001698__cfg-6772d737,musk,LOF,dimensionality-raw-preprocess,1,0.13274429462222187,0.6188904921680778,0.18958261243374433,0.2153846153846154,9.264542201500916,166.0,,,
phase4__musk__HBOS__seed-1__task-001697__cfg-f8745898,musk,HBOS,pca-0.99,1,0.12438804470300116,0.6691399662731872,0.07304999049065768,0.10256410256410256,9.461447388861314,22.0,0.99,,
phase4__musk__HBOS__seed-1__task-001696__cfg-7ddb4575,musk,HBOS,pca-0.90,1,0.1497641633579873,0.7712000834477843,0.030674491602262526,0.06153846153846154,10.88768454727035,5.0,0.9,,
phase4__musk__HBOS__seed-1__task-001695__cfg-af4eee92,musk,HBOS,pca-0.75,1,0.07591057671785806,0.4276646789868048,0.030674491602262526,0.06153846153846154,13.387551992525717,3.0,0.75,,
phase4__musk__HBOS__seed-1__task-001694__cfg-4a04f64a,musk,HBOS,pca-0.50,1,0.16534751472310366,0.46199127275255997,0.15780098826744798,0.18461538461538463,16.710023251454462,2.0,0.5,,
phase4__musk__HBOS__seed-1__task-001693__cfg-300d5b00,musk,HBOS,pca-0.25,1,0.12403314463150027,0.5668086437996557,0.25314586076633705,0.27692307692307694,38.33960115223,1.0,0.25,,
phase4__musk__HBOS__seed-1__task-001692__cfg-5f0cdb29,musk,HBOS,pca-0.10,1,0.12403314463150027,0.5668086437996557,0.25314586076633705,0.27692307692307694,38.33960115223,1.0,0.1,,
phase4__musk__HBOS__seed-1__task-001691__cfg-df60322f,musk,HBOS,pca-0.05,1,0.12403314463150027,0.5668086437996557,0.25314586076633705,0.27692307692307694,38.33960115223,1.0,0.05,,
phase4__musk__HBOS__seed-1__task-001690__cfg-cdc2fd2d,musk,HBOS,pca-0.01,1,0.12403314463150027,0.5668086437996557,0.25314586076633705,0.27692307692307694,38.33960115223,1.0,0.01,,
phase4__musk__DBSCAN__seed-0__task-001689__cfg-2230090c,musk,DBSCAN,dimensionality-raw-preprocess,0,0.1158461286029971,0.6186610107612872,0.07304999049065768,0.10256410256410256,9.264542201500916,166.0,,,
phase4__musk__LOF__seed-0__task-001688__cfg-0f4dcd74,musk,LOF,dimensionality-raw-preprocess,0,0.13274429462222187,0.6188904921680778,0.18958261243374433,0.2153846153846154,9.264542201500916,166.0,,,
phase4__musk__HBOS__seed-0__task-001687__cfg-8ae43874,musk,HBOS,pca-0.99,0,0.12438804470300116,0.6691399662731872,0.07304999049065768,0.10256410256410256,9.461447388861314,22.0,0.99,,
phase4__musk__HBOS__seed-0__task-001686__cfg-34747329,musk,HBOS,pca-0.90,0,0.1497641633579873,0.7712000834477843,0.030674491602262526,0.06153846153846154,10.88768454727035,5.0,0.9,,
phase4__musk__HBOS__seed-0__task-001685__cfg-b52ce99f,musk,HBOS,pca-0.75,0,0.07591057671785806,0.4276646789868048,0.030674491602262526,0.06153846153846154,13.387551992525717,3.0,0.75,,
phase4__musk__HBOS__seed-0__task-001684__cfg-6749b359,musk,HBOS,pca-0.50,0,0.16534751472310366,0.46199127275255997,0.15780098826744798,0.18461538461538463,16.710023251454462,2.0,0.5,,
phase4__musk__HBOS__seed-0__task-001683__cfg-5e2baaf2,musk,HBOS,pca-0.25,0,0.12403314463150027,0.5668086437996557,0.25314586076633705,0.27692307692307694,38.33960115223,1.0,0.25,,
phase4__musk__HBOS__seed-0__task-001682__cfg-77a8b4a9,musk,HBOS,pca-0.10,0,0.12403314463150027,0.5668086437996557,0.25314586076633705,0.27692307692307694,38.33960115223,1.0,0.1,,
phase4__musk__HBOS__seed-0__task-001681__cfg-4430e671,musk,HBOS,pca-0.05,0,0.12403314463150027,0.5668086437996557,0.25314586076633705,0.27692307692307694,38.33960115223,1.0,0.05,,
phase4__musk__HBOS__seed-0__task-001680__cfg-b5cdd39a,musk,HBOS,pca-0.01,0,0.12403314463150027,0.5668086437996557,0.25314586076633705,0.27692307692307694,38.33960115223,1.0,0.01,,
phase4__musk__DBSCAN__seed-42__task-001679__cfg-92adf5a3,musk,DBSCAN,dimensionality-raw-preprocess,42,0.1158461286029971,0.6186610107612872,0.07304999049065768,0.10256410256410256,9.264542201500916,166.0,,,
phase4__musk__LOF__seed-42__task-001678__cfg-48881a2b,musk,LOF,dimensionality-raw-preprocess,42,0.13274429462222187,0.6188904921680778,0.18958261243374433,0.2153846153846154,9.264542201500916,166.0,,,
phase4__musk__ECOD__seed-42__task-001677__cfg-79a94b46,musk,ECOD,pca-0.99,42,0.14847955965696882,0.799513221258323,0.04126836632436131,0.07179487179487179,9.461447388861314,22.0,0.99,,
phase4__musk__ECOD__seed-42__task-001676__cfg-6970edeb,musk,ECOD,pca-0.90,42,0.12543204342775363,0.8811321082735001,0.04126836632436131,0.07179487179487179,10.88768454727035,5.0,0.9,,
phase4__musk__ECOD__seed-42__task-001675__cfg-89047d7a,musk,ECOD,pca-0.75,42,0.05485318367130197,0.5484883781575425,0.030674491602262526,0.06153846153846154,13.387551992525717,3.0,0.75,,
phase4__musk__ECOD__seed-42__task-001674__cfg-601e8f88,musk,ECOD,pca-0.50,42,0.05428459395714132,0.39872046730759203,0.14720711354534918,0.17435897435897435,16.710023251454462,2.0,0.5,,
phase4__musk__ECOD__seed-42__task-001673__cfg-bee64d6b,musk,ECOD,pca-0.25,42,0.17827572071947492,0.6100954434032788,0.15780098826744798,0.18461538461538463,38.33960115223,1.0,0.25,,
phase4__musk__ECOD__seed-42__task-001672__cfg-9755c913,musk,ECOD,pca-0.10,42,0.17827572071947492,0.6100954434032788,0.15780098826744798,0.18461538461538463,38.33960115223,1.0,0.1,,
phase4__musk__ECOD__seed-42__task-001671__cfg-c103581f,musk,ECOD,pca-0.05,42,0.17827572071947492,0.6100954434032788,0.15780098826744798,0.18461538461538463,38.33960115223,1.0,0.05,,
phase4__musk__ECOD__seed-42__task-001670__cfg-71fc556b,musk,ECOD,pca-0.01,42,0.17827572071947492,0.6100954434032788,0.15780098826744798,0.18461538461538463,38.33960115223,1.0,0.01,,
phase4__musk__DBSCAN__seed-3__task-001669__cfg-a9cf0d94,musk,DBSCAN,dimensionality-raw-preprocess,3,0.1158461286029971,0.6186610107612872,0.07304999049065768,0.10256410256410256,9.264542201500916,166.0,,,
phase4__musk__LOF__seed-3__task-001668__cfg-726a1a72,musk,LOF,dimensionality-raw-preprocess,3,0.13274429462222187,0.6188904921680778,0.18958261243374433,0.2153846153846154,9.264542201500916,166.0,,,
phase4__musk__ECOD__seed-3__task-001667__cfg-3ee512f5,musk,ECOD,pca-0.99,3,0.14847955965696882,0.799513221258323,0.04126836632436131,0.07179487179487179,9.461447388861314,22.0,0.99,,
phase4__musk__ECOD__seed-3__task-001666__cfg-032cfa2b,musk,ECOD,pca-0.90,3,0.12543204342775363,0.8811321082735001,0.04126836632436131,0.07179487179487179,10.88768454727035,5.0,0.9,,
phase4__musk__ECOD__seed-3__task-001665__cfg-c8a7ed77,musk,ECOD,pca-0.75,3,0.05485318367130197,0.5484883781575425,0.030674491602262526,0.06153846153846154,13.387551992525717,3.0,0.75,,
phase4__musk__ECOD__seed-3__task-001664__cfg-e392a045,musk,ECOD,pca-0.50,3,0.05428459395714132,0.39872046730759203,0.14720711354534918,0.17435897435897435,16.710023251454462,2.0,0.5,,
phase4__musk__ECOD__seed-3__task-001663__cfg-34f6cb25,musk,ECOD,pca-0.25,3,0.17827572071947492,0.6100954434032788,0.15780098826744798,0.18461538461538463,38.33960115223,1.0,0.25,,
phase4__musk__ECOD__seed-3__task-001662__cfg-ec0d335d,musk,ECOD,pca-0.10,3,0.17827572071947492,0.6100954434032788,0.15780098826744798,0.18461538461538463,38.33960115223,1.0,0.1,,
phase4__musk__ECOD__seed-3__task-001661__cfg-d1d28be9,musk,ECOD,pca-0.05,3,0.17827572071947492,0.6100954434032788,0.15780098826744798,0.18461538461538463,38.33960115223,1.0,0.05,,
phase4__musk__ECOD__seed-3__task-001660__cfg-cdba8b99,musk,ECOD,pca-0.01,3,0.17827572071947492,0.6100954434032788,0.15780098826744798,0.18461538461538463,38.33960115223,1.0,0.01,,
phase4__musk__DBSCAN__seed-2__task-001659__cfg-cfc81bef,musk,DBSCAN,dimensionality-raw-preprocess,2,0.1158461286029971,0.6186610107612872,0.07304999049065768,0.10256410256410256,9.264542201500916,166.0,,,
phase4__musk__LOF__seed-2__task-001658__cfg-c85f9ec7,musk,LOF,dimensionality-raw-preprocess,2,0.13274429462222187,0.6188904921680778,0.18958261243374433,0.2153846153846154,9.264542201500916,166.0,,,
phase4__musk__ECOD__seed-2__task-001657__cfg-1d140830,musk,ECOD,pca-0.99,2,0.14847955965696882,0.799513221258323,0.04126836632436131,0.07179487179487179,9.461447388861314,22.0,0.99,,
phase4__musk__ECOD__seed-2__task-001656__cfg-88ed4fe5,musk,ECOD,pca-0.90,2,0.12543204342775363,0.8811321082735001,0.04126836632436131,0.07179487179487179,10.88768454727035,5.0,0.9,,
phase4__musk__ECOD__seed-2__task-001655__cfg-5d6e91fe,musk,ECOD,pca-0.75,2,0.05485318367130197,0.5484883781575425,0.030674491602262526,0.06153846153846154,13.387551992525717,3.0,0.75,,
phase4__musk__ECOD__seed-2__task-001654__cfg-47946cec,musk,ECOD,pca-0.50,2,0.05428459395714132,0.39872046730759203,0.14720711354534918,0.17435897435897435,16.710023251454462,2.0,0.5,,
phase4__musk__ECOD__seed-2__task-001653__cfg-7c491ae1,musk,ECOD,pca-0.25,2,0.17827572071947492,0.6100954434032788,0.15780098826744798,0.18461538461538463,38.33960115223,1.0,0.25,,
phase4__musk__ECOD__seed-2__task-001652__cfg-38341070,musk,ECOD,pca-0.10,2,0.17827572071947492,0.6100954434032788,0.15780098826744798,0.18461538461538463,38.33960115223,1.0,0.1,,
phase4__musk__ECOD__seed-2__task-001651__cfg-06a0bed0,musk,ECOD,pca-0.05,2,0.17827572071947492,0.6100954434032788,0.15780098826744798,0.18461538461538463,38.33960115223,1.0,0.05,,
phase4__musk__ECOD__seed-2__task-001650__cfg-4c5802f3,musk,ECOD,pca-0.01,2,0.17827572071947492,0.6100954434032788,0.15780098826744798,0.18461538461538463,38.33960115223,1.0,0.01,,
phase4__musk__DBSCAN__seed-1__task-001649__cfg-047d4763,musk,DBSCAN,dimensionality-raw-preprocess,1,0.1158461286029971,0.6186610107612872,0.07304999049065768,0.10256410256410256,9.264542201500916,166.0,,,
phase4__musk__LOF__seed-1__task-001648__cfg-6772d737,musk,LOF,dimensionality-raw-preprocess,1,0.13274429462222187,0.6188904921680778,0.18958261243374433,0.2153846153846154,9.264542201500916,166.0,,,
phase4__musk__ECOD__seed-1__task-001647__cfg-002428de,musk,ECOD,pca-0.99,1,0.14847955965696882,0.799513221258323,0.04126836632436131,0.07179487179487179,9.461447388861314,22.0,0.99,,
phase4__musk__ECOD__seed-1__task-001646__cfg-e6495511,musk,ECOD,pca-0.90,1,0.12543204342775363,0.8811321082735001,0.04126836632436131,0.07179487179487179,10.88768454727035,5.0,0.9,,
phase4__musk__ECOD__seed-1__task-001645__cfg-55b1d604,musk,ECOD,pca-0.75,1,0.05485318367130197,0.5484883781575425,0.030674491602262526,0.06153846153846154,13.387551992525717,3.0,0.75,,
phase4__musk__ECOD__seed-1__task-001644__cfg-926014c5,musk,ECOD,pca-0.50,1,0.05428459395714132,0.39872046730759203,0.14720711354534918,0.17435897435897435,16.710023251454462,2.0,0.5,,
phase4__musk__ECOD__seed-1__task-001643__cfg-02f752e0,musk,ECOD,pca-0.25,1,0.17827572071947492,0.6100954434032788,0.15780098826744798,0.18461538461538463,38.33960115223,1.0,0.25,,
phase4__musk__ECOD__seed-1__task-001642__cfg-32aca7a2,musk,ECOD,pca-0.10,1,0.17827572071947492,0.6100954434032788,0.15780098826744798,0.18461538461538463,38.33960115223,1.0,0.1,,
phase4__musk__ECOD__seed-1__task-001641__cfg-5a3f50de,musk,ECOD,pca-0.05,1,0.17827572071947492,0.6100954434032788,0.15780098826744798,0.18461538461538463,38.33960115223,1.0,0.05,,
phase4__musk__ECOD__seed-1__task-001640__cfg-d2a74273,musk,ECOD,pca-0.01,1,0.17827572071947492,0.6100954434032788,0.15780098826744798,0.18461538461538463,38.33960115223,1.0,0.01,,
phase4__musk__DBSCAN__seed-0__task-001639__cfg-2230090c,musk,DBSCAN,dimensionality-raw-preprocess,0,0.1158461286029971,0.6186610107612872,0.07304999049065768,0.10256410256410256,9.264542201500916,166.0,,,
phase4__musk__LOF__seed-0__task-001638__cfg-0f4dcd74,musk,LOF,dimensionality-raw-preprocess,0,0.13274429462222187,0.6188904921680778,0.18958261243374433,0.2153846153846154,9.264542201500916,166.0,,,
phase4__musk__ECOD__seed-0__task-001637__cfg-c6e28bce,musk,ECOD,pca-0.99,0,0.14847955965696882,0.799513221258323,0.04126836632436131,0.07179487179487179,9.461447388861314,22.0,0.99,,
phase4__musk__ECOD__seed-0__task-001636__cfg-a69057ff,musk,ECOD,pca-0.90,0,0.12543204342775363,0.8811321082735001,0.04126836632436131,0.07179487179487179,10.88768454727035,5.0,0.9,,
phase4__musk__ECOD__seed-0__task-001635__cfg-d3c67ad4,musk,ECOD,pca-0.75,0,0.05485318367130197,0.5484883781575425,0.030674491602262526,0.06153846153846154,13.387551992525717,3.0,0.75,,
phase4__musk__ECOD__seed-0__task-001634__cfg-b14f6cc8,musk,ECOD,pca-0.50,0,0.05428459395714132,0.39872046730759203,0.14720711354534918,0.17435897435897435,16.710023251454462,2.0,0.5,,
phase4__musk__ECOD__seed-0__task-001633__cfg-08e4c677,musk,ECOD,pca-0.25,0,0.17827572071947492,0.6100954434032788,0.15780098826744798,0.18461538461538463,38.33960115223,1.0,0.25,,
phase4__musk__ECOD__seed-0__task-001632__cfg-435c4ded,musk,ECOD,pca-0.10,0,0.17827572071947492,0.6100954434032788,0.15780098826744798,0.18461538461538463,38.33960115223,1.0,0.1,,
phase4__musk__ECOD__seed-0__task-001631__cfg-52f9f1fa,musk,ECOD,pca-0.05,0,0.17827572071947492,0.6100954434032788,0.15780098826744798,0.18461538461538463,38.33960115223,1.0,0.05,,
phase4__musk__ECOD__seed-0__task-001630__cfg-2bf4ae34,musk,ECOD,pca-0.01,0,0.17827572071947492,0.6100954434032788,0.15780098826744798,0.18461538461538463,38.33960115223,1.0,0.01,,
phase4__musk__DBSCAN__seed-42__task-001629__cfg-92adf5a3,musk,DBSCAN,dimensionality-raw-preprocess,42,0.1158461286029971,0.6186610107612872,0.07304999049065768,0.10256410256410256,9.264542201500916,166.0,,,
phase4__musk__LOF__seed-42__task-001628__cfg-48881a2b,musk,LOF,dimensionality-raw-preprocess,42,0.13274429462222187,0.6188904921680778,0.18958261243374433,0.2153846153846154,9.264542201500916,166.0,,,
phase4__musk__DBSCAN__seed-42__task-001627__cfg-1caeb51b,musk,DBSCAN,pca-0.99,42,0.10249587326865929,0.5457989256097773,0.07304999049065768,0.10256410256410256,9.461447388861314,22.0,0.99,,
phase4__musk__DBSCAN__seed-42__task-001626__cfg-dec30109,musk,DBSCAN,pca-0.90,42,0.09252981702659778,0.5434780341092817,0.10483161465695404,0.13333333333333333,10.88768454727035,5.0,0.9,,
phase4__musk__DBSCAN__seed-42__task-001625__cfg-5bdf1622,musk,DBSCAN,pca-0.75,42,0.10250459970359294,0.5611933033153108,0.10483161465695404,0.13333333333333333,13.387551992525717,3.0,0.75,,
phase4__musk__DBSCAN__seed-42__task-001624__cfg-bdb9adbb,musk,DBSCAN,pca-0.50,42,0.18950002700908355,0.5750508509935502,0.15780098826744798,0.18461538461538463,16.710023251454462,2.0,0.5,,
phase4__musk__DBSCAN__seed-42__task-001623__cfg-fbb2f5e9,musk,DBSCAN,pca-0.25,42,0.19123687607094494,0.5791310999461067,0.15780098826744798,0.18461538461538463,38.33960115223,1.0,0.25,,
phase4__musk__DBSCAN__seed-42__task-001622__cfg-78b3bf32,musk,DBSCAN,pca-0.10,42,0.19123687607094494,0.5791310999461067,0.15780098826744798,0.18461538461538463,38.33960115223,1.0,0.1,,
phase4__musk__DBSCAN__seed-42__task-001621__cfg-24bf4202,musk,DBSCAN,pca-0.05,42,0.19123687607094494,0.5791310999461067,0.15780098826744798,0.18461538461538463,38.33960115223,1.0,0.05,,
phase4__musk__DBSCAN__seed-42__task-001620__cfg-d87f4f9b,musk,DBSCAN,pca-0.01,42,0.19123687607094494,0.5791310999461067,0.15780098826744798,0.18461538461538463,38.33960115223,1.0,0.01,,
phase4__musk__DBSCAN__seed-3__task-001619__cfg-a9cf0d94,musk,DBSCAN,dimensionality-raw-preprocess,3,0.1158461286029971,0.6186610107612872,0.07304999049065768,0.10256410256410256,9.264542201500916,166.0,,,
phase4__musk__LOF__seed-3__task-001618__cfg-726a1a72,musk,LOF,dimensionality-raw-preprocess,3,0.13274429462222187,0.6188904921680778,0.18958261243374433,0.2153846153846154,9.264542201500916,166.0,,,
phase4__musk__DBSCAN__seed-3__task-001617__cfg-0dc6c711,musk,DBSCAN,pca-0.99,3,0.10249587326865929,0.5457989256097773,0.07304999049065768,0.10256410256410256,9.461447388861314,22.0,0.99,,
phase4__musk__DBSCAN__seed-3__task-001616__cfg-9f5572cc,musk,DBSCAN,pca-0.90,3,0.09252981702659778,0.5434780341092817,0.10483161465695404,0.13333333333333333,10.88768454727035,5.0,0.9,,
phase4__musk__DBSCAN__seed-3__task-001615__cfg-f42fe020,musk,DBSCAN,pca-0.75,3,0.10250459970359294,0.5611933033153108,0.10483161465695404,0.13333333333333333,13.387551992525717,3.0,0.75,,
phase4__musk__DBSCAN__seed-3__task-001614__cfg-fcdb6354,musk,DBSCAN,pca-0.50,3,0.18950002700908355,0.5750508509935502,0.15780098826744798,0.18461538461538463,16.710023251454462,2.0,0.5,,
phase4__musk__DBSCAN__seed-3__task-001613__cfg-178da8f5,musk,DBSCAN,pca-0.25,3,0.19123687607094494,0.5791310999461067,0.15780098826744798,0.18461538461538463,38.33960115223,1.0,0.25,,
phase4__musk__DBSCAN__seed-3__task-001612__cfg-395873e1,musk,DBSCAN,pca-0.10,3,0.19123687607094494,0.5791310999461067,0.15780098826744798,0.18461538461538463,38.33960115223,1.0,0.1,,
phase4__musk__DBSCAN__seed-3__task-001611__cfg-110d0bcf,musk,DBSCAN,pca-0.05,3,0.19123687607094494,0.5791310999461067,0.15780098826744798,0.18461538461538463,38.33960115223,1.0,0.05,,
phase4__musk__DBSCAN__seed-3__task-001610__cfg-72ad0d56,musk,DBSCAN,pca-0.01,3,0.19123687607094494,0.5791310999461067,0.15780098826744798,0.18461538461538463,38.33960115223,1.0,0.01,,
phase4__musk__DBSCAN__seed-2__task-001609__cfg-cfc81bef,musk,DBSCAN,dimensionality-raw-preprocess,2,0.1158461286029971,0.6186610107612872,0.07304999049065768,0.10256410256410256,9.264542201500916,166.0,,,
phase4__musk__LOF__seed-2__task-001608__cfg-c85f9ec7,musk,LOF,dimensionality-raw-preprocess,2,0.13274429462222187,0.6188904921680778,0.18958261243374433,0.2153846153846154,9.264542201500916,166.0,,,
phase4__musk__DBSCAN__seed-2__task-001607__cfg-229d8784,musk,DBSCAN,pca-0.99,2,0.10249587326865929,0.5457989256097773,0.07304999049065768,0.10256410256410256,9.461447388861314,22.0,0.99,,
phase4__musk__DBSCAN__seed-2__task-001606__cfg-7cae6c8b,musk,DBSCAN,pca-0.90,2,0.09252981702659778,0.5434780341092817,0.10483161465695404,0.13333333333333333,10.88768454727035,5.0,0.9,,
phase4__musk__DBSCAN__seed-2__task-001605__cfg-2b728ff8,musk,DBSCAN,pca-0.75,2,0.10250459970359294,0.5611933033153108,0.10483161465695404,0.13333333333333333,13.387551992525717,3.0,0.75,,
phase4__musk__DBSCAN__seed-2__task-001604__cfg-aad886ba,musk,DBSCAN,pca-0.50,2,0.18950002700908355,0.5750508509935502,0.15780098826744798,0.18461538461538463,16.710023251454462,2.0,0.5,,
phase4__musk__DBSCAN__seed-2__task-001603__cfg-eb807564,musk,DBSCAN,pca-0.25,2,0.19123687607094494,0.5791310999461067,0.15780098826744798,0.18461538461538463,38.33960115223,1.0,0.25,,
phase4__musk__DBSCAN__seed-2__task-001602__cfg-6766584a,musk,DBSCAN,pca-0.10,2,0.19123687607094494,0.5791310999461067,0.15780098826744798,0.18461538461538463,38.33960115223,1.0,0.1,,
phase4__musk__DBSCAN__seed-2__task-001601__cfg-e5c7d557,musk,DBSCAN,pca-0.05,2,0.19123687607094494,0.5791310999461067,0.15780098826744798,0.18461538461538463,38.33960115223,1.0,0.05,,
phase4__musk__DBSCAN__seed-2__task-001600__cfg-1da05800,musk,DBSCAN,pca-0.01,2,0.19123687607094494,0.5791310999461067,0.15780098826744798,0.18461538461538463,38.33960115223,1.0,0.01,,
phase4__musk__DBSCAN__seed-1__task-001599__cfg-047d4763,musk,DBSCAN,dimensionality-raw-preprocess,1,0.1158461286029971,0.6186610107612872,0.07304999049065768,0.10256410256410256,9.264542201500916,166.0,,,
phase4__musk__LOF__seed-1__task-001598__cfg-6772d737,musk,LOF,dimensionality-raw-preprocess,1,0.13274429462222187,0.6188904921680778,0.18958261243374433,0.2153846153846154,9.264542201500916,166.0,,,
phase4__musk__DBSCAN__seed-1__task-001597__cfg-34129365,musk,DBSCAN,pca-0.99,1,0.10249587326865929,0.5457989256097773,0.07304999049065768,0.10256410256410256,9.461447388861314,22.0,0.99,,
phase4__musk__DBSCAN__seed-1__task-001596__cfg-53c83f62,musk,DBSCAN,pca-0.90,1,0.09252981702659778,0.5434780341092817,0.10483161465695404,0.13333333333333333,10.88768454727035,5.0,0.9,,
phase4__musk__DBSCAN__seed-1__task-001595__cfg-946b0574,musk,DBSCAN,pca-0.75,1,0.10250459970359294,0.5611933033153108,0.10483161465695404,0.13333333333333333,13.387551992525717,3.0,0.75,,
phase4__musk__DBSCAN__seed-1__task-001594__cfg-b0794762,musk,DBSCAN,pca-0.50,1,0.18950002700908355,0.5750508509935502,0.15780098826744798,0.18461538461538463,16.710023251454462,2.0,0.5,,
phase4__musk__DBSCAN__seed-1__task-001593__cfg-e220cd98,musk,DBSCAN,pca-0.25,1,0.19123687607094494,0.5791310999461067,0.15780098826744798,0.18461538461538463,38.33960115223,1.0,0.25,,
phase4__musk__DBSCAN__seed-1__task-001592__cfg-2f72bc09,musk,DBSCAN,pca-0.10,1,0.19123687607094494,0.5791310999461067,0.15780098826744798,0.18461538461538463,38.33960115223,1.0,0.1,,
phase4__musk__DBSCAN__seed-1__task-001591__cfg-a08c1ef3,musk,DBSCAN,pca-0.05,1,0.19123687607094494,0.5791310999461067,0.15780098826744798,0.18461538461538463,38.33960115223,1.0,0.05,,
phase4__musk__DBSCAN__seed-1__task-001590__cfg-12ad0ef0,musk,DBSCAN,pca-0.01,1,0.19123687607094494,0.5791310999461067,0.15780098826744798,0.18461538461538463,38.33960115223,1.0,0.01,,
phase4__musk__DBSCAN__seed-0__task-001589__cfg-2230090c,musk,DBSCAN,dimensionality-raw-preprocess,0,0.1158461286029971,0.6186610107612872,0.07304999049065768,0.10256410256410256,9.264542201500916,166.0,,,
phase4__musk__LOF__seed-0__task-001588__cfg-0f4dcd74,musk,LOF,dimensionality-raw-preprocess,0,0.13274429462222187,0.6188904921680778,0.18958261243374433,0.2153846153846154,9.264542201500916,166.0,,,
phase4__musk__DBSCAN__seed-0__task-001587__cfg-93634b20,musk,DBSCAN,pca-0.99,0,0.10249587326865929,0.5457989256097773,0.07304999049065768,0.10256410256410256,9.461447388861314,22.0,0.99,,
phase4__musk__DBSCAN__seed-0__task-001586__cfg-df3a8645,musk,DBSCAN,pca-0.90,0,0.09252981702659778,0.5434780341092817,0.10483161465695404,0.13333333333333333,10.88768454727035,5.0,0.9,,
phase4__musk__DBSCAN__seed-0__task-001585__cfg-3a6107d2,musk,DBSCAN,pca-0.75,0,0.10250459970359294,0.5611933033153108,0.10483161465695404,0.13333333333333333,13.387551992525717,3.0,0.75,,
phase4__musk__DBSCAN__seed-0__task-001584__cfg-bdc92312,musk,DBSCAN,pca-0.50,0,0.18950002700908355,0.5750508509935502,0.15780098826744798,0.18461538461538463,16.710023251454462,2.0,0.5,,
phase4__musk__DBSCAN__seed-0__task-001583__cfg-d4da80fa,musk,DBSCAN,pca-0.25,0,0.19123687607094494,0.5791310999461067,0.15780098826744798,0.18461538461538463,38.33960115223,1.0,0.25,,
phase4__musk__DBSCAN__seed-0__task-001582__cfg-1190d22d,musk,DBSCAN,pca-0.10,0,0.19123687607094494,0.5791310999461067,0.15780098826744798,0.18461538461538463,38.33960115223,1.0,0.1,,
phase4__musk__DBSCAN__seed-0__task-001581__cfg-195f13c6,musk,DBSCAN,pca-0.05,0,0.19123687607094494,0.5791310999461067,0.15780098826744798,0.18461538461538463,38.33960115223,1.0,0.05,,
phase4__musk__DBSCAN__seed-0__task-001580__cfg-890b1f68,musk,DBSCAN,pca-0.01,0,0.19123687607094494,0.5791310999461067,0.15780098826744798,0.18461538461538463,38.33960115223,1.0,0.01,,
phase4__musk__DBSCAN__seed-42__task-001579__cfg-92adf5a3,musk,DBSCAN,dimensionality-raw-preprocess,42,0.1158461286029971,0.6186610107612872,0.07304999049065768,0.10256410256410256,9.264542201500916,166.0,,,
phase4__musk__LOF__seed-42__task-001578__cfg-48881a2b,musk,LOF,dimensionality-raw-preprocess,42,0.13274429462222187,0.6188904921680778,0.18958261243374433,0.2153846153846154,9.264542201500916,166.0,,,
phase4__musk__LOF__seed-42__task-001577__cfg-1fda2011,musk,LOF,pca-0.99,42,0.1232368869890083,0.5803306618452392,0.16839486298954676,0.19487179487179487,9.461447388861314,22.0,0.99,,
phase4__musk__LOF__seed-42__task-001576__cfg-266dd10e,musk,LOF,pca-0.90,42,0.062365430037887186,0.4450374645781541,-0.0011071325640338381,0.03076923076923077,10.88768454727035,5.0,0.9,,
phase4__musk__LOF__seed-42__task-001575__cfg-3119260e,musk,LOF,pca-0.75,42,0.08627302339141778,0.610371864188731,0.00948674215806495,0.041025641025641026,13.387551992525717,3.0,0.75,,
phase4__musk__LOF__seed-42__task-001574__cfg-5ef4e591,musk,LOF,pca-0.50,42,0.04248191002747426,0.5237982649814851,-0.011701007286132626,0.020512820512820513,16.710023251454462,2.0,0.5,,
phase4__musk__LOF__seed-42__task-001573__cfg-66f46508,musk,LOF,pca-0.25,42,0.11445241298537141,0.6465221397402687,0.17898873771164556,0.20512820512820512,38.33960115223,1.0,0.25,,
phase4__musk__LOF__seed-42__task-001572__cfg-04b1bfa4,musk,LOF,pca-0.10,42,0.11445241298537141,0.6465221397402687,0.17898873771164556,0.20512820512820512,38.33960115223,1.0,0.1,,
phase4__musk__LOF__seed-42__task-001571__cfg-e7c10c31,musk,LOF,pca-0.05,42,0.11445241298537141,0.6465221397402687,0.17898873771164556,0.20512820512820512,38.33960115223,1.0,0.05,,
phase4__musk__LOF__seed-42__task-001570__cfg-49417116,musk,LOF,pca-0.01,42,0.11445241298537141,0.6465221397402687,0.17898873771164556,0.20512820512820512,38.33960115223,1.0,0.01,,
phase4__musk__DBSCAN__seed-3__task-001569__cfg-a9cf0d94,musk,DBSCAN,dimensionality-raw-preprocess,3,0.1158461286029971,0.6186610107612872,0.07304999049065768,0.10256410256410256,9.264542201500916,166.0,,,
phase4__musk__LOF__seed-3__task-001568__cfg-726a1a72,musk,LOF,dimensionality-raw-preprocess,3,0.13274429462222187,0.6188904921680778,0.18958261243374433,0.2153846153846154,9.264542201500916,166.0,,,
phase4__musk__LOF__seed-3__task-001567__cfg-9038765c,musk,LOF,pca-0.99,3,0.1232368869890083,0.5803306618452392,0.16839486298954676,0.19487179487179487,9.461447388861314,22.0,0.99,,
phase4__musk__LOF__seed-3__task-001566__cfg-8714ba64,musk,LOF,pca-0.90,3,0.062365430037887186,0.4450374645781541,-0.0011071325640338381,0.03076923076923077,10.88768454727035,5.0,0.9,,
phase4__musk__LOF__seed-3__task-001565__cfg-9d11d780,musk,LOF,pca-0.75,3,0.08627302339141778,0.610371864188731,0.00948674215806495,0.041025641025641026,13.387551992525717,3.0,0.75,,
phase4__musk__LOF__seed-3__task-001564__cfg-8fab7612,musk,LOF,pca-0.50,3,0.04248191002747426,0.5237982649814851,-0.011701007286132626,0.020512820512820513,16.710023251454462,2.0,0.5,,
phase4__musk__LOF__seed-3__task-001563__cfg-677993c0,musk,LOF,pca-0.25,3,0.11445241298537141,0.6465221397402687,0.17898873771164556,0.20512820512820512,38.33960115223,1.0,0.25,,
phase4__musk__LOF__seed-3__task-001562__cfg-576c4842,musk,LOF,pca-0.10,3,0.11445241298537141,0.6465221397402687,0.17898873771164556,0.20512820512820512,38.33960115223,1.0,0.1,,
phase4__musk__LOF__seed-3__task-001561__cfg-14151c88,musk,LOF,pca-0.05,3,0.11445241298537141,0.6465221397402687,0.17898873771164556,0.20512820512820512,38.33960115223,1.0,0.05,,
phase4__musk__LOF__seed-3__task-001560__cfg-465dd99e,musk,LOF,pca-0.01,3,0.11445241298537141,0.6465221397402687,0.17898873771164556,0.20512820512820512,38.33960115223,1.0,0.01,,
phase4__musk__DBSCAN__seed-2__task-001559__cfg-cfc81bef,musk,DBSCAN,dimensionality-raw-preprocess,2,0.1158461286029971,0.6186610107612872,0.07304999049065768,0.10256410256410256,9.264542201500916,166.0,,,
phase4__musk__LOF__seed-2__task-001558__cfg-c85f9ec7,musk,LOF,dimensionality-raw-preprocess,2,0.13274429462222187,0.6188904921680778,0.18958261243374433,0.2153846153846154,9.264542201500916,166.0,,,
phase4__musk__LOF__seed-2__task-001557__cfg-94fc4a61,musk,LOF,pca-0.99,2,0.1232368869890083,0.5803306618452392,0.16839486298954676,0.19487179487179487,9.461447388861314,22.0,0.99,,
phase4__musk__LOF__seed-2__task-001556__cfg-4bb74d3d,musk,LOF,pca-0.90,2,0.062365430037887186,0.4450374645781541,-0.0011071325640338381,0.03076923076923077,10.88768454727035,5.0,0.9,,
phase4__musk__LOF__seed-2__task-001555__cfg-5a2662f5,musk,LOF,pca-0.75,2,0.08627302339141778,0.610371864188731,0.00948674215806495,0.041025641025641026,13.387551992525717,3.0,0.75,,
phase4__musk__LOF__seed-2__task-001554__cfg-13440884,musk,LOF,pca-0.50,2,0.04248191002747426,0.5237982649814851,-0.011701007286132626,0.020512820512820513,16.710023251454462,2.0,0.5,,
phase4__musk__LOF__seed-2__task-001553__cfg-e1a5f0f6,musk,LOF,pca-0.25,2,0.11445241298537141,0.6465221397402687,0.17898873771164556,0.20512820512820512,38.33960115223,1.0,0.25,,
phase4__musk__LOF__seed-2__task-001552__cfg-73423c26,musk,LOF,pca-0.10,2,0.11445241298537141,0.6465221397402687,0.17898873771164556,0.20512820512820512,38.33960115223,1.0,0.1,,
phase4__musk__LOF__seed-2__task-001551__cfg-4e60bce4,musk,LOF,pca-0.05,2,0.11445241298537141,0.6465221397402687,0.17898873771164556,0.20512820512820512,38.33960115223,1.0,0.05,,
phase4__musk__LOF__seed-2__task-001550__cfg-7c3e5409,musk,LOF,pca-0.01,2,0.11445241298537141,0.6465221397402687,0.17898873771164556,0.20512820512820512,38.33960115223,1.0,0.01,,
phase4__musk__DBSCAN__seed-1__task-001549__cfg-047d4763,musk,DBSCAN,dimensionality-raw-preprocess,1,0.1158461286029971,0.6186610107612872,0.07304999049065768,0.10256410256410256,9.264542201500916,166.0,,,
phase4__musk__LOF__seed-1__task-001548__cfg-6772d737,musk,LOF,dimensionality-raw-preprocess,1,0.13274429462222187,0.6188904921680778,0.18958261243374433,0.2153846153846154,9.264542201500916,166.0,,,
phase4__musk__LOF__seed-1__task-001547__cfg-7fb7596a,musk,LOF,pca-0.99,1,0.1232368869890083,0.5803306618452392,0.16839486298954676,0.19487179487179487,9.461447388861314,22.0,0.99,,
phase4__musk__LOF__seed-1__task-001546__cfg-69702e7c,musk,LOF,pca-0.90,1,0.062365430037887186,0.4450374645781541,-0.0011071325640338381,0.03076923076923077,10.88768454727035,5.0,0.9,,
phase4__musk__LOF__seed-1__task-001545__cfg-aed2f576,musk,LOF,pca-0.75,1,0.08627302339141778,0.610371864188731,0.00948674215806495,0.041025641025641026,13.387551992525717,3.0,0.75,,
phase4__musk__LOF__seed-1__task-001544__cfg-55932d71,musk,LOF,pca-0.50,1,0.04248191002747426,0.5237982649814851,-0.011701007286132626,0.020512820512820513,16.710023251454462,2.0,0.5,,
phase4__musk__LOF__seed-1__task-001543__cfg-8f920d7f,musk,LOF,pca-0.25,1,0.11445241298537141,0.6465221397402687,0.17898873771164556,0.20512820512820512,38.33960115223,1.0,0.25,,
phase4__musk__LOF__seed-1__task-001542__cfg-634b1e81,musk,LOF,pca-0.10,1,0.11445241298537141,0.6465221397402687,0.17898873771164556,0.20512820512820512,38.33960115223,1.0,0.1,,
phase4__musk__LOF__seed-1__task-001541__cfg-5e90f028,musk,LOF,pca-0.05,1,0.11445241298537141,0.6465221397402687,0.17898873771164556,0.20512820512820512,38.33960115223,1.0,0.05,,
phase4__musk__LOF__seed-1__task-001540__cfg-977c968a,musk,LOF,pca-0.01,1,0.11445241298537141,0.6465221397402687,0.17898873771164556,0.20512820512820512,38.33960115223,1.0,0.01,,
phase4__musk__DBSCAN__seed-0__task-001539__cfg-2230090c,musk,DBSCAN,dimensionality-raw-preprocess,0,0.1158461286029971,0.6186610107612872,0.07304999049065768,0.10256410256410256,9.264542201500916,166.0,,,
phase4__musk__LOF__seed-0__task-001538__cfg-0f4dcd74,musk,LOF,dimensionality-raw-preprocess,0,0.13274429462222187,0.6188904921680778,0.18958261243374433,0.2153846153846154,9.264542201500916,166.0,,,
phase4__musk__LOF__seed-0__task-001537__cfg-98738e8a,musk,LOF,pca-0.99,0,0.1232368869890083,0.5803306618452392,0.16839486298954676,0.19487179487179487,9.461447388861314,22.0,0.99,,
phase4__musk__LOF__seed-0__task-001536__cfg-2aa35be2,musk,LOF,pca-0.90,0,0.062365430037887186,0.4450374645781541,-0.0011071325640338381,0.03076923076923077,10.88768454727035,5.0,0.9,,
phase4__musk__LOF__seed-0__task-001535__cfg-c50890e6,musk,LOF,pca-0.75,0,0.08627302339141778,0.610371864188731,0.00948674215806495,0.041025641025641026,13.387551992525717,3.0,0.75,,
phase4__musk__LOF__seed-0__task-001534__cfg-f80e4ff5,musk,LOF,pca-0.50,0,0.04248191002747426,0.5237982649814851,-0.011701007286132626,0.020512820512820513,16.710023251454462,2.0,0.5,,
phase4__musk__LOF__seed-0__task-001533__cfg-47162a2c,musk,LOF,pca-0.25,0,0.11445241298537141,0.6465221397402687,0.17898873771164556,0.20512820512820512,38.33960115223,1.0,0.25,,
phase4__musk__LOF__seed-0__task-001532__cfg-1f3c41aa,musk,LOF,pca-0.10,0,0.11445241298537141,0.6465221397402687,0.17898873771164556,0.20512820512820512,38.33960115223,1.0,0.1,,
phase4__musk__LOF__seed-0__task-001531__cfg-62a329a5,musk,LOF,pca-0.05,0,0.11445241298537141,0.6465221397402687,0.17898873771164556,0.20512820512820512,38.33960115223,1.0,0.05,,
phase4__musk__LOF__seed-0__task-001530__cfg-6e59963c,musk,LOF,pca-0.01,0,0.11445241298537141,0.6465221397402687,0.17898873771164556,0.20512820512820512,38.33960115223,1.0,0.01,,
phase4__musk__DBSCAN__seed-42__task-001529__cfg-92adf5a3,musk,DBSCAN,dimensionality-raw-preprocess,42,0.1158461286029971,0.6186610107612872,0.07304999049065768,0.10256410256410256,9.264542201500916,166.0,,,
phase4__musk__LOF__seed-42__task-001528__cfg-48881a2b,musk,LOF,dimensionality-raw-preprocess,42,0.13274429462222187,0.6188904921680778,0.18958261243374433,0.2153846153846154,9.264542201500916,166.0,,,
phase4__musk__IForest__seed-42__task-001527__cfg-5f9cfec0,musk,IForest,pca-0.99,42,0.22826422727860937,0.903663010031119,0.2107703618779419,0.2358974358974359,9.461447388861314,22.0,0.99,,
phase4__musk__IForest__seed-42__task-001526__cfg-5a1726cf,musk,IForest,pca-0.90,42,0.27013110899449366,0.9080057718050799,0.15780098826744798,0.18461538461538463,10.88768454727035,5.0,0.9,,
phase4__musk__IForest__seed-42__task-001525__cfg-cb6e42de,musk,IForest,pca-0.75,42,0.214097420336185,0.5642704403609117,0.15780098826744798,0.18461538461538463,13.387551992525717,3.0,0.75,,
phase4__musk__IForest__seed-42__task-001524__cfg-dff08c4a,musk,IForest,pca-0.50,42,0.1897519727947124,0.517238921437388,0.15780098826744798,0.18461538461538463,16.710023251454462,2.0,0.5,,
phase4__musk__IForest__seed-42__task-001523__cfg-77c8e6d4,musk,IForest,pca-0.25,42,0.2104897781457899,0.7401575076928426,0.15780098826744798,0.18461538461538463,38.33960115223,1.0,0.25,,
phase4__musk__IForest__seed-42__task-001522__cfg-0f5b2a2d,musk,IForest,pca-0.10,42,0.2104897781457899,0.7401575076928426,0.15780098826744798,0.18461538461538463,38.33960115223,1.0,0.1,,
phase4__musk__IForest__seed-42__task-001521__cfg-931b78c6,musk,IForest,pca-0.05,42,0.2104897781457899,0.7401575076928426,0.15780098826744798,0.18461538461538463,38.33960115223,1.0,0.05,,
phase4__musk__IForest__seed-42__task-001520__cfg-03ba6f6a,musk,IForest,pca-0.01,42,0.2104897781457899,0.7401575076928426,0.15780098826744798,0.18461538461538463,38.33960115223,1.0,0.01,,
phase4__musk__DBSCAN__seed-3__task-001519__cfg-a9cf0d94,musk,DBSCAN,dimensionality-raw-preprocess,3,0.1158461286029971,0.6186610107612872,0.07304999049065768,0.10256410256410256,9.264542201500916,166.0,,,
phase4__musk__LOF__seed-3__task-001518__cfg-726a1a72,musk,LOF,dimensionality-raw-preprocess,3,0.13274429462222187,0.6188904921680778,0.18958261243374433,0.2153846153846154,9.264542201500916,166.0,,,
phase4__musk__IForest__seed-3__task-001517__cfg-30c7301f,musk,IForest,pca-0.99,3,0.22826422727860937,0.903663010031119,0.2107703618779419,0.2358974358974359,9.461447388861314,22.0,0.99,,
phase4__musk__IForest__seed-3__task-001516__cfg-9536b5cc,musk,IForest,pca-0.90,3,0.27013110899449366,0.9080057718050799,0.15780098826744798,0.18461538461538463,10.88768454727035,5.0,0.9,,
phase4__musk__IForest__seed-3__task-001515__cfg-3338c3c7,musk,IForest,pca-0.75,3,0.214097420336185,0.5642704403609117,0.15780098826744798,0.18461538461538463,13.387551992525717,3.0,0.75,,
phase4__musk__IForest__seed-3__task-001514__cfg-33faea74,musk,IForest,pca-0.50,3,0.1897519727947124,0.517238921437388,0.15780098826744798,0.18461538461538463,16.710023251454462,2.0,0.5,,
phase4__musk__IForest__seed-3__task-001513__cfg-67e90be4,musk,IForest,pca-0.25,3,0.2104897781457899,0.7401575076928426,0.15780098826744798,0.18461538461538463,38.33960115223,1.0,0.25,,
phase4__musk__IForest__seed-3__task-001512__cfg-26a35d93,musk,IForest,pca-0.10,3,0.2104897781457899,0.7401575076928426,0.15780098826744798,0.18461538461538463,38.33960115223,1.0,0.1,,
phase4__musk__IForest__seed-3__task-001511__cfg-78a9d03b,musk,IForest,pca-0.05,3,0.2104897781457899,0.7401575076928426,0.15780098826744798,0.18461538461538463,38.33960115223,1.0,0.05,,
phase4__musk__IForest__seed-3__task-001510__cfg-8a18fd90,musk,IForest,pca-0.01,3,0.2104897781457899,0.7401575076928426,0.15780098826744798,0.18461538461538463,38.33960115223,1.0,0.01,,
phase4__musk__DBSCAN__seed-2__task-001509__cfg-cfc81bef,musk,DBSCAN,dimensionality-raw-preprocess,2,0.1158461286029971,0.6186610107612872,0.07304999049065768,0.10256410256410256,9.264542201500916,166.0,,,
phase4__musk__LOF__seed-2__task-001508__cfg-c85f9ec7,musk,LOF,dimensionality-raw-preprocess,2,0.13274429462222187,0.6188904921680778,0.18958261243374433,0.2153846153846154,9.264542201500916,166.0,,,
phase4__musk__IForest__seed-2__task-001507__cfg-34116415,musk,IForest,pca-0.99,2,0.22826422727860937,0.903663010031119,0.2107703618779419,0.2358974358974359,9.461447388861314,22.0,0.99,,
phase4__musk__IForest__seed-2__task-001506__cfg-a2f774f6,musk,IForest,pca-0.90,2,0.27013110899449366,0.9080057718050799,0.15780098826744798,0.18461538461538463,10.88768454727035,5.0,0.9,,
phase4__musk__IForest__seed-2__task-001505__cfg-1783fccb,musk,IForest,pca-0.75,2,0.214097420336185,0.5642704403609117,0.15780098826744798,0.18461538461538463,13.387551992525717,3.0,0.75,,
phase4__musk__IForest__seed-2__task-001504__cfg-8b57c353,musk,IForest,pca-0.50,2,0.1897519727947124,0.517238921437388,0.15780098826744798,0.18461538461538463,16.710023251454462,2.0,0.5,,
phase4__musk__IForest__seed-2__task-001503__cfg-938f00c8,musk,IForest,pca-0.25,2,0.2104897781457899,0.7401575076928426,0.15780098826744798,0.18461538461538463,38.33960115223,1.0,0.25,,
phase4__musk__IForest__seed-2__task-001502__cfg-0bfb8380,musk,IForest,pca-0.10,2,0.2104897781457899,0.7401575076928426,0.15780098826744798,0.18461538461538463,38.33960115223,1.0,0.1,,
phase4__musk__IForest__seed-2__task-001501__cfg-f6fdc42c,musk,IForest,pca-0.05,2,0.2104897781457899,0.7401575076928426,0.15780098826744798,0.18461538461538463,38.33960115223,1.0,0.05,,
phase4__musk__IForest__seed-2__task-001500__cfg-f4c4dec2,musk,IForest,pca-0.01,2,0.2104897781457899,0.7401575076928426,0.15780098826744798,0.18461538461538463,38.33960115223,1.0,0.01,,
phase4__musk__DBSCAN__seed-1__task-001499__cfg-047d4763,musk,DBSCAN,dimensionality-raw-preprocess,1,0.1158461286029971,0.6186610107612872,0.07304999049065768,0.10256410256410256,9.264542201500916,166.0,,,
phase4__musk__LOF__seed-1__task-001498__cfg-6772d737,musk,LOF,dimensionality-raw-preprocess,1,0.13274429462222187,0.6188904921680778,0.18958261243374433,0.2153846153846154,9.264542201500916,166.0,,,
phase4__musk__IForest__seed-1__task-001497__cfg-9a257032,musk,IForest,pca-0.99,1,0.22826422727860937,0.903663010031119,0.2107703618779419,0.2358974358974359,9.461447388861314,22.0,0.99,,
phase4__musk__IForest__seed-1__task-001496__cfg-70160899,musk,IForest,pca-0.90,1,0.27013110899449366,0.9080057718050799,0.15780098826744798,0.18461538461538463,10.88768454727035,5.0,0.9,,
phase4__musk__IForest__seed-1__task-001495__cfg-15ae006c,musk,IForest,pca-0.75,1,0.214097420336185,0.5642704403609117,0.15780098826744798,0.18461538461538463,13.387551992525717,3.0,0.75,,
phase4__musk__IForest__seed-1__task-001494__cfg-2cb2f2ec,musk,IForest,pca-0.50,1,0.1897519727947124,0.517238921437388,0.15780098826744798,0.18461538461538463,16.710023251454462,2.0,0.5,,
phase4__musk__IForest__seed-1__task-001493__cfg-9cb04ae7,musk,IForest,pca-0.25,1,0.2104897781457899,0.7401575076928426,0.15780098826744798,0.18461538461538463,38.33960115223,1.0,0.25,,
phase4__musk__IForest__seed-1__task-001492__cfg-007f5d2f,musk,IForest,pca-0.10,1,0.2104897781457899,0.7401575076928426,0.15780098826744798,0.18461538461538463,38.33960115223,1.0,0.1,,
phase4__musk__IForest__seed-1__task-001491__cfg-0842be99,musk,IForest,pca-0.05,1,0.2104897781457899,0.7401575076928426,0.15780098826744798,0.18461538461538463,38.33960115223,1.0,0.05,,
phase4__musk__IForest__seed-1__task-001490__cfg-d596c7db,musk,IForest,pca-0.01,1,0.2104897781457899,0.7401575076928426,0.15780098826744798,0.18461538461538463,38.33960115223,1.0,0.01,,
phase4__musk__DBSCAN__seed-0__task-001489__cfg-2230090c,musk,DBSCAN,dimensionality-raw-preprocess,0,0.1158461286029971,0.6186610107612872,0.07304999049065768,0.10256410256410256,9.264542201500916,166.0,,,
phase4__musk__LOF__seed-0__task-001488__cfg-0f4dcd74,musk,LOF,dimensionality-raw-preprocess,0,0.13274429462222187,0.6188904921680778,0.18958261243374433,0.2153846153846154,9.264542201500916,166.0,,,
phase4__musk__IForest__seed-0__task-001487__cfg-f76ab83b,musk,IForest,pca-0.99,0,0.22826422727860937,0.903663010031119,0.2107703618779419,0.2358974358974359,9.461447388861314,22.0,0.99,,
phase4__musk__IForest__seed-0__task-001486__cfg-b9f66c77,musk,IForest,pca-0.90,0,0.27013110899449366,0.9080057718050799,0.15780098826744798,0.18461538461538463,10.88768454727035,5.0,0.9,,
phase4__musk__IForest__seed-0__task-001485__cfg-cc499948,musk,IForest,pca-0.75,0,0.214097420336185,0.5642704403609117,0.15780098826744798,0.18461538461538463,13.387551992525717,3.0,0.75,,
phase4__musk__IForest__seed-0__task-001484__cfg-15cc8a24,musk,IForest,pca-0.50,0,0.1897519727947124,0.517238921437388,0.15780098826744798,0.18461538461538463,16.710023251454462,2.0,0.5,,
phase4__musk__IForest__seed-0__task-001483__cfg-410fb710,musk,IForest,pca-0.25,0,0.2104897781457899,0.7401575076928426,0.15780098826744798,0.18461538461538463,38.33960115223,1.0,0.25,,
phase4__musk__IForest__seed-0__task-001482__cfg-d92116ce,musk,IForest,pca-0.10,0,0.2104897781457899,0.7401575076928426,0.15780098826744798,0.18461538461538463,38.33960115223,1.0,0.1,,
phase4__musk__IForest__seed-0__task-001481__cfg-39689b38,musk,IForest,pca-0.05,0,0.2104897781457899,0.7401575076928426,0.15780098826744798,0.18461538461538463,38.33960115223,1.0,0.05,,
phase4__musk__IForest__seed-0__task-001480__cfg-8a51b4a8,musk,IForest,pca-0.01,0,0.2104897781457899,0.7401575076928426,0.15780098826744798,0.18461538461538463,38.33960115223,1.0,0.01,,
phase4__musk__DBSCAN__seed-42__task-001479__cfg-92adf5a3,musk,DBSCAN,dimensionality-raw-preprocess,42,0.1158461286029971,0.6186610107612872,0.07304999049065768,0.10256410256410256,9.264542201500916,166.0,,,
phase4__musk__LOF__seed-42__task-001478__cfg-48881a2b,musk,LOF,dimensionality-raw-preprocess,42,0.13274429462222187,0.6188904921680778,0.18958261243374433,0.2153846153846154,9.264542201500916,166.0,,,
phase4__musk__OCSVM__seed-42__task-001477__cfg-2f978f37,musk,OCSVM,pca-0.99,42,0.2777968867324595,0.9169033918047322,0.15780098826744798,0.18461538461538463,9.461447388861314,22.0,0.99,,
phase4__musk__OCSVM__seed-42__task-001476__cfg-011f94f6,musk,OCSVM,pca-0.90,42,0.28713025007414483,0.9202308722031953,0.15780098826744798,0.18461538461538463,10.88768454727035,5.0,0.9,,
phase4__musk__OCSVM__seed-42__task-001475__cfg-7226f7cc,musk,OCSVM,pca-0.75,42,0.1844200580660636,0.3421220076146103,0.15780098826744798,0.18461538461538463,13.387551992525717,3.0,0.75,,
phase4__musk__OCSVM__seed-42__task-001474__cfg-d02272a7,musk,OCSVM,pca-0.50,42,0.150100950738464,0.3127553415274421,0.1260193641011516,0.15384615384615385,16.710023251454462,2.0,0.5,,
phase4__musk__OCSVM__seed-42__task-001473__cfg-53cac4a7,musk,OCSVM,pca-0.25,42,0.16728199810675787,0.32291510926444256,0.15780098826744798,0.18461538461538463,38.33960115223,1.0,0.25,,
phase4__musk__OCSVM__seed-42__task-001472__cfg-8ad5648c,musk,OCSVM,pca-0.10,42,0.16728199810675787,0.32291510926444256,0.15780098826744798,0.18461538461538463,38.33960115223,1.0,0.1,,
phase4__musk__OCSVM__seed-42__task-001471__cfg-4f336556,musk,OCSVM,pca-0.05,42,0.16728199810675787,0.32291510926444256,0.15780098826744798,0.18461538461538463,38.33960115223,1.0,0.05,,
phase4__musk__OCSVM__seed-42__task-001470__cfg-f31486a9,musk,OCSVM,pca-0.01,42,0.16728199810675787,0.32291510926444256,0.15780098826744798,0.18461538461538463,38.33960115223,1.0,0.01,,
phase4__musk__DBSCAN__seed-3__task-001469__cfg-a9cf0d94,musk,DBSCAN,dimensionality-raw-preprocess,3,0.1158461286029971,0.6186610107612872,0.07304999049065768,0.10256410256410256,9.264542201500916,166.0,,,
phase4__musk__LOF__seed-3__task-001468__cfg-726a1a72,musk,LOF,dimensionality-raw-preprocess,3,0.13274429462222187,0.6188904921680778,0.18958261243374433,0.2153846153846154,9.264542201500916,166.0,,,
phase4__musk__OCSVM__seed-3__task-001467__cfg-51caa7fe,musk,OCSVM,pca-0.99,3,0.2777968867324595,0.9169033918047322,0.15780098826744798,0.18461538461538463,9.461447388861314,22.0,0.99,,
phase4__musk__OCSVM__seed-3__task-001466__cfg-b94cf2d8,musk,OCSVM,pca-0.90,3,0.28713025007414483,0.9202308722031953,0.15780098826744798,0.18461538461538463,10.88768454727035,5.0,0.9,,
phase4__musk__OCSVM__seed-3__task-001465__cfg-abea03c9,musk,OCSVM,pca-0.75,3,0.1844200580660636,0.3421220076146103,0.15780098826744798,0.18461538461538463,13.387551992525717,3.0,0.75,,
phase4__musk__OCSVM__seed-3__task-001464__cfg-80d13224,musk,OCSVM,pca-0.50,3,0.150100950738464,0.3127553415274421,0.1260193641011516,0.15384615384615385,16.710023251454462,2.0,0.5,,
phase4__musk__OCSVM__seed-3__task-001463__cfg-451bac0a,musk,OCSVM,pca-0.25,3,0.16728199810675787,0.32291510926444256,0.15780098826744798,0.18461538461538463,38.33960115223,1.0,0.25,,
phase4__musk__OCSVM__seed-3__task-001462__cfg-f8ebdc47,musk,OCSVM,pca-0.10,3,0.16728199810675787,0.32291510926444256,0.15780098826744798,0.18461538461538463,38.33960115223,1.0,0.1,,
phase4__musk__OCSVM__seed-3__task-001461__cfg-655d3f02,musk,OCSVM,pca-0.05,3,0.16728199810675787,0.32291510926444256,0.15780098826744798,0.18461538461538463,38.33960115223,1.0,0.05,,
phase4__musk__OCSVM__seed-3__task-001460__cfg-a989b348,musk,OCSVM,pca-0.01,3,0.16728199810675787,0.32291510926444256,0.15780098826744798,0.18461538461538463,38.33960115223,1.0,0.01,,
phase4__musk__DBSCAN__seed-2__task-001459__cfg-cfc81bef,musk,DBSCAN,dimensionality-raw-preprocess,2,0.1158461286029971,0.6186610107612872,0.07304999049065768,0.10256410256410256,9.264542201500916,166.0,,,
phase4__musk__LOF__seed-2__task-001458__cfg-c85f9ec7,musk,LOF,dimensionality-raw-preprocess,2,0.13274429462222187,0.6188904921680778,0.18958261243374433,0.2153846153846154,9.264542201500916,166.0,,,
phase4__musk__OCSVM__seed-2__task-001457__cfg-9e559dd9,musk,OCSVM,pca-0.99,2,0.2777968867324595,0.9169033918047322,0.15780098826744798,0.18461538461538463,9.461447388861314,22.0,0.99,,
phase4__musk__OCSVM__seed-2__task-001456__cfg-11bbefec,musk,OCSVM,pca-0.90,2,0.28713025007414483,0.9202308722031953,0.15780098826744798,0.18461538461538463,10.88768454727035,5.0,0.9,,
phase4__musk__OCSVM__seed-2__task-001455__cfg-e2dfd349,musk,OCSVM,pca-0.75,2,0.1844200580660636,0.3421220076146103,0.15780098826744798,0.18461538461538463,13.387551992525717,3.0,0.75,,
phase4__musk__OCSVM__seed-2__task-001454__cfg-09ead541,musk,OCSVM,pca-0.50,2,0.150100950738464,0.3127553415274421,0.1260193641011516,0.15384615384615385,16.710023251454462,2.0,0.5,,
phase4__musk__OCSVM__seed-2__task-001453__cfg-a4f15c23,musk,OCSVM,pca-0.25,2,0.16728199810675787,0.32291510926444256,0.15780098826744798,0.18461538461538463,38.33960115223,1.0,0.25,,
phase4__musk__OCSVM__seed-2__task-001452__cfg-8de08ba7,musk,OCSVM,pca-0.10,2,0.16728199810675787,0.32291510926444256,0.15780098826744798,0.18461538461538463,38.33960115223,1.0,0.1,,
phase4__musk__OCSVM__seed-2__task-001451__cfg-6735898e,musk,OCSVM,pca-0.05,2,0.16728199810675787,0.32291510926444256,0.15780098826744798,0.18461538461538463,38.33960115223,1.0,0.05,,
phase4__musk__OCSVM__seed-2__task-001450__cfg-65c0ad9c,musk,OCSVM,pca-0.01,2,0.16728199810675787,0.32291510926444256,0.15780098826744798,0.18461538461538463,38.33960115223,1.0,0.01,,
phase4__musk__DBSCAN__seed-1__task-001449__cfg-047d4763,musk,DBSCAN,dimensionality-raw-preprocess,1,0.1158461286029971,0.6186610107612872,0.07304999049065768,0.10256410256410256,9.264542201500916,166.0,,,
phase4__musk__LOF__seed-1__task-001448__cfg-6772d737,musk,LOF,dimensionality-raw-preprocess,1,0.13274429462222187,0.6188904921680778,0.18958261243374433,0.2153846153846154,9.264542201500916,166.0,,,
phase4__musk__OCSVM__seed-1__task-001447__cfg-71c9197d,musk,OCSVM,pca-0.99,1,0.2777968867324595,0.9169033918047322,0.15780098826744798,0.18461538461538463,9.461447388861314,22.0,0.99,,
phase4__musk__OCSVM__seed-1__task-001446__cfg-d323c17c,musk,OCSVM,pca-0.90,1,0.28713025007414483,0.9202308722031953,0.15780098826744798,0.18461538461538463,10.88768454727035,5.0,0.9,,
phase4__musk__OCSVM__seed-1__task-001445__cfg-d98fc65d,musk,OCSVM,pca-0.75,1,0.1844200580660636,0.3421220076146103,0.15780098826744798,0.18461538461538463,13.387551992525717,3.0,0.75,,
phase4__musk__OCSVM__seed-1__task-001444__cfg-539ad927,musk,OCSVM,pca-0.50,1,0.150100950738464,0.3127553415274421,0.1260193641011516,0.15384615384615385,16.710023251454462,2.0,0.5,,
phase4__musk__OCSVM__seed-1__task-001443__cfg-92cdee81,musk,OCSVM,pca-0.25,1,0.16728199810675787,0.32291510926444256,0.15780098826744798,0.18461538461538463,38.33960115223,1.0,0.25,,
phase4__musk__OCSVM__seed-1__task-001442__cfg-827a136b,musk,OCSVM,pca-0.10,1,0.16728199810675787,0.32291510926444256,0.15780098826744798,0.18461538461538463,38.33960115223,1.0,0.1,,
phase4__musk__OCSVM__seed-1__task-001441__cfg-dd54b329,musk,OCSVM,pca-0.05,1,0.16728199810675787,0.32291510926444256,0.15780098826744798,0.18461538461538463,38.33960115223,1.0,0.05,,
phase4__musk__OCSVM__seed-1__task-001440__cfg-41805d08,musk,OCSVM,pca-0.01,1,0.16728199810675787,0.32291510926444256,0.15780098826744798,0.18461538461538463,38.33960115223,1.0,0.01,,
phase4__musk__DBSCAN__seed-0__task-001439__cfg-2230090c,musk,DBSCAN,dimensionality-raw-preprocess,0,0.1158461286029971,0.6186610107612872,0.07304999049065768,0.10256410256410256,9.264542201500916,166.0,,,
phase4__musk__LOF__seed-0__task-001438__cfg-0f4dcd74,musk,LOF,dimensionality-raw-preprocess,0,0.13274429462222187,0.6188904921680778,0.18958261243374433,0.2153846153846154,9.264542201500916,166.0,,,
phase4__musk__OCSVM__seed-0__task-001437__cfg-4f1b7544,musk,OCSVM,pca-0.99,0,0.2777968867324595,0.9169033918047322,0.15780098826744798,0.18461538461538463,9.461447388861314,22.0,0.99,,
phase4__musk__OCSVM__seed-0__task-001436__cfg-d8932567,musk,OCSVM,pca-0.90,0,0.28713025007414483,0.9202308722031953,0.15780098826744798,0.18461538461538463,10.88768454727035,5.0,0.9,,
phase4__musk__OCSVM__seed-0__task-001435__cfg-4cc6df45,musk,OCSVM,pca-0.75,0,0.1844200580660636,0.3421220076146103,0.15780098826744798,0.18461538461538463,13.387551992525717,3.0,0.75,,
phase4__musk__OCSVM__seed-0__task-001434__cfg-20d2aa71,musk,OCSVM,pca-0.50,0,0.150100950738464,0.3127553415274421,0.1260193641011516,0.15384615384615385,16.710023251454462,2.0,0.5,,
phase4__musk__OCSVM__seed-0__task-001433__cfg-a497095c,musk,OCSVM,pca-0.25,0,0.16728199810675787,0.32291510926444256,0.15780098826744798,0.18461538461538463,38.33960115223,1.0,0.25,,
phase4__musk__OCSVM__seed-0__task-001432__cfg-576aeb73,musk,OCSVM,pca-0.10,0,0.16728199810675787,0.32291510926444256,0.15780098826744798,0.18461538461538463,38.33960115223,1.0,0.1,,
phase4__musk__OCSVM__seed-0__task-001431__cfg-c6949c2e,musk,OCSVM,pca-0.05,0,0.16728199810675787,0.32291510926444256,0.15780098826744798,0.18461538461538463,38.33960115223,1.0,0.05,,
phase4__musk__OCSVM__seed-0__task-001430__cfg-6ae026b6,musk,OCSVM,pca-0.01,0,0.16728199810675787,0.32291510926444256,0.15780098826744798,0.18461538461538463,38.33960115223,1.0,0.01,,
phase4__arrhythmia__DBSCAN__seed-42__task-001429__cfg-75e51b5a,arrhythmia,DBSCAN,dimensionality-raw-preprocess,42,0.34430315022222435,0.6029400219814728,0.20160150730098916,0.3181818181818182,4.99741488815345,802.0,,,
phase4__arrhythmia__LOF__seed-42__task-001428__cfg-fe99679f,arrhythmia,LOF,dimensionality-raw-preprocess,42,0.36439398607106305,0.66270215104412,0.23708588475427853,0.3484848484848485,4.99741488815345,802.0,,,
phase4__arrhythmia__HBOS__seed-42__task-001427__cfg-deae5fc5,arrhythmia,HBOS,pca-0.99,42,0.34361170954429443,0.7806563039723661,0.2725702622075679,0.3787878787878788,5.131743340412652,69.0,0.99,,
phase4__arrhythmia__HBOS__seed-42__task-001426__cfg-453fec56,arrhythmia,HBOS,pca-0.90,42,0.5043985595794923,0.7425812529439473,0.34353901711414664,0.4393939393939394,6.327977276056838,5.0,0.9,,
phase4__arrhythmia__HBOS__seed-42__task-001425__cfg-2a403d30,arrhythmia,HBOS,pca-0.75,42,0.34656812250817404,0.683761186999529,0.3080546396608573,0.4090909090909091,7.394970814684888,2.0,0.75,,
phase4__arrhythmia__HBOS__seed-42__task-001424__cfg-01e9766a,arrhythmia,HBOS,pca-0.50,42,0.3635971936340068,0.6721816611712985,0.3080546396608573,0.4090909090909091,8.569539951407041,1.0,0.5,,
phase4__arrhythmia__HBOS__seed-42__task-001423__cfg-fb4ddcad,arrhythmia,HBOS,pca-0.25,42,0.3635971936340068,0.6721816611712985,0.3080546396608573,0.4090909090909091,8.569539951407041,1.0,0.25,,
phase4__arrhythmia__HBOS__seed-42__task-001422__cfg-11234981,arrhythmia,HBOS,pca-0.10,42,0.3635971936340068,0.6721816611712985,0.3080546396608573,0.4090909090909091,8.569539951407041,1.0,0.1,,
phase4__arrhythmia__HBOS__seed-42__task-001421__cfg-185085c3,arrhythmia,HBOS,pca-0.05,42,0.3635971936340068,0.6721816611712985,0.3080546396608573,0.4090909090909091,8.569539951407041,1.0,0.05,,
phase4__arrhythmia__HBOS__seed-42__task-001420__cfg-04e517ea,arrhythmia,HBOS,pca-0.01,42,0.3635971936340068,0.6721816611712985,0.3080546396608573,0.4090909090909091,8.569539951407041,1.0,0.01,,
phase4__arrhythmia__DBSCAN__seed-3__task-001419__cfg-1aca7e30,arrhythmia,DBSCAN,dimensionality-raw-preprocess,3,0.34430315022222435,0.6029400219814728,0.20160150730098916,0.3181818181818182,4.99741488815345,802.0,,,
phase4__arrhythmia__LOF__seed-3__task-001418__cfg-f14c9f37,arrhythmia,LOF,dimensionality-raw-preprocess,3,0.36439398607106305,0.66270215104412,0.23708588475427853,0.3484848484848485,4.99741488815345,802.0,,,
phase4__arrhythmia__HBOS__seed-3__task-001417__cfg-f5cba460,arrhythmia,HBOS,pca-0.99,3,0.34361170954429443,0.7806563039723661,0.2725702622075679,0.3787878787878788,5.131743340412652,69.0,0.99,,
phase4__arrhythmia__HBOS__seed-3__task-001416__cfg-863da383,arrhythmia,HBOS,pca-0.90,3,0.5043985595794923,0.7425812529439473,0.34353901711414664,0.4393939393939394,6.327977276056838,5.0,0.9,,
phase4__arrhythmia__HBOS__seed-3__task-001415__cfg-c442f234,arrhythmia,HBOS,pca-0.75,3,0.34656812250817404,0.683761186999529,0.3080546396608573,0.4090909090909091,7.394970814684888,2.0,0.75,,
phase4__arrhythmia__HBOS__seed-3__task-001414__cfg-cc21cd45,arrhythmia,HBOS,pca-0.50,3,0.3635971936340068,0.6721816611712985,0.3080546396608573,0.4090909090909091,8.569539951407041,1.0,0.5,,
phase4__arrhythmia__HBOS__seed-3__task-001413__cfg-ae24f73b,arrhythmia,HBOS,pca-0.25,3,0.3635971936340068,0.6721816611712985,0.3080546396608573,0.4090909090909091,8.569539951407041,1.0,0.25,,
phase4__arrhythmia__HBOS__seed-3__task-001412__cfg-ad5dc49b,arrhythmia,HBOS,pca-0.10,3,0.3635971936340068,0.6721816611712985,0.3080546396608573,0.4090909090909091,8.569539951407041,1.0,0.1,,
phase4__arrhythmia__HBOS__seed-3__task-001411__cfg-2785d395,arrhythmia,HBOS,pca-0.05,3,0.3635971936340068,0.6721816611712985,0.3080546396608573,0.4090909090909091,8.569539951407041,1.0,0.05,,
phase4__arrhythmia__HBOS__seed-3__task-001410__cfg-bf4efbb5,arrhythmia,HBOS,pca-0.01,3,0.3635971936340068,0.6721816611712985,0.3080546396608573,0.4090909090909091,8.569539951407041,1.0,0.01,,
phase4__arrhythmia__DBSCAN__seed-2__task-001409__cfg-4e8b114c,arrhythmia,DBSCAN,dimensionality-raw-preprocess,2,0.34430315022222435,0.6029400219814728,0.20160150730098916,0.3181818181818182,4.99741488815345,802.0,,,
phase4__arrhythmia__LOF__seed-2__task-001408__cfg-71071d35,arrhythmia,LOF,dimensionality-raw-preprocess,2,0.36439398607106305,0.66270215104412,0.23708588475427853,0.3484848484848485,4.99741488815345,802.0,,,
phase4__arrhythmia__HBOS__seed-2__task-001407__cfg-f7c6027e,arrhythmia,HBOS,pca-0.99,2,0.34361170954429443,0.7806563039723661,0.2725702622075679,0.3787878787878788,5.131743340412652,69.0,0.99,,
phase4__arrhythmia__HBOS__seed-2__task-001406__cfg-903360de,arrhythmia,HBOS,pca-0.90,2,0.5043985595794923,0.7425812529439473,0.34353901711414664,0.4393939393939394,6.327977276056838,5.0,0.9,,
phase4__arrhythmia__HBOS__seed-2__task-001405__cfg-91cdefe8,arrhythmia,HBOS,pca-0.75,2,0.34656812250817404,0.683761186999529,0.3080546396608573,0.4090909090909091,7.394970814684888,2.0,0.75,,
phase4__arrhythmia__HBOS__seed-2__task-001404__cfg-3f77862e,arrhythmia,HBOS,pca-0.50,2,0.3635971936340068,0.6721816611712985,0.3080546396608573,0.4090909090909091,8.569539951407041,1.0,0.5,,
phase4__arrhythmia__HBOS__seed-2__task-001403__cfg-1eaae863,arrhythmia,HBOS,pca-0.25,2,0.3635971936340068,0.6721816611712985,0.3080546396608573,0.4090909090909091,8.569539951407041,1.0,0.25,,
phase4__arrhythmia__HBOS__seed-2__task-001402__cfg-e20e17a7,arrhythmia,HBOS,pca-0.10,2,0.3635971936340068,0.6721816611712985,0.3080546396608573,0.4090909090909091,8.569539951407041,1.0,0.1,,
phase4__arrhythmia__HBOS__seed-2__task-001401__cfg-a684df9a,arrhythmia,HBOS,pca-0.05,2,0.3635971936340068,0.6721816611712985,0.3080546396608573,0.4090909090909091,8.569539951407041,1.0,0.05,,
phase4__arrhythmia__HBOS__seed-2__task-001400__cfg-6cce314d,arrhythmia,HBOS,pca-0.01,2,0.3635971936340068,0.6721816611712985,0.3080546396608573,0.4090909090909091,8.569539951407041,1.0,0.01,,
phase4__arrhythmia__DBSCAN__seed-1__task-001399__cfg-b099a216,arrhythmia,DBSCAN,dimensionality-raw-preprocess,1,0.34430315022222435,0.6029400219814728,0.20160150730098916,0.3181818181818182,4.99741488815345,802.0,,,
phase4__arrhythmia__LOF__seed-1__task-001398__cfg-ff64ce76,arrhythmia,LOF,dimensionality-raw-preprocess,1,0.36439398607106305,0.66270215104412,0.23708588475427853,0.3484848484848485,4.99741488815345,802.0,,,
phase4__arrhythmia__HBOS__seed-1__task-001397__cfg-13974058,arrhythmia,HBOS,pca-0.99,1,0.34361170954429443,0.7806563039723661,0.2725702622075679,0.3787878787878788,5.131743340412652,69.0,0.99,,
phase4__arrhythmia__HBOS__seed-1__task-001396__cfg-412ee691,arrhythmia,HBOS,pca-0.90,1,0.5043985595794923,0.7425812529439473,0.34353901711414664,0.4393939393939394,6.327977276056838,5.0,0.9,,
phase4__arrhythmia__HBOS__seed-1__task-001395__cfg-55f58899,arrhythmia,HBOS,pca-0.75,1,0.34656812250817404,0.683761186999529,0.3080546396608573,0.4090909090909091,7.394970814684888,2.0,0.75,,
phase4__arrhythmia__HBOS__seed-1__task-001394__cfg-d258fe5c,arrhythmia,HBOS,pca-0.50,1,0.3635971936340068,0.6721816611712985,0.3080546396608573,0.4090909090909091,8.569539951407041,1.0,0.5,,
phase4__arrhythmia__HBOS__seed-1__task-001393__cfg-a3096282,arrhythmia,HBOS,pca-0.25,1,0.3635971936340068,0.6721816611712985,0.3080546396608573,0.4090909090909091,8.569539951407041,1.0,0.25,,
phase4__arrhythmia__HBOS__seed-1__task-001392__cfg-bd6e2c74,arrhythmia,HBOS,pca-0.10,1,0.3635971936340068,0.6721816611712985,0.3080546396608573,0.4090909090909091,8.569539951407041,1.0,0.1,,
phase4__arrhythmia__HBOS__seed-1__task-001391__cfg-db8ff5cf,arrhythmia,HBOS,pca-0.05,1,0.3635971936340068,0.6721816611712985,0.3080546396608573,0.4090909090909091,8.569539951407041,1.0,0.05,,
phase4__arrhythmia__HBOS__seed-1__task-001390__cfg-d92342f6,arrhythmia,HBOS,pca-0.01,1,0.3635971936340068,0.6721816611712985,0.3080546396608573,0.4090909090909091,8.569539951407041,1.0,0.01,,
phase4__arrhythmia__DBSCAN__seed-0__task-001389__cfg-a4f212bd,arrhythmia,DBSCAN,dimensionality-raw-preprocess,0,0.34430315022222435,0.6029400219814728,0.20160150730098916,0.3181818181818182,4.99741488815345,802.0,,,
phase4__arrhythmia__LOF__seed-0__task-001388__cfg-f3daf688,arrhythmia,LOF,dimensionality-raw-preprocess,0,0.36439398607106305,0.66270215104412,0.23708588475427853,0.3484848484848485,4.99741488815345,802.0,,,
phase4__arrhythmia__HBOS__seed-0__task-001387__cfg-d9f88a37,arrhythmia,HBOS,pca-0.99,0,0.34361170954429443,0.7806563039723661,0.2725702622075679,0.3787878787878788,5.131743340412652,69.0,0.99,,
phase4__arrhythmia__HBOS__seed-0__task-001386__cfg-bbd6474b,arrhythmia,HBOS,pca-0.90,0,0.5043985595794923,0.7425812529439473,0.34353901711414664,0.4393939393939394,6.327977276056838,5.0,0.9,,
phase4__arrhythmia__HBOS__seed-0__task-001385__cfg-1c7458af,arrhythmia,HBOS,pca-0.75,0,0.34656812250817404,0.683761186999529,0.3080546396608573,0.4090909090909091,7.394970814684888,2.0,0.75,,
phase4__arrhythmia__HBOS__seed-0__task-001384__cfg-80790f9b,arrhythmia,HBOS,pca-0.50,0,0.3635971936340068,0.6721816611712985,0.3080546396608573,0.4090909090909091,8.569539951407041,1.0,0.5,,
phase4__arrhythmia__HBOS__seed-0__task-001383__cfg-a53b49a4,arrhythmia,HBOS,pca-0.25,0,0.3635971936340068,0.6721816611712985,0.3080546396608573,0.4090909090909091,8.569539951407041,1.0,0.25,,
phase4__arrhythmia__HBOS__seed-0__task-001382__cfg-ed381b5e,arrhythmia,HBOS,pca-0.10,0,0.3635971936340068,0.6721816611712985,0.3080546396608573,0.4090909090909091,8.569539951407041,1.0,0.1,,
phase4__arrhythmia__HBOS__seed-0__task-001381__cfg-2dd9d844,arrhythmia,HBOS,pca-0.05,0,0.3635971936340068,0.6721816611712985,0.3080546396608573,0.4090909090909091,8.569539951407041,1.0,0.05,,
phase4__arrhythmia__HBOS__seed-0__task-001380__cfg-214ad941,arrhythmia,HBOS,pca-0.01,0,0.3635971936340068,0.6721816611712985,0.3080546396608573,0.4090909090909091,8.569539951407041,1.0,0.01,,
phase4__arrhythmia__DBSCAN__seed-42__task-001379__cfg-75e51b5a,arrhythmia,DBSCAN,dimensionality-raw-preprocess,42,0.34430315022222435,0.6029400219814728,0.20160150730098916,0.3181818181818182,4.99741488815345,802.0,,,
phase4__arrhythmia__LOF__seed-42__task-001378__cfg-fe99679f,arrhythmia,LOF,dimensionality-raw-preprocess,42,0.36439398607106305,0.66270215104412,0.23708588475427853,0.3484848484848485,4.99741488815345,802.0,,,
phase4__arrhythmia__ECOD__seed-42__task-001377__cfg-d33c2d32,arrhythmia,ECOD,pca-0.99,42,0.35740369338576417,0.7881535562882713,0.3080546396608573,0.4090909090909091,5.131743340412652,69.0,0.99,,
phase4__arrhythmia__ECOD__seed-42__task-001376__cfg-bf008d94,arrhythmia,ECOD,pca-0.90,42,0.4890332107207339,0.7509813157481552,0.379023394567436,0.4696969696969697,6.327977276056838,5.0,0.9,,
phase4__arrhythmia__ECOD__seed-42__task-001375__cfg-116699af,arrhythmia,ECOD,pca-0.75,42,0.5001558403082293,0.7698814570576228,0.3080546396608573,0.4090909090909091,7.394970814684888,2.0,0.75,,
phase4__arrhythmia__ECOD__seed-42__task-001374__cfg-dc2ad2e2,arrhythmia,ECOD,pca-0.50,42,0.38015919262903625,0.7546710629612183,0.2725702622075679,0.3787878787878788,8.569539951407041,1.0,0.5,,
phase4__arrhythmia__ECOD__seed-42__task-001373__cfg-74be4d75,arrhythmia,ECOD,pca-0.25,42,0.38015919262903625,0.7546710629612183,0.2725702622075679,0.3787878787878788,8.569539951407041,1.0,0.25,,
phase4__arrhythmia__ECOD__seed-42__task-001372__cfg-85c3f56c,arrhythmia,ECOD,pca-0.10,42,0.38015919262903625,0.7546710629612183,0.2725702622075679,0.3787878787878788,8.569539951407041,1.0,0.1,,
phase4__arrhythmia__ECOD__seed-42__task-001371__cfg-85ca2e8a,arrhythmia,ECOD,pca-0.05,42,0.38015919262903625,0.7546710629612183,0.2725702622075679,0.3787878787878788,8.569539951407041,1.0,0.05,,
phase4__arrhythmia__ECOD__seed-42__task-001370__cfg-74529973,arrhythmia,ECOD,pca-0.01,42,0.38015919262903625,0.7546710629612183,0.2725702622075679,0.3787878787878788,8.569539951407041,1.0,0.01,,
phase4__arrhythmia__DBSCAN__seed-3__task-001369__cfg-1aca7e30,arrhythmia,DBSCAN,dimensionality-raw-preprocess,3,0.34430315022222435,0.6029400219814728,0.20160150730098916,0.3181818181818182,4.99741488815345,802.0,,,
phase4__arrhythmia__LOF__seed-3__task-001368__cfg-f14c9f37,arrhythmia,LOF,dimensionality-raw-preprocess,3,0.36439398607106305,0.66270215104412,0.23708588475427853,0.3484848484848485,4.99741488815345,802.0,,,
phase4__arrhythmia__ECOD__seed-3__task-001367__cfg-bc2b7ba5,arrhythmia,ECOD,pca-0.99,3,0.35740369338576417,0.7881535562882713,0.3080546396608573,0.4090909090909091,5.131743340412652,69.0,0.99,,
phase4__arrhythmia__ECOD__seed-3__task-001366__cfg-207dcabf,arrhythmia,ECOD,pca-0.90,3,0.4890332107207339,0.7509813157481552,0.379023394567436,0.4696969696969697,6.327977276056838,5.0,0.9,,
phase4__arrhythmia__ECOD__seed-3__task-001365__cfg-d34297d1,arrhythmia,ECOD,pca-0.75,3,0.5001558403082293,0.7698814570576228,0.3080546396608573,0.4090909090909091,7.394970814684888,2.0,0.75,,
phase4__arrhythmia__ECOD__seed-3__task-001364__cfg-dcf31f27,arrhythmia,ECOD,pca-0.50,3,0.38015919262903625,0.7546710629612183,0.2725702622075679,0.3787878787878788,8.569539951407041,1.0,0.5,,
phase4__arrhythmia__ECOD__seed-3__task-001363__cfg-dcdd1823,arrhythmia,ECOD,pca-0.25,3,0.38015919262903625,0.7546710629612183,0.2725702622075679,0.3787878787878788,8.569539951407041,1.0,0.25,,
phase4__arrhythmia__ECOD__seed-3__task-001362__cfg-50ef02df,arrhythmia,ECOD,pca-0.10,3,0.38015919262903625,0.7546710629612183,0.2725702622075679,0.3787878787878788,8.569539951407041,1.0,0.1,,
phase4__arrhythmia__ECOD__seed-3__task-001361__cfg-1758ade4,arrhythmia,ECOD,pca-0.05,3,0.38015919262903625,0.7546710629612183,0.2725702622075679,0.3787878787878788,8.569539951407041,1.0,0.05,,
phase4__arrhythmia__ECOD__seed-3__task-001360__cfg-89d51eb0,arrhythmia,ECOD,pca-0.01,3,0.38015919262903625,0.7546710629612183,0.2725702622075679,0.3787878787878788,8.569539951407041,1.0,0.01,,
phase4__arrhythmia__DBSCAN__seed-2__task-001359__cfg-4e8b114c,arrhythmia,DBSCAN,dimensionality-raw-preprocess,2,0.34430315022222435,0.6029400219814728,0.20160150730098916,0.3181818181818182,4.99741488815345,802.0,,,
phase4__arrhythmia__LOF__seed-2__task-001358__cfg-71071d35,arrhythmia,LOF,dimensionality-raw-preprocess,2,0.36439398607106305,0.66270215104412,0.23708588475427853,0.3484848484848485,4.99741488815345,802.0,,,
phase4__arrhythmia__ECOD__seed-2__task-001357__cfg-ceb4caae,arrhythmia,ECOD,pca-0.99,2,0.35740369338576417,0.7881535562882713,0.3080546396608573,0.4090909090909091,5.131743340412652,69.0,0.99,,
phase4__arrhythmia__ECOD__seed-2__task-001356__cfg-9d9be1c4,arrhythmia,ECOD,pca-0.90,2,0.4890332107207339,0.7509813157481552,0.379023394567436,0.4696969696969697,6.327977276056838,5.0,0.9,,
phase4__arrhythmia__ECOD__seed-2__task-001355__cfg-9beb11dc,arrhythmia,ECOD,pca-0.75,2,0.5001558403082293,0.7698814570576228,0.3080546396608573,0.4090909090909091,7.394970814684888,2.0,0.75,,
phase4__arrhythmia__ECOD__seed-2__task-001354__cfg-f8b51179,arrhythmia,ECOD,pca-0.50,2,0.38015919262903625,0.7546710629612183,0.2725702622075679,0.3787878787878788,8.569539951407041,1.0,0.5,,
phase4__arrhythmia__ECOD__seed-2__task-001353__cfg-377cb325,arrhythmia,ECOD,pca-0.25,2,0.38015919262903625,0.7546710629612183,0.2725702622075679,0.3787878787878788,8.569539951407041,1.0,0.25,,
phase4__arrhythmia__ECOD__seed-2__task-001352__cfg-3dc41122,arrhythmia,ECOD,pca-0.10,2,0.38015919262903625,0.7546710629612183,0.2725702622075679,0.3787878787878788,8.569539951407041,1.0,0.1,,
phase4__arrhythmia__ECOD__seed-2__task-001351__cfg-72d0e83d,arrhythmia,ECOD,pca-0.05,2,0.38015919262903625,0.7546710629612183,0.2725702622075679,0.3787878787878788,8.569539951407041,1.0,0.05,,
phase4__arrhythmia__ECOD__seed-2__task-001350__cfg-588eb42d,arrhythmia,ECOD,pca-0.01,2,0.38015919262903625,0.7546710629612183,0.2725702622075679,0.3787878787878788,8.569539951407041,1.0,0.01,,
phase4__arrhythmia__DBSCAN__seed-1__task-001349__cfg-b099a216,arrhythmia,DBSCAN,dimensionality-raw-preprocess,1,0.34430315022222435,0.6029400219814728,0.20160150730098916,0.3181818181818182,4.99741488815345,802.0,,,
phase4__arrhythmia__LOF__seed-1__task-001348__cfg-ff64ce76,arrhythmia,LOF,dimensionality-raw-preprocess,1,0.36439398607106305,0.66270215104412,0.23708588475427853,0.3484848484848485,4.99741488815345,802.0,,,
phase4__arrhythmia__ECOD__seed-1__task-001347__cfg-782bc696,arrhythmia,ECOD,pca-0.99,1,0.35740369338576417,0.7881535562882713,0.3080546396608573,0.4090909090909091,5.131743340412652,69.0,0.99,,
phase4__arrhythmia__ECOD__seed-1__task-001346__cfg-036bd9c0,arrhythmia,ECOD,pca-0.90,1,0.4890332107207339,0.7509813157481552,0.379023394567436,0.4696969696969697,6.327977276056838,5.0,0.9,,
phase4__arrhythmia__ECOD__seed-1__task-001345__cfg-1f49bcba,arrhythmia,ECOD,pca-0.75,1,0.5001558403082293,0.7698814570576228,0.3080546396608573,0.4090909090909091,7.394970814684888,2.0,0.75,,
phase4__arrhythmia__ECOD__seed-1__task-001344__cfg-ca62f9bf,arrhythmia,ECOD,pca-0.50,1,0.38015919262903625,0.7546710629612183,0.2725702622075679,0.3787878787878788,8.569539951407041,1.0,0.5,,
phase4__arrhythmia__ECOD__seed-1__task-001343__cfg-35a8c563,arrhythmia,ECOD,pca-0.25,1,0.38015919262903625,0.7546710629612183,0.2725702622075679,0.3787878787878788,8.569539951407041,1.0,0.25,,
phase4__arrhythmia__ECOD__seed-1__task-001342__cfg-2276848c,arrhythmia,ECOD,pca-0.10,1,0.38015919262903625,0.7546710629612183,0.2725702622075679,0.3787878787878788,8.569539951407041,1.0,0.1,,
phase4__arrhythmia__ECOD__seed-1__task-001341__cfg-5be42847,arrhythmia,ECOD,pca-0.05,1,0.38015919262903625,0.7546710629612183,0.2725702622075679,0.3787878787878788,8.569539951407041,1.0,0.05,,
phase4__arrhythmia__ECOD__seed-1__task-001340__cfg-7f26c6b0,arrhythmia,ECOD,pca-0.01,1,0.38015919262903625,0.7546710629612183,0.2725702622075679,0.3787878787878788,8.569539951407041,1.0,0.01,,
phase4__arrhythmia__DBSCAN__seed-0__task-001339__cfg-a4f212bd,arrhythmia,DBSCAN,dimensionality-raw-preprocess,0,0.34430315022222435,0.6029400219814728,0.20160150730098916,0.3181818181818182,4.99741488815345,802.0,,,
phase4__arrhythmia__LOF__seed-0__task-001338__cfg-f3daf688,arrhythmia,LOF,dimensionality-raw-preprocess,0,0.36439398607106305,0.66270215104412,0.23708588475427853,0.3484848484848485,4.99741488815345,802.0,,,
phase4__arrhythmia__ECOD__seed-0__task-001337__cfg-d244de8d,arrhythmia,ECOD,pca-0.99,0,0.35740369338576417,0.7881535562882713,0.3080546396608573,0.4090909090909091,5.131743340412652,69.0,0.99,,
phase4__arrhythmia__ECOD__seed-0__task-001336__cfg-288fdafe,arrhythmia,ECOD,pca-0.90,0,0.4890332107207339,0.7509813157481552,0.379023394567436,0.4696969696969697,6.327977276056838,5.0,0.9,,
phase4__arrhythmia__ECOD__seed-0__task-001335__cfg-bc6424d5,arrhythmia,ECOD,pca-0.75,0,0.5001558403082293,0.7698814570576228,0.3080546396608573,0.4090909090909091,7.394970814684888,2.0,0.75,,
phase4__arrhythmia__ECOD__seed-0__task-001334__cfg-c61286e2,arrhythmia,ECOD,pca-0.50,0,0.38015919262903625,0.7546710629612183,0.2725702622075679,0.3787878787878788,8.569539951407041,1.0,0.5,,
phase4__arrhythmia__ECOD__seed-0__task-001333__cfg-277e8e66,arrhythmia,ECOD,pca-0.25,0,0.38015919262903625,0.7546710629612183,0.2725702622075679,0.3787878787878788,8.569539951407041,1.0,0.25,,
phase4__arrhythmia__ECOD__seed-0__task-001332__cfg-e25c4778,arrhythmia,ECOD,pca-0.10,0,0.38015919262903625,0.7546710629612183,0.2725702622075679,0.3787878787878788,8.569539951407041,1.0,0.1,,
phase4__arrhythmia__ECOD__seed-0__task-001331__cfg-1d352dd8,arrhythmia,ECOD,pca-0.05,0,0.38015919262903625,0.7546710629612183,0.2725702622075679,0.3787878787878788,8.569539951407041,1.0,0.05,,
phase4__arrhythmia__ECOD__seed-0__task-001330__cfg-e7490ae7,arrhythmia,ECOD,pca-0.01,0,0.38015919262903625,0.7546710629612183,0.2725702622075679,0.3787878787878788,8.569539951407041,1.0,0.01,,
phase4__arrhythmia__DBSCAN__seed-42__task-001329__cfg-75e51b5a,arrhythmia,DBSCAN,dimensionality-raw-preprocess,42,0.34430315022222435,0.6029400219814728,0.20160150730098916,0.3181818181818182,4.99741488815345,802.0,,,
phase4__arrhythmia__LOF__seed-42__task-001328__cfg-fe99679f,arrhythmia,LOF,dimensionality-raw-preprocess,42,0.36439398607106305,0.66270215104412,0.23708588475427853,0.3484848484848485,4.99741488815345,802.0,,,
phase4__arrhythmia__DBSCAN__seed-42__task-001327__cfg-d3605ccd,arrhythmia,DBSCAN,pca-0.99,42,0.32357270572613844,0.5532461924948971,0.14837494112105512,0.2727272727272727,5.131743340412652,69.0,0.99,,
phase4__arrhythmia__DBSCAN__seed-42__task-001326__cfg-655dfedf,arrhythmia,DBSCAN,pca-0.90,42,0.29410171709045396,0.5864342910975036,0.14837494112105512,0.2727272727272727,6.327977276056838,5.0,0.9,,
phase4__arrhythmia__DBSCAN__seed-42__task-001325__cfg-41848ade,arrhythmia,DBSCAN,pca-0.75,42,0.2690990924905192,0.6032736693358455,0.20160150730098916,0.3181818181818182,7.394970814684888,2.0,0.75,,
phase4__arrhythmia__DBSCAN__seed-42__task-001324__cfg-5249c577,arrhythmia,DBSCAN,pca-0.50,42,0.3239076066509695,0.604922279792746,0.18385931857434448,0.30303030303030304,8.569539951407041,1.0,0.5,,
phase4__arrhythmia__DBSCAN__seed-42__task-001323__cfg-0bf579c8,arrhythmia,DBSCAN,pca-0.25,42,0.3239076066509695,0.604922279792746,0.18385931857434448,0.30303030303030304,8.569539951407041,1.0,0.25,,
phase4__arrhythmia__DBSCAN__seed-42__task-001322__cfg-6dd92662,arrhythmia,DBSCAN,pca-0.10,42,0.3239076066509695,0.604922279792746,0.18385931857434448,0.30303030303030304,8.569539951407041,1.0,0.1,,
phase4__arrhythmia__DBSCAN__seed-42__task-001321__cfg-d2dc92d1,arrhythmia,DBSCAN,pca-0.05,42,0.3239076066509695,0.604922279792746,0.18385931857434448,0.30303030303030304,8.569539951407041,1.0,0.05,,
phase4__arrhythmia__DBSCAN__seed-42__task-001320__cfg-e7e285a5,arrhythmia,DBSCAN,pca-0.01,42,0.3239076066509695,0.604922279792746,0.18385931857434448,0.30303030303030304,8.569539951407041,1.0,0.01,,
phase4__arrhythmia__DBSCAN__seed-3__task-001319__cfg-1aca7e30,arrhythmia,DBSCAN,dimensionality-raw-preprocess,3,0.34430315022222435,0.6029400219814728,0.20160150730098916,0.3181818181818182,4.99741488815345,802.0,,,
phase4__arrhythmia__LOF__seed-3__task-001318__cfg-f14c9f37,arrhythmia,LOF,dimensionality-raw-preprocess,3,0.36439398607106305,0.66270215104412,0.23708588475427853,0.3484848484848485,4.99741488815345,802.0,,,
phase4__arrhythmia__DBSCAN__seed-3__task-001317__cfg-8782f6cc,arrhythmia,DBSCAN,pca-0.99,3,0.32357270572613844,0.5532461924948971,0.14837494112105512,0.2727272727272727,5.131743340412652,69.0,0.99,,
phase4__arrhythmia__DBSCAN__seed-3__task-001316__cfg-7b218e05,arrhythmia,DBSCAN,pca-0.90,3,0.29410171709045396,0.5864342910975036,0.14837494112105512,0.2727272727272727,6.327977276056838,5.0,0.9,,
phase4__arrhythmia__DBSCAN__seed-3__task-001315__cfg-3846f1d3,arrhythmia,DBSCAN,pca-0.75,3,0.2690990924905192,0.6032736693358455,0.20160150730098916,0.3181818181818182,7.394970814684888,2.0,0.75,,
phase4__arrhythmia__DBSCAN__seed-3__task-001314__cfg-6c00ea3a,arrhythmia,DBSCAN,pca-0.50,3,0.3239076066509695,0.604922279792746,0.18385931857434448,0.30303030303030304,8.569539951407041,1.0,0.5,,
phase4__arrhythmia__DBSCAN__seed-3__task-001313__cfg-dff14eae,arrhythmia,DBSCAN,pca-0.25,3,0.3239076066509695,0.604922279792746,0.18385931857434448,0.30303030303030304,8.569539951407041,1.0,0.25,,
phase4__arrhythmia__DBSCAN__seed-3__task-001312__cfg-b0eba2f4,arrhythmia,DBSCAN,pca-0.10,3,0.3239076066509695,0.604922279792746,0.18385931857434448,0.30303030303030304,8.569539951407041,1.0,0.1,,
phase4__arrhythmia__DBSCAN__seed-3__task-001311__cfg-81bb7f7e,arrhythmia,DBSCAN,pca-0.05,3,0.3239076066509695,0.604922279792746,0.18385931857434448,0.30303030303030304,8.569539951407041,1.0,0.05,,
phase4__arrhythmia__DBSCAN__seed-3__task-001310__cfg-633760ba,arrhythmia,DBSCAN,pca-0.01,3,0.3239076066509695,0.604922279792746,0.18385931857434448,0.30303030303030304,8.569539951407041,1.0,0.01,,
phase4__arrhythmia__DBSCAN__seed-2__task-001309__cfg-4e8b114c,arrhythmia,DBSCAN,dimensionality-raw-preprocess,2,0.34430315022222435,0.6029400219814728,0.20160150730098916,0.3181818181818182,4.99741488815345,802.0,,,
phase4__arrhythmia__LOF__seed-2__task-001308__cfg-71071d35,arrhythmia,LOF,dimensionality-raw-preprocess,2,0.36439398607106305,0.66270215104412,0.23708588475427853,0.3484848484848485,4.99741488815345,802.0,,,
phase4__arrhythmia__DBSCAN__seed-2__task-001307__cfg-cab63c73,arrhythmia,DBSCAN,pca-0.99,2,0.32357270572613844,0.5532461924948971,0.14837494112105512,0.2727272727272727,5.131743340412652,69.0,0.99,,
phase4__arrhythmia__DBSCAN__seed-2__task-001306__cfg-86c079ac,arrhythmia,DBSCAN,pca-0.90,2,0.29410171709045396,0.5864342910975036,0.14837494112105512,0.2727272727272727,6.327977276056838,5.0,0.9,,
phase4__arrhythmia__DBSCAN__seed-2__task-001305__cfg-f2601e04,arrhythmia,DBSCAN,pca-0.75,2,0.2690990924905192,0.6032736693358455,0.20160150730098916,0.3181818181818182,7.394970814684888,2.0,0.75,,
phase4__arrhythmia__DBSCAN__seed-2__task-001304__cfg-626dc4f3,arrhythmia,DBSCAN,pca-0.50,2,0.3239076066509695,0.604922279792746,0.18385931857434448,0.30303030303030304,8.569539951407041,1.0,0.5,,
phase4__arrhythmia__DBSCAN__seed-2__task-001303__cfg-ffff1d71,arrhythmia,DBSCAN,pca-0.25,2,0.3239076066509695,0.604922279792746,0.18385931857434448,0.30303030303030304,8.569539951407041,1.0,0.25,,
phase4__arrhythmia__DBSCAN__seed-2__task-001302__cfg-e620c211,arrhythmia,DBSCAN,pca-0.10,2,0.3239076066509695,0.604922279792746,0.18385931857434448,0.30303030303030304,8.569539951407041,1.0,0.1,,
phase4__arrhythmia__DBSCAN__seed-2__task-001301__cfg-bb0de996,arrhythmia,DBSCAN,pca-0.05,2,0.3239076066509695,0.604922279792746,0.18385931857434448,0.30303030303030304,8.569539951407041,1.0,0.05,,
phase4__arrhythmia__DBSCAN__seed-2__task-001300__cfg-a4b3ecc8,arrhythmia,DBSCAN,pca-0.01,2,0.3239076066509695,0.604922279792746,0.18385931857434448,0.30303030303030304,8.569539951407041,1.0,0.01,,
phase4__arrhythmia__DBSCAN__seed-1__task-001299__cfg-b099a216,arrhythmia,DBSCAN,dimensionality-raw-preprocess,1,0.34430315022222435,0.6029400219814728,0.20160150730098916,0.3181818181818182,4.99741488815345,802.0,,,
phase4__arrhythmia__LOF__seed-1__task-001298__cfg-ff64ce76,arrhythmia,LOF,dimensionality-raw-preprocess,1,0.36439398607106305,0.66270215104412,0.23708588475427853,0.3484848484848485,4.99741488815345,802.0,,,
phase4__arrhythmia__DBSCAN__seed-1__task-001297__cfg-bccf77b1,arrhythmia,DBSCAN,pca-0.99,1,0.32357270572613844,0.5532461924948971,0.14837494112105512,0.2727272727272727,5.131743340412652,69.0,0.99,,
phase4__arrhythmia__DBSCAN__seed-1__task-001296__cfg-9aaebec7,arrhythmia,DBSCAN,pca-0.90,1,0.29410171709045396,0.5864342910975036,0.14837494112105512,0.2727272727272727,6.327977276056838,5.0,0.9,,
phase4__arrhythmia__DBSCAN__seed-1__task-001295__cfg-d8a233eb,arrhythmia,DBSCAN,pca-0.75,1,0.2690990924905192,0.6032736693358455,0.20160150730098916,0.3181818181818182,7.394970814684888,2.0,0.75,,
phase4__arrhythmia__DBSCAN__seed-1__task-001294__cfg-50f26353,arrhythmia,DBSCAN,pca-0.50,1,0.3239076066509695,0.604922279792746,0.18385931857434448,0.30303030303030304,8.569539951407041,1.0,0.5,,
phase4__arrhythmia__DBSCAN__seed-1__task-001293__cfg-6aaa6bc2,arrhythmia,DBSCAN,pca-0.25,1,0.3239076066509695,0.604922279792746,0.18385931857434448,0.30303030303030304,8.569539951407041,1.0,0.25,,
phase4__arrhythmia__DBSCAN__seed-1__task-001292__cfg-37507c7d,arrhythmia,DBSCAN,pca-0.10,1,0.3239076066509695,0.604922279792746,0.18385931857434448,0.30303030303030304,8.569539951407041,1.0,0.1,,
phase4__arrhythmia__DBSCAN__seed-1__task-001291__cfg-cf583271,arrhythmia,DBSCAN,pca-0.05,1,0.3239076066509695,0.604922279792746,0.18385931857434448,0.30303030303030304,8.569539951407041,1.0,0.05,,
phase4__arrhythmia__DBSCAN__seed-1__task-001290__cfg-2f5bc91f,arrhythmia,DBSCAN,pca-0.01,1,0.3239076066509695,0.604922279792746,0.18385931857434448,0.30303030303030304,8.569539951407041,1.0,0.01,,
phase4__arrhythmia__DBSCAN__seed-0__task-001289__cfg-a4f212bd,arrhythmia,DBSCAN,dimensionality-raw-preprocess,0,0.34430315022222435,0.6029400219814728,0.20160150730098916,0.3181818181818182,4.99741488815345,802.0,,,
phase4__arrhythmia__LOF__seed-0__task-001288__cfg-f3daf688,arrhythmia,LOF,dimensionality-raw-preprocess,0,0.36439398607106305,0.66270215104412,0.23708588475427853,0.3484848484848485,4.99741488815345,802.0,,,
phase4__arrhythmia__DBSCAN__seed-0__task-001287__cfg-7b9a826a,arrhythmia,DBSCAN,pca-0.99,0,0.32357270572613844,0.5532461924948971,0.14837494112105512,0.2727272727272727,5.131743340412652,69.0,0.99,,
phase4__arrhythmia__DBSCAN__seed-0__task-001286__cfg-1ae58657,arrhythmia,DBSCAN,pca-0.90,0,0.29410171709045396,0.5864342910975036,0.14837494112105512,0.2727272727272727,6.327977276056838,5.0,0.9,,
phase4__arrhythmia__DBSCAN__seed-0__task-001285__cfg-cd2a6dc2,arrhythmia,DBSCAN,pca-0.75,0,0.2690990924905192,0.6032736693358455,0.20160150730098916,0.3181818181818182,7.394970814684888,2.0,0.75,,
phase4__arrhythmia__DBSCAN__seed-0__task-001284__cfg-a669a192,arrhythmia,DBSCAN,pca-0.50,0,0.3239076066509695,0.604922279792746,0.18385931857434448,0.30303030303030304,8.569539951407041,1.0,0.5,,
phase4__arrhythmia__DBSCAN__seed-0__task-001283__cfg-90d34c00,arrhythmia,DBSCAN,pca-0.25,0,0.3239076066509695,0.604922279792746,0.18385931857434448,0.30303030303030304,8.569539951407041,1.0,0.25,,
phase4__arrhythmia__DBSCAN__seed-0__task-001282__cfg-08e8c7da,arrhythmia,DBSCAN,pca-0.10,0,0.3239076066509695,0.604922279792746,0.18385931857434448,0.30303030303030304,8.569539951407041,1.0,0.1,,
phase4__arrhythmia__DBSCAN__seed-0__task-001281__cfg-cd074948,arrhythmia,DBSCAN,pca-0.05,0,0.3239076066509695,0.604922279792746,0.18385931857434448,0.30303030303030304,8.569539951407041,1.0,0.05,,
phase4__arrhythmia__DBSCAN__seed-0__task-001280__cfg-bc931f1b,arrhythmia,DBSCAN,pca-0.01,0,0.3239076066509695,0.604922279792746,0.18385931857434448,0.30303030303030304,8.569539951407041,1.0,0.01,,
phase4__arrhythmia__DBSCAN__seed-42__task-001279__cfg-75e51b5a,arrhythmia,DBSCAN,dimensionality-raw-preprocess,42,0.34430315022222435,0.6029400219814728,0.20160150730098916,0.3181818181818182,4.99741488815345,802.0,,,
phase4__arrhythmia__LOF__seed-42__task-001278__cfg-fe99679f,arrhythmia,LOF,dimensionality-raw-preprocess,42,0.36439398607106305,0.66270215104412,0.23708588475427853,0.3484848484848485,4.99741488815345,802.0,,,
phase4__arrhythmia__LOF__seed-42__task-001277__cfg-3d701ac5,arrhythmia,LOF,pca-0.99,42,0.35995759332272514,0.6563432249960748,0.25482807348092323,0.36363636363636365,5.131743340412652,69.0,0.99,,
phase4__arrhythmia__LOF__seed-42__task-001276__cfg-9d00c871,arrhythmia,LOF,pca-0.90,42,0.3581771966848417,0.630357983984927,0.25482807348092323,0.36363636363636365,6.327977276056838,5.0,0.9,,
phase4__arrhythmia__LOF__seed-42__task-001275__cfg-6fea32e5,arrhythmia,LOF,pca-0.75,42,0.3651321001977198,0.6286701208981001,0.23708588475427853,0.3484848484848485,7.394970814684888,2.0,0.75,,
phase4__arrhythmia__LOF__seed-42__task-001274__cfg-92359c5e,arrhythmia,LOF,pca-0.50,42,0.3764656912197728,0.6852724132516878,0.18385931857434448,0.30303030303030304,8.569539951407041,1.0,0.5,,
phase4__arrhythmia__LOF__seed-42__task-001273__cfg-8d8690e4,arrhythmia,LOF,pca-0.25,42,0.3764656912197728,0.6852724132516878,0.18385931857434448,0.30303030303030304,8.569539951407041,1.0,0.25,,
phase4__arrhythmia__LOF__seed-42__task-001272__cfg-7e3e45ea,arrhythmia,LOF,pca-0.10,42,0.3764656912197728,0.6852724132516878,0.18385931857434448,0.30303030303030304,8.569539951407041,1.0,0.1,,
phase4__arrhythmia__LOF__seed-42__task-001271__cfg-dac34e87,arrhythmia,LOF,pca-0.05,42,0.3764656912197728,0.6852724132516878,0.18385931857434448,0.30303030303030304,8.569539951407041,1.0,0.05,,
phase4__arrhythmia__LOF__seed-42__task-001270__cfg-85745dcc,arrhythmia,LOF,pca-0.01,42,0.3764656912197728,0.6852724132516878,0.18385931857434448,0.30303030303030304,8.569539951407041,1.0,0.01,,
phase4__arrhythmia__DBSCAN__seed-3__task-001269__cfg-1aca7e30,arrhythmia,DBSCAN,dimensionality-raw-preprocess,3,0.34430315022222435,0.6029400219814728,0.20160150730098916,0.3181818181818182,4.99741488815345,802.0,,,
phase4__arrhythmia__LOF__seed-3__task-001268__cfg-f14c9f37,arrhythmia,LOF,dimensionality-raw-preprocess,3,0.36439398607106305,0.66270215104412,0.23708588475427853,0.3484848484848485,4.99741488815345,802.0,,,
phase4__arrhythmia__LOF__seed-3__task-001267__cfg-b7a4d145,arrhythmia,LOF,pca-0.99,3,0.35995759332272514,0.6563432249960748,0.25482807348092323,0.36363636363636365,5.131743340412652,69.0,0.99,,
phase4__arrhythmia__LOF__seed-3__task-001266__cfg-31fbb87e,arrhythmia,LOF,pca-0.90,3,0.3581771966848417,0.630357983984927,0.25482807348092323,0.36363636363636365,6.327977276056838,5.0,0.9,,
phase4__arrhythmia__LOF__seed-3__task-001265__cfg-bcb27c55,arrhythmia,LOF,pca-0.75,3,0.3651321001977198,0.6286701208981001,0.23708588475427853,0.3484848484848485,7.394970814684888,2.0,0.75,,
phase4__arrhythmia__LOF__seed-3__task-001264__cfg-f32a30ec,arrhythmia,LOF,pca-0.50,3,0.3764656912197728,0.6852724132516878,0.18385931857434448,0.30303030303030304,8.569539951407041,1.0,0.5,,
phase4__arrhythmia__LOF__seed-3__task-001263__cfg-aef29a5a,arrhythmia,LOF,pca-0.25,3,0.3764656912197728,0.6852724132516878,0.18385931857434448,0.30303030303030304,8.569539951407041,1.0,0.25,,
phase4__arrhythmia__LOF__seed-3__task-001262__cfg-7e3baefc,arrhythmia,LOF,pca-0.10,3,0.3764656912197728,0.6852724132516878,0.18385931857434448,0.30303030303030304,8.569539951407041,1.0,0.1,,
phase4__arrhythmia__LOF__seed-3__task-001261__cfg-856fb6ba,arrhythmia,LOF,pca-0.05,3,0.3764656912197728,0.6852724132516878,0.18385931857434448,0.30303030303030304,8.569539951407041,1.0,0.05,,
phase4__arrhythmia__LOF__seed-3__task-001260__cfg-c1ceffb0,arrhythmia,LOF,pca-0.01,3,0.3764656912197728,0.6852724132516878,0.18385931857434448,0.30303030303030304,8.569539951407041,1.0,0.01,,
phase4__arrhythmia__DBSCAN__seed-2__task-001259__cfg-4e8b114c,arrhythmia,DBSCAN,dimensionality-raw-preprocess,2,0.34430315022222435,0.6029400219814728,0.20160150730098916,0.3181818181818182,4.99741488815345,802.0,,,
phase4__arrhythmia__LOF__seed-2__task-001258__cfg-71071d35,arrhythmia,LOF,dimensionality-raw-preprocess,2,0.36439398607106305,0.66270215104412,0.23708588475427853,0.3484848484848485,4.99741488815345,802.0,,,
phase4__arrhythmia__LOF__seed-2__task-001257__cfg-a91c55d3,arrhythmia,LOF,pca-0.99,2,0.35995759332272514,0.6563432249960748,0.25482807348092323,0.36363636363636365,5.131743340412652,69.0,0.99,,
phase4__arrhythmia__LOF__seed-2__task-001256__cfg-7d8cf743,arrhythmia,LOF,pca-0.90,2,0.3581771966848417,0.630357983984927,0.25482807348092323,0.36363636363636365,6.327977276056838,5.0,0.9,,
phase4__arrhythmia__LOF__seed-2__task-001255__cfg-d1ad4f96,arrhythmia,LOF,pca-0.75,2,0.3651321001977198,0.6286701208981001,0.23708588475427853,0.3484848484848485,7.394970814684888,2.0,0.75,,
phase4__arrhythmia__LOF__seed-2__task-001254__cfg-62be4794,arrhythmia,LOF,pca-0.50,2,0.3764656912197728,0.6852724132516878,0.18385931857434448,0.30303030303030304,8.569539951407041,1.0,0.5,,
phase4__arrhythmia__LOF__seed-2__task-001253__cfg-ebe142c8,arrhythmia,LOF,pca-0.25,2,0.3764656912197728,0.6852724132516878,0.18385931857434448,0.30303030303030304,8.569539951407041,1.0,0.25,,
phase4__arrhythmia__LOF__seed-2__task-001252__cfg-5ed78539,arrhythmia,LOF,pca-0.10,2,0.3764656912197728,0.6852724132516878,0.18385931857434448,0.30303030303030304,8.569539951407041,1.0,0.1,,
phase4__arrhythmia__LOF__seed-2__task-001251__cfg-f17e4241,arrhythmia,LOF,pca-0.05,2,0.3764656912197728,0.6852724132516878,0.18385931857434448,0.30303030303030304,8.569539951407041,1.0,0.05,,
phase4__arrhythmia__LOF__seed-2__task-001250__cfg-1a2859e1,arrhythmia,LOF,pca-0.01,2,0.3764656912197728,0.6852724132516878,0.18385931857434448,0.30303030303030304,8.569539951407041,1.0,0.01,,
phase4__arrhythmia__DBSCAN__seed-1__task-001249__cfg-b099a216,arrhythmia,DBSCAN,dimensionality-raw-preprocess,1,0.34430315022222435,0.6029400219814728,0.20160150730098916,0.3181818181818182,4.99741488815345,802.0,,,
phase4__arrhythmia__LOF__seed-1__task-001248__cfg-ff64ce76,arrhythmia,LOF,dimensionality-raw-preprocess,1,0.36439398607106305,0.66270215104412,0.23708588475427853,0.3484848484848485,4.99741488815345,802.0,,,
phase4__arrhythmia__LOF__seed-1__task-001247__cfg-6f85ab5b,arrhythmia,LOF,pca-0.99,1,0.35995759332272514,0.6563432249960748,0.25482807348092323,0.36363636363636365,5.131743340412652,69.0,0.99,,
phase4__arrhythmia__LOF__seed-1__task-001246__cfg-78457073,arrhythmia,LOF,pca-0.90,1,0.3581771966848417,0.630357983984927,0.25482807348092323,0.36363636363636365,6.327977276056838,5.0,0.9,,
phase4__arrhythmia__LOF__seed-1__task-001245__cfg-dd33a60d,arrhythmia,LOF,pca-0.75,1,0.3651321001977198,0.6286701208981001,0.23708588475427853,0.3484848484848485,7.394970814684888,2.0,0.75,,
phase4__arrhythmia__LOF__seed-1__task-001244__cfg-f81eb7da,arrhythmia,LOF,pca-0.50,1,0.3764656912197728,0.6852724132516878,0.18385931857434448,0.30303030303030304,8.569539951407041,1.0,0.5,,
phase4__arrhythmia__LOF__seed-1__task-001243__cfg-c932a15d,arrhythmia,LOF,pca-0.25,1,0.3764656912197728,0.6852724132516878,0.18385931857434448,0.30303030303030304,8.569539951407041,1.0,0.25,,
phase4__arrhythmia__LOF__seed-1__task-001242__cfg-4a3c97a0,arrhythmia,LOF,pca-0.10,1,0.3764656912197728,0.6852724132516878,0.18385931857434448,0.30303030303030304,8.569539951407041,1.0,0.1,,
phase4__arrhythmia__LOF__seed-1__task-001241__cfg-4b56cbaf,arrhythmia,LOF,pca-0.05,1,0.3764656912197728,0.6852724132516878,0.18385931857434448,0.30303030303030304,8.569539951407041,1.0,0.05,,
phase4__arrhythmia__LOF__seed-1__task-001240__cfg-da7d6a87,arrhythmia,LOF,pca-0.01,1,0.3764656912197728,0.6852724132516878,0.18385931857434448,0.30303030303030304,8.569539951407041,1.0,0.01,,
phase4__arrhythmia__DBSCAN__seed-0__task-001239__cfg-a4f212bd,arrhythmia,DBSCAN,dimensionality-raw-preprocess,0,0.34430315022222435,0.6029400219814728,0.20160150730098916,0.3181818181818182,4.99741488815345,802.0,,,
phase4__arrhythmia__LOF__seed-0__task-001238__cfg-f3daf688,arrhythmia,LOF,dimensionality-raw-preprocess,0,0.36439398607106305,0.66270215104412,0.23708588475427853,0.3484848484848485,4.99741488815345,802.0,,,
phase4__arrhythmia__LOF__seed-0__task-001237__cfg-5dd3e998,arrhythmia,LOF,pca-0.99,0,0.35995759332272514,0.6563432249960748,0.25482807348092323,0.36363636363636365,5.131743340412652,69.0,0.99,,
phase4__arrhythmia__LOF__seed-0__task-001236__cfg-1e7aed4d,arrhythmia,LOF,pca-0.90,0,0.3581771966848417,0.630357983984927,0.25482807348092323,0.36363636363636365,6.327977276056838,5.0,0.9,,
phase4__arrhythmia__LOF__seed-0__task-001235__cfg-74e0aa20,arrhythmia,LOF,pca-0.75,0,0.3651321001977198,0.6286701208981001,0.23708588475427853,0.3484848484848485,7.394970814684888,2.0,0.75,,
phase4__arrhythmia__LOF__seed-0__task-001234__cfg-3aa558ce,arrhythmia,LOF,pca-0.50,0,0.3764656912197728,0.6852724132516878,0.18385931857434448,0.30303030303030304,8.569539951407041,1.0,0.5,,
phase4__arrhythmia__LOF__seed-0__task-001233__cfg-599ba950,arrhythmia,LOF,pca-0.25,0,0.3764656912197728,0.6852724132516878,0.18385931857434448,0.30303030303030304,8.569539951407041,1.0,0.25,,
phase4__arrhythmia__LOF__seed-0__task-001232__cfg-cf40c893,arrhythmia,LOF,pca-0.10,0,0.3764656912197728,0.6852724132516878,0.18385931857434448,0.30303030303030304,8.569539951407041,1.0,0.1,,
phase4__arrhythmia__LOF__seed-0__task-001231__cfg-4a780061,arrhythmia,LOF,pca-0.05,0,0.3764656912197728,0.6852724132516878,0.18385931857434448,0.30303030303030304,8.569539951407041,1.0,0.05,,
phase4__arrhythmia__LOF__seed-0__task-001230__cfg-a6e6ee9f,arrhythmia,LOF,pca-0.01,0,0.3764656912197728,0.6852724132516878,0.18385931857434448,0.30303030303030304,8.569539951407041,1.0,0.01,,
phase4__arrhythmia__DBSCAN__seed-42__task-001229__cfg-75e51b5a,arrhythmia,DBSCAN,dimensionality-raw-preprocess,42,0.34430315022222435,0.6029400219814728,0.20160150730098916,0.3181818181818182,4.99741488815345,802.0,,,
phase4__arrhythmia__LOF__seed-42__task-001228__cfg-fe99679f,arrhythmia,LOF,dimensionality-raw-preprocess,42,0.36439398607106305,0.66270215104412,0.23708588475427853,0.3484848484848485,4.99741488815345,802.0,,,
phase4__arrhythmia__IForest__seed-42__task-001227__cfg-edeaf40c,arrhythmia,IForest,pca-0.99,42,0.3844059442341064,0.780067514523473,0.34353901711414664,0.4393939393939394,5.131743340412652,69.0,0.99,,
phase4__arrhythmia__IForest__seed-42__task-001226__cfg-b6fe20d2,arrhythmia,IForest,pca-0.90,42,0.5598388050146136,0.7456822107081176,0.4499921494740148,0.5303030303030303,6.327977276056838,5.0,0.9,,
phase4__arrhythmia__IForest__seed-42__task-001225__cfg-85e714e3,arrhythmia,IForest,pca-0.75,42,0.49974606929933113,0.7593421259224368,0.3967655832940807,0.48484848484848486,7.394970814684888,2.0,0.75,,
phase4__arrhythmia__IForest__seed-42__task-001224__cfg-fe3deeeb,arrhythmia,IForest,pca-0.50,42,0.5301806113611085,0.771059035955409,0.41450777202072536,0.5,8.569539951407041,1.0,0.5,,
phase4__arrhythmia__IForest__seed-42__task-001223__cfg-1ef50105,arrhythmia,IForest,pca-0.25,42,0.5301806113611085,0.771059035955409,0.41450777202072536,0.5,8.569539951407041,1.0,0.25,,
phase4__arrhythmia__IForest__seed-42__task-001222__cfg-893bbe3f,arrhythmia,IForest,pca-0.10,42,0.5301806113611085,0.771059035955409,0.41450777202072536,0.5,8.569539951407041,1.0,0.1,,
phase4__arrhythmia__IForest__seed-42__task-001221__cfg-5234bb80,arrhythmia,IForest,pca-0.05,42,0.5301806113611085,0.771059035955409,0.41450777202072536,0.5,8.569539951407041,1.0,0.05,,
phase4__arrhythmia__IForest__seed-42__task-001220__cfg-e3d3688c,arrhythmia,IForest,pca-0.01,42,0.5301806113611085,0.771059035955409,0.41450777202072536,0.5,8.569539951407041,1.0,0.01,,
phase4__arrhythmia__DBSCAN__seed-3__task-001219__cfg-1aca7e30,arrhythmia,DBSCAN,dimensionality-raw-preprocess,3,0.34430315022222435,0.6029400219814728,0.20160150730098916,0.3181818181818182,4.99741488815345,802.0,,,
phase4__arrhythmia__LOF__seed-3__task-001218__cfg-f14c9f37,arrhythmia,LOF,dimensionality-raw-preprocess,3,0.36439398607106305,0.66270215104412,0.23708588475427853,0.3484848484848485,4.99741488815345,802.0,,,
phase4__arrhythmia__IForest__seed-3__task-001217__cfg-5061fd92,arrhythmia,IForest,pca-0.99,3,0.3844059442341064,0.780067514523473,0.34353901711414664,0.4393939393939394,5.131743340412652,69.0,0.99,,
phase4__arrhythmia__IForest__seed-3__task-001216__cfg-3158027a,arrhythmia,IForest,pca-0.90,3,0.5598388050146136,0.7456822107081176,0.4499921494740148,0.5303030303030303,6.327977276056838,5.0,0.9,,
phase4__arrhythmia__IForest__seed-3__task-001215__cfg-be614c73,arrhythmia,IForest,pca-0.75,3,0.49974606929933113,0.7593421259224368,0.3967655832940807,0.48484848484848486,7.394970814684888,2.0,0.75,,
phase4__arrhythmia__IForest__seed-3__task-001214__cfg-f8c1d698,arrhythmia,IForest,pca-0.50,3,0.5301806113611085,0.771059035955409,0.41450777202072536,0.5,8.569539951407041,1.0,0.5,,
phase4__arrhythmia__IForest__seed-3__task-001213__cfg-a3e72f2d,arrhythmia,IForest,pca-0.25,3,0.5301806113611085,0.771059035955409,0.41450777202072536,0.5,8.569539951407041,1.0,0.25,,
phase4__arrhythmia__IForest__seed-3__task-001212__cfg-cb8e483c,arrhythmia,IForest,pca-0.10,3,0.5301806113611085,0.771059035955409,0.41450777202072536,0.5,8.569539951407041,1.0,0.1,,
phase4__arrhythmia__IForest__seed-3__task-001211__cfg-2d317040,arrhythmia,IForest,pca-0.05,3,0.5301806113611085,0.771059035955409,0.41450777202072536,0.5,8.569539951407041,1.0,0.05,,
phase4__arrhythmia__IForest__seed-3__task-001210__cfg-ecfca97d,arrhythmia,IForest,pca-0.01,3,0.5301806113611085,0.771059035955409,0.41450777202072536,0.5,8.569539951407041,1.0,0.01,,
phase4__arrhythmia__DBSCAN__seed-2__task-001209__cfg-4e8b114c,arrhythmia,DBSCAN,dimensionality-raw-preprocess,2,0.34430315022222435,0.6029400219814728,0.20160150730098916,0.3181818181818182,4.99741488815345,802.0,,,
phase4__arrhythmia__LOF__seed-2__task-001208__cfg-71071d35,arrhythmia,LOF,dimensionality-raw-preprocess,2,0.36439398607106305,0.66270215104412,0.23708588475427853,0.3484848484848485,4.99741488815345,802.0,,,
phase4__arrhythmia__IForest__seed-2__task-001207__cfg-afea5919,arrhythmia,IForest,pca-0.99,2,0.3844059442341064,0.780067514523473,0.34353901711414664,0.4393939393939394,5.131743340412652,69.0,0.99,,
phase4__arrhythmia__IForest__seed-2__task-001206__cfg-81c80606,arrhythmia,IForest,pca-0.90,2,0.5598388050146136,0.7456822107081176,0.4499921494740148,0.5303030303030303,6.327977276056838,5.0,0.9,,
phase4__arrhythmia__IForest__seed-2__task-001205__cfg-bef47073,arrhythmia,IForest,pca-0.75,2,0.49974606929933113,0.7593421259224368,0.3967655832940807,0.48484848484848486,7.394970814684888,2.0,0.75,,
phase4__arrhythmia__IForest__seed-2__task-001204__cfg-2a2805df,arrhythmia,IForest,pca-0.50,2,0.5301806113611085,0.771059035955409,0.41450777202072536,0.5,8.569539951407041,1.0,0.5,,
phase4__arrhythmia__IForest__seed-2__task-001203__cfg-1015fbf1,arrhythmia,IForest,pca-0.25,2,0.5301806113611085,0.771059035955409,0.41450777202072536,0.5,8.569539951407041,1.0,0.25,,
phase4__arrhythmia__IForest__seed-2__task-001202__cfg-bb86256c,arrhythmia,IForest,pca-0.10,2,0.5301806113611085,0.771059035955409,0.41450777202072536,0.5,8.569539951407041,1.0,0.1,,
phase4__arrhythmia__IForest__seed-2__task-001201__cfg-e459927b,arrhythmia,IForest,pca-0.05,2,0.5301806113611085,0.771059035955409,0.41450777202072536,0.5,8.569539951407041,1.0,0.05,,
phase4__arrhythmia__IForest__seed-2__task-001200__cfg-f51598b4,arrhythmia,IForest,pca-0.01,2,0.5301806113611085,0.771059035955409,0.41450777202072536,0.5,8.569539951407041,1.0,0.01,,
phase4__arrhythmia__DBSCAN__seed-1__task-001199__cfg-b099a216,arrhythmia,DBSCAN,dimensionality-raw-preprocess,1,0.34430315022222435,0.6029400219814728,0.20160150730098916,0.3181818181818182,4.99741488815345,802.0,,,
phase4__arrhythmia__LOF__seed-1__task-001198__cfg-ff64ce76,arrhythmia,LOF,dimensionality-raw-preprocess,1,0.36439398607106305,0.66270215104412,0.23708588475427853,0.3484848484848485,4.99741488815345,802.0,,,
phase4__arrhythmia__IForest__seed-1__task-001197__cfg-8cc0db39,arrhythmia,IForest,pca-0.99,1,0.3844059442341064,0.780067514523473,0.34353901711414664,0.4393939393939394,5.131743340412652,69.0,0.99,,
phase4__arrhythmia__IForest__seed-1__task-001196__cfg-fc112891,arrhythmia,IForest,pca-0.90,1,0.5598388050146136,0.7456822107081176,0.4499921494740148,0.5303030303030303,6.327977276056838,5.0,0.9,,
phase4__arrhythmia__IForest__seed-1__task-001195__cfg-8a23040b,arrhythmia,IForest,pca-0.75,1,0.49974606929933113,0.7593421259224368,0.3967655832940807,0.48484848484848486,7.394970814684888,2.0,0.75,,
phase4__arrhythmia__IForest__seed-1__task-001194__cfg-dde11fb2,arrhythmia,IForest,pca-0.50,1,0.5301806113611085,0.771059035955409,0.41450777202072536,0.5,8.569539951407041,1.0,0.5,,
phase4__arrhythmia__IForest__seed-1__task-001193__cfg-2c6d6015,arrhythmia,IForest,pca-0.25,1,0.5301806113611085,0.771059035955409,0.41450777202072536,0.5,8.569539951407041,1.0,0.25,,
phase4__arrhythmia__IForest__seed-1__task-001192__cfg-d701ab8d,arrhythmia,IForest,pca-0.10,1,0.5301806113611085,0.771059035955409,0.41450777202072536,0.5,8.569539951407041,1.0,0.1,,
phase4__arrhythmia__IForest__seed-1__task-001191__cfg-18a55a64,arrhythmia,IForest,pca-0.05,1,0.5301806113611085,0.771059035955409,0.41450777202072536,0.5,8.569539951407041,1.0,0.05,,
phase4__arrhythmia__IForest__seed-1__task-001190__cfg-1de78d86,arrhythmia,IForest,pca-0.01,1,0.5301806113611085,0.771059035955409,0.41450777202072536,0.5,8.569539951407041,1.0,0.01,,
phase4__arrhythmia__DBSCAN__seed-0__task-001189__cfg-a4f212bd,arrhythmia,DBSCAN,dimensionality-raw-preprocess,0,0.34430315022222435,0.6029400219814728,0.20160150730098916,0.3181818181818182,4.99741488815345,802.0,,,
phase4__arrhythmia__LOF__seed-0__task-001188__cfg-f3daf688,arrhythmia,LOF,dimensionality-raw-preprocess,0,0.36439398607106305,0.66270215104412,0.23708588475427853,0.3484848484848485,4.99741488815345,802.0,,,
phase4__arrhythmia__IForest__seed-0__task-001187__cfg-71a29f04,arrhythmia,IForest,pca-0.99,0,0.3844059442341064,0.780067514523473,0.34353901711414664,0.4393939393939394,5.131743340412652,69.0,0.99,,
phase4__arrhythmia__IForest__seed-0__task-001186__cfg-c4897355,arrhythmia,IForest,pca-0.90,0,0.5598388050146136,0.7456822107081176,0.4499921494740148,0.5303030303030303,6.327977276056838,5.0,0.9,,
phase4__arrhythmia__IForest__seed-0__task-001185__cfg-eb96be21,arrhythmia,IForest,pca-0.75,0,0.49974606929933113,0.7593421259224368,0.3967655832940807,0.48484848484848486,7.394970814684888,2.0,0.75,,
phase4__arrhythmia__IForest__seed-0__task-001184__cfg-8676cdd8,arrhythmia,IForest,pca-0.50,0,0.5301806113611085,0.771059035955409,0.41450777202072536,0.5,8.569539951407041,1.0,0.5,,
phase4__arrhythmia__IForest__seed-0__task-001183__cfg-bdb87c71,arrhythmia,IForest,pca-0.25,0,0.5301806113611085,0.771059035955409,0.41450777202072536,0.5,8.569539951407041,1.0,0.25,,
phase4__arrhythmia__IForest__seed-0__task-001182__cfg-9da1df1c,arrhythmia,IForest,pca-0.10,0,0.5301806113611085,0.771059035955409,0.41450777202072536,0.5,8.569539951407041,1.0,0.1,,
phase4__arrhythmia__IForest__seed-0__task-001181__cfg-ce94b945,arrhythmia,IForest,pca-0.05,0,0.5301806113611085,0.771059035955409,0.41450777202072536,0.5,8.569539951407041,1.0,0.05,,
phase4__arrhythmia__IForest__seed-0__task-001180__cfg-a97dc6f3,arrhythmia,IForest,pca-0.01,0,0.5301806113611085,0.771059035955409,0.41450777202072536,0.5,8.569539951407041,1.0,0.01,,
phase4__arrhythmia__DBSCAN__seed-42__task-001179__cfg-75e51b5a,arrhythmia,DBSCAN,dimensionality-raw-preprocess,42,0.34430315022222435,0.6029400219814728,0.20160150730098916,0.3181818181818182,4.99741488815345,802.0,,,
phase4__arrhythmia__LOF__seed-42__task-001178__cfg-fe99679f,arrhythmia,LOF,dimensionality-raw-preprocess,42,0.36439398607106305,0.66270215104412,0.23708588475427853,0.3484848484848485,4.99741488815345,802.0,,,
phase4__arrhythmia__OCSVM__seed-42__task-001177__cfg-2dc8ae8e,arrhythmia,OCSVM,pca-0.99,42,0.5051094723841931,0.7557701365991522,0.379023394567436,0.4696969696969697,5.131743340412652,69.0,0.99,,
phase4__arrhythmia__OCSVM__seed-42__task-001176__cfg-df5dddf3,arrhythmia,OCSVM,pca-0.90,42,0.49191179307065763,0.7357120427068614,0.379023394567436,0.4696969696969697,6.327977276056838,5.0,0.9,,
phase4__arrhythmia__OCSVM__seed-42__task-001175__cfg-835c8f52,arrhythmia,OCSVM,pca-0.75,42,0.4141156124934431,0.6343617522373999,0.2725702622075679,0.3787878787878788,7.394970814684888,2.0,0.75,,
phase4__arrhythmia__OCSVM__seed-42__task-001174__cfg-136004c4,arrhythmia,OCSVM,pca-0.50,42,0.44917743230607654,0.6554796671376981,0.2903124509342126,0.3939393939393939,8.569539951407041,1.0,0.5,,
phase4__arrhythmia__OCSVM__seed-42__task-001173__cfg-fa3df660,arrhythmia,OCSVM,pca-0.25,42,0.44917743230607654,0.6554796671376981,0.2903124509342126,0.3939393939393939,8.569539951407041,1.0,0.25,,
phase4__arrhythmia__OCSVM__seed-42__task-001172__cfg-78e758b5,arrhythmia,OCSVM,pca-0.10,42,0.44917743230607654,0.6554796671376981,0.2903124509342126,0.3939393939393939,8.569539951407041,1.0,0.1,,
phase4__arrhythmia__OCSVM__seed-42__task-001171__cfg-e9f945dc,arrhythmia,OCSVM,pca-0.05,42,0.44917743230607654,0.6554796671376981,0.2903124509342126,0.3939393939393939,8.569539951407041,1.0,0.05,,
phase4__arrhythmia__OCSVM__seed-42__task-001170__cfg-52695d49,arrhythmia,OCSVM,pca-0.01,42,0.44917743230607654,0.6554796671376981,0.2903124509342126,0.3939393939393939,8.569539951407041,1.0,0.01,,
phase4__arrhythmia__DBSCAN__seed-3__task-001169__cfg-1aca7e30,arrhythmia,DBSCAN,dimensionality-raw-preprocess,3,0.34430315022222435,0.6029400219814728,0.20160150730098916,0.3181818181818182,4.99741488815345,802.0,,,
phase4__arrhythmia__LOF__seed-3__task-001168__cfg-f14c9f37,arrhythmia,LOF,dimensionality-raw-preprocess,3,0.36439398607106305,0.66270215104412,0.23708588475427853,0.3484848484848485,4.99741488815345,802.0,,,
phase4__arrhythmia__OCSVM__seed-3__task-001167__cfg-8ace0349,arrhythmia,OCSVM,pca-0.99,3,0.5051094723841931,0.7557701365991522,0.379023394567436,0.4696969696969697,5.131743340412652,69.0,0.99,,
phase4__arrhythmia__OCSVM__seed-3__task-001166__cfg-9fb657a0,arrhythmia,OCSVM,pca-0.90,3,0.49191179307065763,0.7357120427068614,0.379023394567436,0.4696969696969697,6.327977276056838,5.0,0.9,,
phase4__arrhythmia__OCSVM__seed-3__task-001165__cfg-671fa8c0,arrhythmia,OCSVM,pca-0.75,3,0.4141156124934431,0.6343617522373999,0.2725702622075679,0.3787878787878788,7.394970814684888,2.0,0.75,,
phase4__arrhythmia__OCSVM__seed-3__task-001164__cfg-c2181246,arrhythmia,OCSVM,pca-0.50,3,0.44917743230607654,0.6554796671376981,0.2903124509342126,0.3939393939393939,8.569539951407041,1.0,0.5,,
phase4__arrhythmia__OCSVM__seed-3__task-001163__cfg-c9ce3e89,arrhythmia,OCSVM,pca-0.25,3,0.44917743230607654,0.6554796671376981,0.2903124509342126,0.3939393939393939,8.569539951407041,1.0,0.25,,
phase4__arrhythmia__OCSVM__seed-3__task-001162__cfg-41e8c2a9,arrhythmia,OCSVM,pca-0.10,3,0.44917743230607654,0.6554796671376981,0.2903124509342126,0.3939393939393939,8.569539951407041,1.0,0.1,,
phase4__arrhythmia__OCSVM__seed-3__task-001161__cfg-b8beb898,arrhythmia,OCSVM,pca-0.05,3,0.44917743230607654,0.6554796671376981,0.2903124509342126,0.3939393939393939,8.569539951407041,1.0,0.05,,
phase4__arrhythmia__OCSVM__seed-3__task-001160__cfg-ddd52a93,arrhythmia,OCSVM,pca-0.01,3,0.44917743230607654,0.6554796671376981,0.2903124509342126,0.3939393939393939,8.569539951407041,1.0,0.01,,
phase4__arrhythmia__DBSCAN__seed-2__task-001159__cfg-4e8b114c,arrhythmia,DBSCAN,dimensionality-raw-preprocess,2,0.34430315022222435,0.6029400219814728,0.20160150730098916,0.3181818181818182,4.99741488815345,802.0,,,
phase4__arrhythmia__LOF__seed-2__task-001158__cfg-71071d35,arrhythmia,LOF,dimensionality-raw-preprocess,2,0.36439398607106305,0.66270215104412,0.23708588475427853,0.3484848484848485,4.99741488815345,802.0,,,
phase4__arrhythmia__OCSVM__seed-2__task-001157__cfg-a6e5be85,arrhythmia,OCSVM,pca-0.99,2,0.5051094723841931,0.7557701365991522,0.379023394567436,0.4696969696969697,5.131743340412652,69.0,0.99,,
phase4__arrhythmia__OCSVM__seed-2__task-001156__cfg-7efdd3c3,arrhythmia,OCSVM,pca-0.90,2,0.49191179307065763,0.7357120427068614,0.379023394567436,0.4696969696969697,6.327977276056838,5.0,0.9,,
phase4__arrhythmia__OCSVM__seed-2__task-001155__cfg-fa2fc9a6,arrhythmia,OCSVM,pca-0.75,2,0.4141156124934431,0.6343617522373999,0.2725702622075679,0.3787878787878788,7.394970814684888,2.0,0.75,,
phase4__arrhythmia__OCSVM__seed-2__task-001154__cfg-c9edbc40,arrhythmia,OCSVM,pca-0.50,2,0.44917743230607654,0.6554796671376981,0.2903124509342126,0.3939393939393939,8.569539951407041,1.0,0.5,,
phase4__arrhythmia__OCSVM__seed-2__task-001153__cfg-37561611,arrhythmia,OCSVM,pca-0.25,2,0.44917743230607654,0.6554796671376981,0.2903124509342126,0.3939393939393939,8.569539951407041,1.0,0.25,,
phase4__arrhythmia__OCSVM__seed-2__task-001152__cfg-1730bc1d,arrhythmia,OCSVM,pca-0.10,2,0.44917743230607654,0.6554796671376981,0.2903124509342126,0.3939393939393939,8.569539951407041,1.0,0.1,,
phase4__arrhythmia__OCSVM__seed-2__task-001151__cfg-3833916a,arrhythmia,OCSVM,pca-0.05,2,0.44917743230607654,0.6554796671376981,0.2903124509342126,0.3939393939393939,8.569539951407041,1.0,0.05,,
phase4__arrhythmia__OCSVM__seed-2__task-001150__cfg-fb0f2905,arrhythmia,OCSVM,pca-0.01,2,0.44917743230607654,0.6554796671376981,0.2903124509342126,0.3939393939393939,8.569539951407041,1.0,0.01,,
phase4__arrhythmia__DBSCAN__seed-1__task-001149__cfg-b099a216,arrhythmia,DBSCAN,dimensionality-raw-preprocess,1,0.34430315022222435,0.6029400219814728,0.20160150730098916,0.3181818181818182,4.99741488815345,802.0,,,
phase4__arrhythmia__LOF__seed-1__task-001148__cfg-ff64ce76,arrhythmia,LOF,dimensionality-raw-preprocess,1,0.36439398607106305,0.66270215104412,0.23708588475427853,0.3484848484848485,4.99741488815345,802.0,,,
phase4__arrhythmia__OCSVM__seed-1__task-001147__cfg-150924e0,arrhythmia,OCSVM,pca-0.99,1,0.5051094723841931,0.7557701365991522,0.379023394567436,0.4696969696969697,5.131743340412652,69.0,0.99,,
phase4__arrhythmia__OCSVM__seed-1__task-001146__cfg-841b7851,arrhythmia,OCSVM,pca-0.90,1,0.49191179307065763,0.7357120427068614,0.379023394567436,0.4696969696969697,6.327977276056838,5.0,0.9,,
phase4__arrhythmia__OCSVM__seed-1__task-001145__cfg-e6c7868d,arrhythmia,OCSVM,pca-0.75,1,0.4141156124934431,0.6343617522373999,0.2725702622075679,0.3787878787878788,7.394970814684888,2.0,0.75,,
phase4__arrhythmia__OCSVM__seed-1__task-001144__cfg-cca99070,arrhythmia,OCSVM,pca-0.50,1,0.44917743230607654,0.6554796671376981,0.2903124509342126,0.3939393939393939,8.569539951407041,1.0,0.5,,
phase4__arrhythmia__OCSVM__seed-1__task-001143__cfg-a394f386,arrhythmia,OCSVM,pca-0.25,1,0.44917743230607654,0.6554796671376981,0.2903124509342126,0.3939393939393939,8.569539951407041,1.0,0.25,,
phase4__arrhythmia__OCSVM__seed-1__task-001142__cfg-997b6a02,arrhythmia,OCSVM,pca-0.10,1,0.44917743230607654,0.6554796671376981,0.2903124509342126,0.3939393939393939,8.569539951407041,1.0,0.1,,
phase4__arrhythmia__OCSVM__seed-1__task-001141__cfg-de992144,arrhythmia,OCSVM,pca-0.05,1,0.44917743230607654,0.6554796671376981,0.2903124509342126,0.3939393939393939,8.569539951407041,1.0,0.05,,
phase4__arrhythmia__OCSVM__seed-1__task-001140__cfg-7340cc92,arrhythmia,OCSVM,pca-0.01,1,0.44917743230607654,0.6554796671376981,0.2903124509342126,0.3939393939393939,8.569539951407041,1.0,0.01,,
phase4__arrhythmia__DBSCAN__seed-0__task-001139__cfg-a4f212bd,arrhythmia,DBSCAN,dimensionality-raw-preprocess,0,0.34430315022222435,0.6029400219814728,0.20160150730098916,0.3181818181818182,4.99741488815345,802.0,,,
phase4__arrhythmia__LOF__seed-0__task-001138__cfg-f3daf688,arrhythmia,LOF,dimensionality-raw-preprocess,0,0.36439398607106305,0.66270215104412,0.23708588475427853,0.3484848484848485,4.99741488815345,802.0,,,
phase4__arrhythmia__OCSVM__seed-0__task-001137__cfg-da33101e,arrhythmia,OCSVM,pca-0.99,0,0.5051094723841931,0.7557701365991522,0.379023394567436,0.4696969696969697,5.131743340412652,69.0,0.99,,
phase4__arrhythmia__OCSVM__seed-0__task-001136__cfg-fe274820,arrhythmia,OCSVM,pca-0.90,0,0.49191179307065763,0.7357120427068614,0.379023394567436,0.4696969696969697,6.327977276056838,5.0,0.9,,
phase4__arrhythmia__OCSVM__seed-0__task-001135__cfg-2f69f88d,arrhythmia,OCSVM,pca-0.75,0,0.4141156124934431,0.6343617522373999,0.2725702622075679,0.3787878787878788,7.394970814684888,2.0,0.75,,
phase4__arrhythmia__OCSVM__seed-0__task-001134__cfg-caec6870,arrhythmia,OCSVM,pca-0.50,0,0.44917743230607654,0.6554796671376981,0.2903124509342126,0.3939393939393939,8.569539951407041,1.0,0.5,,
phase4__arrhythmia__OCSVM__seed-0__task-001133__cfg-dc4b2c7b,arrhythmia,OCSVM,pca-0.25,0,0.44917743230607654,0.6554796671376981,0.2903124509342126,0.3939393939393939,8.569539951407041,1.0,0.25,,
phase4__arrhythmia__OCSVM__seed-0__task-001132__cfg-8e03692f,arrhythmia,OCSVM,pca-0.10,0,0.44917743230607654,0.6554796671376981,0.2903124509342126,0.3939393939393939,8.569539951407041,1.0,0.1,,
phase4__arrhythmia__OCSVM__seed-0__task-001131__cfg-b5ae3f7d,arrhythmia,OCSVM,pca-0.05,0,0.44917743230607654,0.6554796671376981,0.2903124509342126,0.3939393939393939,8.569539951407041,1.0,0.05,,
phase4__arrhythmia__OCSVM__seed-0__task-001130__cfg-a1b92299,arrhythmia,OCSVM,pca-0.01,0,0.44917743230607654,0.6554796671376981,0.2903124509342126,0.3939393939393939,8.569539951407041,1.0,0.01,,
phase4__arrhythmia__HBOS__seed-42__task-001129__cfg-b246d418,arrhythmia,HBOS,arrhythmia-pca95-track-a,42,0.4466841264541345,0.8021274925420004,0.41450777202072536,0.5,5.555459169866208,14.0,,,
phase4__arrhythmia__HBOS__seed-3__task-001128__cfg-2ac95e82,arrhythmia,HBOS,arrhythmia-pca95-track-a,3,0.4466841264541345,0.8021274925420004,0.41450777202072536,0.5,5.555459169866208,14.0,,,
phase4__arrhythmia__HBOS__seed-2__task-001127__cfg-0dae9a74,arrhythmia,HBOS,arrhythmia-pca95-track-a,2,0.4466841264541345,0.8021274925420004,0.41450777202072536,0.5,5.555459169866208,14.0,,,
phase4__arrhythmia__HBOS__seed-1__task-001126__cfg-b31e1480,arrhythmia,HBOS,arrhythmia-pca95-track-a,1,0.4466841264541345,0.8021274925420004,0.41450777202072536,0.5,5.555459169866208,14.0,,,
phase4__arrhythmia__HBOS__seed-0__task-001125__cfg-1f3c70d6,arrhythmia,HBOS,arrhythmia-pca95-track-a,0,0.4466841264541345,0.8021274925420004,0.41450777202072536,0.5,5.555459169866208,14.0,,,
phase4__arrhythmia__ECOD__seed-42__task-001124__cfg-55c94fc7,arrhythmia,ECOD,arrhythmia-pca95-track-a,42,0.4591515865144415,0.7911367561626629,0.4322499607473701,0.5151515151515151,5.555459169866208,14.0,,,
phase4__arrhythmia__ECOD__seed-3__task-001123__cfg-ffc2fdc3,arrhythmia,ECOD,arrhythmia-pca95-track-a,3,0.4591515865144415,0.7911367561626629,0.4322499607473701,0.5151515151515151,5.555459169866208,14.0,,,
phase4__arrhythmia__ECOD__seed-2__task-001122__cfg-e932aa35,arrhythmia,ECOD,arrhythmia-pca95-track-a,2,0.4591515865144415,0.7911367561626629,0.4322499607473701,0.5151515151515151,5.555459169866208,14.0,,,
phase4__arrhythmia__ECOD__seed-1__task-001121__cfg-b54a78e1,arrhythmia,ECOD,arrhythmia-pca95-track-a,1,0.4591515865144415,0.7911367561626629,0.4322499607473701,0.5151515151515151,5.555459169866208,14.0,,,
phase4__arrhythmia__ECOD__seed-0__task-001120__cfg-c0e57c9a,arrhythmia,ECOD,arrhythmia-pca95-track-a,0,0.4591515865144415,0.7911367561626629,0.4322499607473701,0.5151515151515151,5.555459169866208,14.0,,,
phase4__arrhythmia__DBSCAN__seed-42__task-001119__cfg-ce0f0443,arrhythmia,DBSCAN,arrhythmia-pca95-track-a,42,0.2822087673656458,0.5798987282147904,0.1661171298476998,0.2878787878787879,5.555459169866208,14.0,,,
phase4__arrhythmia__DBSCAN__seed-3__task-001118__cfg-0678079e,arrhythmia,DBSCAN,arrhythmia-pca95-track-a,3,0.2822087673656458,0.5798987282147904,0.1661171298476998,0.2878787878787879,5.555459169866208,14.0,,,
phase4__arrhythmia__DBSCAN__seed-2__task-001117__cfg-8eb43dd3,arrhythmia,DBSCAN,arrhythmia-pca95-track-a,2,0.2822087673656458,0.5798987282147904,0.1661171298476998,0.2878787878787879,5.555459169866208,14.0,,,
phase4__arrhythmia__DBSCAN__seed-1__task-001116__cfg-69928b9f,arrhythmia,DBSCAN,arrhythmia-pca95-track-a,1,0.2822087673656458,0.5798987282147904,0.1661171298476998,0.2878787878787879,5.555459169866208,14.0,,,
phase4__arrhythmia__DBSCAN__seed-0__task-001115__cfg-4414254c,arrhythmia,DBSCAN,arrhythmia-pca95-track-a,0,0.2822087673656458,0.5798987282147904,0.1661171298476998,0.2878787878787879,5.555459169866208,14.0,,,
phase4__arrhythmia__LOF__seed-42__task-001114__cfg-37ff7d63,arrhythmia,LOF,arrhythmia-pca95-track-a,42,0.3884766811026666,0.6717302559271471,0.23708588475427853,0.3484848484848485,5.555459169866208,14.0,,,
phase4__arrhythmia__LOF__seed-3__task-001113__cfg-f59fd883,arrhythmia,LOF,arrhythmia-pca95-track-a,3,0.3884766811026666,0.6717302559271471,0.23708588475427853,0.3484848484848485,5.555459169866208,14.0,,,
phase4__arrhythmia__LOF__seed-2__task-001112__cfg-4b634d26,arrhythmia,LOF,arrhythmia-pca95-track-a,2,0.3884766811026666,0.6717302559271471,0.23708588475427853,0.3484848484848485,5.555459169866208,14.0,,,
phase4__arrhythmia__LOF__seed-1__task-001111__cfg-e3d88007,arrhythmia,LOF,arrhythmia-pca95-track-a,1,0.3884766811026666,0.6717302559271471,0.23708588475427853,0.3484848484848485,5.555459169866208,14.0,,,
phase4__arrhythmia__LOF__seed-0__task-001110__cfg-409ef979,arrhythmia,LOF,arrhythmia-pca95-track-a,0,0.3884766811026666,0.6717302559271471,0.23708588475427853,0.3484848484848485,5.555459169866208,14.0,,,
phase4__arrhythmia__IForest__seed-42__task-001109__cfg-709e9bb0,arrhythmia,IForest,arrhythmia-pca95-track-a,42,0.5160966805394616,0.8041686292981629,0.4499921494740148,0.5303030303030303,5.555459169866208,14.0,,,
phase4__arrhythmia__IForest__seed-3__task-001108__cfg-73de0dfe,arrhythmia,IForest,arrhythmia-pca95-track-a,3,0.5032401912064339,0.796318103312922,0.4322499607473701,0.5151515151515151,5.555459169866208,14.0,,,
phase4__arrhythmia__IForest__seed-2__task-001107__cfg-d4951fae,arrhythmia,IForest,arrhythmia-pca95-track-a,2,0.5229549368667925,0.8100565237870938,0.46773433820065946,0.5454545454545454,5.555459169866208,14.0,,,
phase4__arrhythmia__IForest__seed-1__task-001106__cfg-509e798b,arrhythmia,IForest,arrhythmia-pca95-track-a,1,0.533381310340902,0.8025985241011148,0.4499921494740148,0.5303030303030303,5.555459169866208,14.0,,,
phase4__arrhythmia__IForest__seed-0__task-001105__cfg-8c391f1f,arrhythmia,IForest,arrhythmia-pca95-track-a,0,0.5095141032546139,0.7974564295807819,0.46773433820065946,0.5454545454545454,5.555459169866208,14.0,,,
phase4__arrhythmia__OCSVM__seed-42__task-001104__cfg-f1778351,arrhythmia,OCSVM,arrhythmia-pca95-track-a,42,0.4949202324636168,0.7357120427068614,0.379023394567436,0.4696969696969697,5.555459169866208,14.0,,,
phase4__arrhythmia__OCSVM__seed-3__task-001103__cfg-5ab4cfe9,arrhythmia,OCSVM,arrhythmia-pca95-track-a,3,0.4949202324636168,0.7357120427068614,0.379023394567436,0.4696969696969697,5.555459169866208,14.0,,,
phase4__arrhythmia__OCSVM__seed-2__task-001102__cfg-fe815982,arrhythmia,OCSVM,arrhythmia-pca95-track-a,2,0.4949202324636168,0.7357120427068614,0.379023394567436,0.4696969696969697,5.555459169866208,14.0,,,
phase4__arrhythmia__OCSVM__seed-1__task-001101__cfg-671663e8,arrhythmia,OCSVM,arrhythmia-pca95-track-a,1,0.4949202324636168,0.7357120427068614,0.379023394567436,0.4696969696969697,5.555459169866208,14.0,,,
phase4__arrhythmia__OCSVM__seed-0__task-001100__cfg-c8d14c6b,arrhythmia,OCSVM,arrhythmia-pca95-track-a,0,0.4949202324636168,0.7357120427068614,0.379023394567436,0.4696969696969697,5.555459169866208,14.0,,,
phase4__wut__x2__HBOS__seed-42__task-001099__cfg-581971af,wut/x2,HBOS,track-a-defaults,42,0.2719659674964826,0.7745454545454544,0.12727272727272726,0.2,3.145955467236776,2.0,,,
phase4__wut__x2__HBOS__seed-3__task-001098__cfg-2b172932,wut/x2,HBOS,track-a-defaults,3,0.2719659674964826,0.7745454545454544,0.12727272727272726,0.2,3.145955467236776,2.0,,,
phase4__wut__x2__HBOS__seed-2__task-001097__cfg-ca7c52b6,wut/x2,HBOS,track-a-defaults,2,0.2719659674964826,0.7745454545454544,0.12727272727272726,0.2,3.145955467236776,2.0,,,
phase4__wut__x2__HBOS__seed-1__task-001096__cfg-8500fc7d,wut/x2,HBOS,track-a-defaults,1,0.2719659674964826,0.7745454545454544,0.12727272727272726,0.2,3.145955467236776,2.0,,,
phase4__wut__x2__HBOS__seed-0__task-001095__cfg-6ea0b027,wut/x2,HBOS,track-a-defaults,0,0.2719659674964826,0.7745454545454544,0.12727272727272726,0.2,3.145955467236776,2.0,,,
phase4__wut__x2__ECOD__seed-42__task-001094__cfg-57f23b87,wut/x2,ECOD,track-a-defaults,42,0.2608310111222967,0.7709090909090909,0.34545454545454546,0.4,3.145955467236776,2.0,,,
phase4__wut__x2__ECOD__seed-3__task-001093__cfg-fd61e962,wut/x2,ECOD,track-a-defaults,3,0.2608310111222967,0.7709090909090909,0.34545454545454546,0.4,3.145955467236776,2.0,,,
phase4__wut__x2__ECOD__seed-2__task-001092__cfg-ed4da613,wut/x2,ECOD,track-a-defaults,2,0.2608310111222967,0.7709090909090909,0.34545454545454546,0.4,3.145955467236776,2.0,,,
phase4__wut__x2__ECOD__seed-1__task-001091__cfg-c52bba5e,wut/x2,ECOD,track-a-defaults,1,0.2608310111222967,0.7709090909090909,0.34545454545454546,0.4,3.145955467236776,2.0,,,
phase4__wut__x2__ECOD__seed-0__task-001090__cfg-61ab0bea,wut/x2,ECOD,track-a-defaults,0,0.2608310111222967,0.7709090909090909,0.34545454545454546,0.4,3.145955467236776,2.0,,,
phase4__wut__x2__DBSCAN__seed-42__task-001089__cfg-7a8bbe71,wut/x2,DBSCAN,track-a-defaults,42,0.5049999999999999,0.7368181818181818,0.45454545454545453,0.5,3.145955467236776,2.0,,,
phase4__wut__x2__DBSCAN__seed-3__task-001088__cfg-88a33701,wut/x2,DBSCAN,track-a-defaults,3,0.5049999999999999,0.7368181818181818,0.45454545454545453,0.5,3.145955467236776,2.0,,,
phase4__wut__x2__DBSCAN__seed-2__task-001087__cfg-ea2db3be,wut/x2,DBSCAN,track-a-defaults,2,0.5049999999999999,0.7368181818181818,0.45454545454545453,0.5,3.145955467236776,2.0,,,
phase4__wut__x2__DBSCAN__seed-1__task-001086__cfg-567f5dd2,wut/x2,DBSCAN,track-a-defaults,1,0.5049999999999999,0.7368181818181818,0.45454545454545453,0.5,3.145955467236776,2.0,,,
phase4__wut__x2__DBSCAN__seed-0__task-001085__cfg-a0284531,wut/x2,DBSCAN,track-a-defaults,0,0.5049999999999999,0.7368181818181818,0.45454545454545453,0.5,3.145955467236776,2.0,,,
phase4__wut__x2__LOF__seed-42__task-001084__cfg-5e1ee2b6,wut/x2,LOF,track-a-defaults,42,0.646738310708899,0.9545454545454546,0.45454545454545453,0.5,3.145955467236776,2.0,,,
phase4__wut__x2__LOF__seed-3__task-001083__cfg-be387418,wut/x2,LOF,track-a-defaults,3,0.646738310708899,0.9545454545454546,0.45454545454545453,0.5,3.145955467236776,2.0,,,
phase4__wut__x2__LOF__seed-2__task-001082__cfg-95ba3865,wut/x2,LOF,track-a-defaults,2,0.646738310708899,0.9545454545454546,0.45454545454545453,0.5,3.145955467236776,2.0,,,
phase4__wut__x2__LOF__seed-1__task-001081__cfg-8b7b2406,wut/x2,LOF,track-a-defaults,1,0.646738310708899,0.9545454545454546,0.45454545454545453,0.5,3.145955467236776,2.0,,,
phase4__wut__x2__LOF__seed-0__task-001080__cfg-b855636b,wut/x2,LOF,track-a-defaults,0,0.646738310708899,0.9545454545454546,0.45454545454545453,0.5,3.145955467236776,2.0,,,
phase4__wut__x2__IForest__seed-42__task-001079__cfg-b4acc9c5,wut/x2,IForest,track-a-defaults,42,0.5973877636240966,0.9218181818181819,0.45454545454545453,0.5,3.145955467236776,2.0,,,
phase4__wut__x2__IForest__seed-3__task-001078__cfg-6d098c7a,wut/x2,IForest,track-a-defaults,3,0.4993856501921017,0.9154545454545454,0.45454545454545453,0.5,3.145955467236776,2.0,,,
phase4__wut__x2__IForest__seed-2__task-001077__cfg-c15a5642,wut/x2,IForest,track-a-defaults,2,0.6782391175823572,0.9245454545454546,0.45454545454545453,0.5,3.145955467236776,2.0,,,
phase4__wut__x2__IForest__seed-1__task-001076__cfg-23f5ffe0,wut/x2,IForest,track-a-defaults,1,0.6644131794131795,0.9299999999999999,0.45454545454545453,0.5,3.145955467236776,2.0,,,
phase4__wut__x2__IForest__seed-0__task-001075__cfg-fc0930e9,wut/x2,IForest,track-a-defaults,0,0.6511199100842564,0.9199999999999999,0.45454545454545453,0.5,3.145955467236776,2.0,,,
phase4__wut__x2__OCSVM__seed-42__task-001074__cfg-e4667f08,wut/x2,OCSVM,track-a-defaults,42,0.511477868857047,0.6809090909090908,0.45454545454545453,0.5,3.145955467236776,2.0,,,
phase4__wut__x2__OCSVM__seed-3__task-001073__cfg-d74d7551,wut/x2,OCSVM,track-a-defaults,3,0.511477868857047,0.6809090909090908,0.45454545454545453,0.5,3.145955467236776,2.0,,,
phase4__wut__x2__OCSVM__seed-2__task-001072__cfg-3dc4c741,wut/x2,OCSVM,track-a-defaults,2,0.511477868857047,0.6809090909090908,0.45454545454545453,0.5,3.145955467236776,2.0,,,
phase4__wut__x2__OCSVM__seed-1__task-001071__cfg-2573fd7d,wut/x2,OCSVM,track-a-defaults,1,0.511477868857047,0.6809090909090908,0.45454545454545453,0.5,3.145955467236776,2.0,,,
phase4__wut__x2__OCSVM__seed-0__task-001070__cfg-8b7da1d5,wut/x2,OCSVM,track-a-defaults,0,0.511477868857047,0.6809090909090908,0.45454545454545453,0.5,3.145955467236776,2.0,,,
phase4__wut__windows__HBOS__seed-42__task-001069__cfg-3b164095,wut/windows,HBOS,track-a-defaults,42,0.0,0.5,0.0,0.0,2.16035291576342,2.0,,,
phase4__wut__windows__HBOS__seed-3__task-001068__cfg-2f6ba992,wut/windows,HBOS,track-a-defaults,3,0.0,0.5,0.0,0.0,2.16035291576342,2.0,,,
phase4__wut__windows__HBOS__seed-2__task-001067__cfg-1889e4f4,wut/windows,HBOS,track-a-defaults,2,0.0,0.5,0.0,0.0,2.16035291576342,2.0,,,
phase4__wut__windows__HBOS__seed-1__task-001066__cfg-a09cf332,wut/windows,HBOS,track-a-defaults,1,0.0,0.5,0.0,0.0,2.16035291576342,2.0,,,
phase4__wut__windows__HBOS__seed-0__task-001065__cfg-99b7cf54,wut/windows,HBOS,track-a-defaults,0,0.0,0.5,0.0,0.0,2.16035291576342,2.0,,,
phase4__wut__windows__ECOD__seed-42__task-001064__cfg-6af41a14,wut/windows,ECOD,track-a-defaults,42,0.0,0.5,0.0,0.0,2.16035291576342,2.0,,,
phase4__wut__windows__ECOD__seed-3__task-001063__cfg-7d4f0edc,wut/windows,ECOD,track-a-defaults,3,0.0,0.5,0.0,0.0,2.16035291576342,2.0,,,
phase4__wut__windows__ECOD__seed-2__task-001062__cfg-ad6314c1,wut/windows,ECOD,track-a-defaults,2,0.0,0.5,0.0,0.0,2.16035291576342,2.0,,,
phase4__wut__windows__ECOD__seed-1__task-001061__cfg-1361b918,wut/windows,ECOD,track-a-defaults,1,0.0,0.5,0.0,0.0,2.16035291576342,2.0,,,
phase4__wut__windows__ECOD__seed-0__task-001060__cfg-609beeb7,wut/windows,ECOD,track-a-defaults,0,0.0,0.5,0.0,0.0,2.16035291576342,2.0,,,
phase4__wut__windows__DBSCAN__seed-42__task-001059__cfg-91e6c068,wut/windows,DBSCAN,track-a-defaults,42,0.0,0.5,0.0,0.0,2.16035291576342,2.0,,,
phase4__wut__windows__DBSCAN__seed-3__task-001058__cfg-a8c059d0,wut/windows,DBSCAN,track-a-defaults,3,0.0,0.5,0.0,0.0,2.16035291576342,2.0,,,
phase4__wut__windows__DBSCAN__seed-2__task-001057__cfg-5f1d4e6a,wut/windows,DBSCAN,track-a-defaults,2,0.0,0.5,0.0,0.0,2.16035291576342,2.0,,,
phase4__wut__windows__DBSCAN__seed-1__task-001056__cfg-bf46f280,wut/windows,DBSCAN,track-a-defaults,1,0.0,0.5,0.0,0.0,2.16035291576342,2.0,,,
phase4__wut__windows__DBSCAN__seed-0__task-001055__cfg-62f0543e,wut/windows,DBSCAN,track-a-defaults,0,0.0,0.5,0.0,0.0,2.16035291576342,2.0,,,
phase4__wut__windows__LOF__seed-42__task-001054__cfg-11630c83,wut/windows,LOF,track-a-defaults,42,0.0,0.5,0.0,0.0,2.16035291576342,2.0,,,
phase4__wut__windows__LOF__seed-3__task-001053__cfg-edf3abd1,wut/windows,LOF,track-a-defaults,3,0.0,0.5,0.0,0.0,2.16035291576342,2.0,,,
phase4__wut__windows__LOF__seed-2__task-001052__cfg-f1670149,wut/windows,LOF,track-a-defaults,2,0.0,0.5,0.0,0.0,2.16035291576342,2.0,,,
phase4__wut__windows__LOF__seed-1__task-001051__cfg-a4f08a72,wut/windows,LOF,track-a-defaults,1,0.0,0.5,0.0,0.0,2.16035291576342,2.0,,,
phase4__wut__windows__LOF__seed-0__task-001050__cfg-17eddb22,wut/windows,LOF,track-a-defaults,0,0.0,0.5,0.0,0.0,2.16035291576342,2.0,,,
phase4__wut__windows__IForest__seed-42__task-001049__cfg-f373210a,wut/windows,IForest,track-a-defaults,42,0.0,0.5,0.0,0.0,2.16035291576342,2.0,,,
phase4__wut__windows__IForest__seed-3__task-001048__cfg-12908d89,wut/windows,IForest,track-a-defaults,3,0.0,0.5,0.0,0.0,2.16035291576342,2.0,,,
phase4__wut__windows__IForest__seed-2__task-001047__cfg-6dc19430,wut/windows,IForest,track-a-defaults,2,0.0,0.5,0.0,0.0,2.16035291576342,2.0,,,
phase4__wut__windows__IForest__seed-1__task-001046__cfg-5e40390f,wut/windows,IForest,track-a-defaults,1,0.0,0.5,0.0,0.0,2.16035291576342,2.0,,,
phase4__wut__windows__IForest__seed-0__task-001045__cfg-c1e8222a,wut/windows,IForest,track-a-defaults,0,0.0,0.5,0.0,0.0,2.16035291576342,2.0,,,
phase4__wut__windows__OCSVM__seed-42__task-001044__cfg-24ac6e20,wut/windows,OCSVM,track-a-defaults,42,0.0,0.5,0.0,0.0,2.16035291576342,2.0,,,
phase4__wut__windows__OCSVM__seed-3__task-001043__cfg-c975b80f,wut/windows,OCSVM,track-a-defaults,3,0.0,0.5,0.0,0.0,2.16035291576342,2.0,,,
phase4__wut__windows__OCSVM__seed-2__task-001042__cfg-06399a09,wut/windows,OCSVM,track-a-defaults,2,0.0,0.5,0.0,0.0,2.16035291576342,2.0,,,
phase4__wut__windows__OCSVM__seed-1__task-001041__cfg-8fceb98d,wut/windows,OCSVM,track-a-defaults,1,0.0,0.5,0.0,0.0,2.16035291576342,2.0,,,
phase4__wut__windows__OCSVM__seed-0__task-001040__cfg-d19712aa,wut/windows,OCSVM,track-a-defaults,0,0.0,0.5,0.0,0.0,2.16035291576342,2.0,,,
phase4__wut__smile__HBOS__seed-42__task-001039__cfg-338b4fd9,wut/smile,HBOS,track-a-defaults,42,0.0,0.5,0.0,0.0,2.7702182554502413,2.0,,,
phase4__wut__smile__HBOS__seed-3__task-001038__cfg-6772cadb,wut/smile,HBOS,track-a-defaults,3,0.0,0.5,0.0,0.0,2.7702182554502413,2.0,,,
phase4__wut__smile__HBOS__seed-2__task-001037__cfg-f3058a35,wut/smile,HBOS,track-a-defaults,2,0.0,0.5,0.0,0.0,2.7702182554502413,2.0,,,
phase4__wut__smile__HBOS__seed-1__task-001036__cfg-f8a73262,wut/smile,HBOS,track-a-defaults,1,0.0,0.5,0.0,0.0,2.7702182554502413,2.0,,,
phase4__wut__smile__HBOS__seed-0__task-001035__cfg-88d94605,wut/smile,HBOS,track-a-defaults,0,0.0,0.5,0.0,0.0,2.7702182554502413,2.0,,,
phase4__wut__smile__ECOD__seed-42__task-001034__cfg-d545434c,wut/smile,ECOD,track-a-defaults,42,0.0,0.5,0.0,0.0,2.7702182554502413,2.0,,,
phase4__wut__smile__ECOD__seed-3__task-001033__cfg-033c49e0,wut/smile,ECOD,track-a-defaults,3,0.0,0.5,0.0,0.0,2.7702182554502413,2.0,,,
phase4__wut__smile__ECOD__seed-2__task-001032__cfg-7a025ddb,wut/smile,ECOD,track-a-defaults,2,0.0,0.5,0.0,0.0,2.7702182554502413,2.0,,,
phase4__wut__smile__ECOD__seed-1__task-001031__cfg-896e0750,wut/smile,ECOD,track-a-defaults,1,0.0,0.5,0.0,0.0,2.7702182554502413,2.0,,,
phase4__wut__smile__ECOD__seed-0__task-001030__cfg-0d43688d,wut/smile,ECOD,track-a-defaults,0,0.0,0.5,0.0,0.0,2.7702182554502413,2.0,,,
phase4__wut__smile__DBSCAN__seed-42__task-001029__cfg-814904f9,wut/smile,DBSCAN,track-a-defaults,42,0.0,0.5,0.0,0.0,2.7702182554502413,2.0,,,
phase4__wut__smile__DBSCAN__seed-3__task-001028__cfg-e2d299a3,wut/smile,DBSCAN,track-a-defaults,3,0.0,0.5,0.0,0.0,2.7702182554502413,2.0,,,
phase4__wut__smile__DBSCAN__seed-2__task-001027__cfg-a98ded9d,wut/smile,DBSCAN,track-a-defaults,2,0.0,0.5,0.0,0.0,2.7702182554502413,2.0,,,
phase4__wut__smile__DBSCAN__seed-1__task-001026__cfg-d13f7077,wut/smile,DBSCAN,track-a-defaults,1,0.0,0.5,0.0,0.0,2.7702182554502413,2.0,,,
phase4__wut__smile__DBSCAN__seed-0__task-001025__cfg-5f4fa55b,wut/smile,DBSCAN,track-a-defaults,0,0.0,0.5,0.0,0.0,2.7702182554502413,2.0,,,
phase4__wut__smile__LOF__seed-42__task-001024__cfg-0c979711,wut/smile,LOF,track-a-defaults,42,0.0,0.5,0.0,0.0,2.7702182554502413,2.0,,,
phase4__wut__smile__LOF__seed-3__task-001023__cfg-5ef24218,wut/smile,LOF,track-a-defaults,3,0.0,0.5,0.0,0.0,2.7702182554502413,2.0,,,
phase4__wut__smile__LOF__seed-2__task-001022__cfg-b237ebee,wut/smile,LOF,track-a-defaults,2,0.0,0.5,0.0,0.0,2.7702182554502413,2.0,,,
phase4__wut__smile__LOF__seed-1__task-001021__cfg-d8842ea5,wut/smile,LOF,track-a-defaults,1,0.0,0.5,0.0,0.0,2.7702182554502413,2.0,,,
phase4__wut__smile__LOF__seed-0__task-001020__cfg-cb5fd14c,wut/smile,LOF,track-a-defaults,0,0.0,0.5,0.0,0.0,2.7702182554502413,2.0,,,
phase4__wut__smile__IForest__seed-42__task-001019__cfg-3651f1e7,wut/smile,IForest,track-a-defaults,42,0.0,0.5,0.0,0.0,2.7702182554502413,2.0,,,
phase4__wut__smile__IForest__seed-3__task-001018__cfg-02673d0a,wut/smile,IForest,track-a-defaults,3,0.0,0.5,0.0,0.0,2.7702182554502413,2.0,,,
phase4__wut__smile__IForest__seed-2__task-001017__cfg-870e5f73,wut/smile,IForest,track-a-defaults,2,0.0,0.5,0.0,0.0,2.7702182554502413,2.0,,,
phase4__wut__smile__IForest__seed-1__task-001016__cfg-add9f927,wut/smile,IForest,track-a-defaults,1,0.0,0.5,0.0,0.0,2.7702182554502413,2.0,,,
phase4__wut__smile__IForest__seed-0__task-001015__cfg-f37038d7,wut/smile,IForest,track-a-defaults,0,0.0,0.5,0.0,0.0,2.7702182554502413,2.0,,,
phase4__wut__smile__OCSVM__seed-42__task-001014__cfg-24605331,wut/smile,OCSVM,track-a-defaults,42,0.0,0.5,0.0,0.0,2.7702182554502413,2.0,,,
phase4__wut__smile__OCSVM__seed-3__task-001013__cfg-f5de8205,wut/smile,OCSVM,track-a-defaults,3,0.0,0.5,0.0,0.0,2.7702182554502413,2.0,,,
phase4__wut__smile__OCSVM__seed-2__task-001012__cfg-e3e8da6a,wut/smile,OCSVM,track-a-defaults,2,0.0,0.5,0.0,0.0,2.7702182554502413,2.0,,,
phase4__wut__smile__OCSVM__seed-1__task-001011__cfg-72cff0a7,wut/smile,OCSVM,track-a-defaults,1,0.0,0.5,0.0,0.0,2.7702182554502413,2.0,,,
phase4__wut__smile__OCSVM__seed-0__task-001010__cfg-2758682b,wut/smile,OCSVM,track-a-defaults,0,0.0,0.5,0.0,0.0,2.7702182554502413,2.0,,,
phase4__wut__isolation__HBOS__seed-42__task-001009__cfg-a838ce62,wut/isolation,HBOS,track-a-defaults,42,0.0,0.5,0.0,0.0,1.9513204703597073,2.0,,,
phase4__wut__isolation__HBOS__seed-3__task-001008__cfg-a17df10f,wut/isolation,HBOS,track-a-defaults,3,0.0,0.5,0.0,0.0,1.9513204703597073,2.0,,,
phase4__wut__isolation__HBOS__seed-2__task-001007__cfg-f53684e3,wut/isolation,HBOS,track-a-defaults,2,0.0,0.5,0.0,0.0,1.9513204703597073,2.0,,,
phase4__wut__isolation__HBOS__seed-1__task-001006__cfg-f4b2c0b5,wut/isolation,HBOS,track-a-defaults,1,0.0,0.5,0.0,0.0,1.9513204703597073,2.0,,,
phase4__wut__isolation__HBOS__seed-0__task-001005__cfg-046eedb3,wut/isolation,HBOS,track-a-defaults,0,0.0,0.5,0.0,0.0,1.9513204703597073,2.0,,,
phase4__wut__isolation__ECOD__seed-42__task-001004__cfg-25a0e96a,wut/isolation,ECOD,track-a-defaults,42,0.0,0.5,0.0,0.0,1.9513204703597073,2.0,,,
phase4__wut__isolation__ECOD__seed-3__task-001003__cfg-06368fd3,wut/isolation,ECOD,track-a-defaults,3,0.0,0.5,0.0,0.0,1.9513204703597073,2.0,,,
phase4__wut__isolation__ECOD__seed-2__task-001002__cfg-eefbf5ac,wut/isolation,ECOD,track-a-defaults,2,0.0,0.5,0.0,0.0,1.9513204703597073,2.0,,,
phase4__wut__isolation__ECOD__seed-1__task-001001__cfg-e5b292a8,wut/isolation,ECOD,track-a-defaults,1,0.0,0.5,0.0,0.0,1.9513204703597073,2.0,,,
phase4__wut__isolation__ECOD__seed-0__task-001000__cfg-bd91226b,wut/isolation,ECOD,track-a-defaults,0,0.0,0.5,0.0,0.0,1.9513204703597073,2.0,,,
phase4__wut__isolation__DBSCAN__seed-42__task-000999__cfg-1804e306,wut/isolation,DBSCAN,track-a-defaults,42,0.0,0.5,0.0,0.0,1.9513204703597073,2.0,,,
phase4__wut__isolation__DBSCAN__seed-3__task-000998__cfg-11a319c5,wut/isolation,DBSCAN,track-a-defaults,3,0.0,0.5,0.0,0.0,1.9513204703597073,2.0,,,
phase4__wut__isolation__DBSCAN__seed-2__task-000997__cfg-197a18b8,wut/isolation,DBSCAN,track-a-defaults,2,0.0,0.5,0.0,0.0,1.9513204703597073,2.0,,,
phase4__wut__isolation__DBSCAN__seed-1__task-000996__cfg-5582b8fb,wut/isolation,DBSCAN,track-a-defaults,1,0.0,0.5,0.0,0.0,1.9513204703597073,2.0,,,
phase4__wut__isolation__DBSCAN__seed-0__task-000995__cfg-78e07177,wut/isolation,DBSCAN,track-a-defaults,0,0.0,0.5,0.0,0.0,1.9513204703597073,2.0,,,
phase4__wut__isolation__LOF__seed-42__task-000994__cfg-1a62c2dc,wut/isolation,LOF,track-a-defaults,42,0.0,0.5,0.0,0.0,1.9513204703597073,2.0,,,
phase4__wut__isolation__LOF__seed-3__task-000993__cfg-f2ffe065,wut/isolation,LOF,track-a-defaults,3,0.0,0.5,0.0,0.0,1.9513204703597073,2.0,,,
phase4__wut__isolation__LOF__seed-2__task-000992__cfg-7f409ccb,wut/isolation,LOF,track-a-defaults,2,0.0,0.5,0.0,0.0,1.9513204703597073,2.0,,,
phase4__wut__isolation__LOF__seed-1__task-000991__cfg-014418ba,wut/isolation,LOF,track-a-defaults,1,0.0,0.5,0.0,0.0,1.9513204703597073,2.0,,,
phase4__wut__isolation__LOF__seed-0__task-000990__cfg-68ade9d7,wut/isolation,LOF,track-a-defaults,0,0.0,0.5,0.0,0.0,1.9513204703597073,2.0,,,
phase4__wut__isolation__IForest__seed-42__task-000989__cfg-99a1d128,wut/isolation,IForest,track-a-defaults,42,0.0,0.5,0.0,0.0,1.9513204703597073,2.0,,,
phase4__wut__isolation__IForest__seed-3__task-000988__cfg-03b618c9,wut/isolation,IForest,track-a-defaults,3,0.0,0.5,0.0,0.0,1.9513204703597073,2.0,,,
phase4__wut__isolation__IForest__seed-2__task-000987__cfg-527cac26,wut/isolation,IForest,track-a-defaults,2,0.0,0.5,0.0,0.0,1.9513204703597073,2.0,,,
phase4__wut__isolation__IForest__seed-1__task-000986__cfg-46d7a3a7,wut/isolation,IForest,track-a-defaults,1,0.0,0.5,0.0,0.0,1.9513204703597073,2.0,,,
phase4__wut__isolation__IForest__seed-0__task-000985__cfg-9b8eacf1,wut/isolation,IForest,track-a-defaults,0,0.0,0.5,0.0,0.0,1.9513204703597073,2.0,,,
phase4__wut__isolation__OCSVM__seed-42__task-000984__cfg-3d758625,wut/isolation,OCSVM,track-a-defaults,42,0.0,0.5,0.0,0.0,1.9513204703597073,2.0,,,
phase4__wut__isolation__OCSVM__seed-3__task-000983__cfg-1d329474,wut/isolation,OCSVM,track-a-defaults,3,0.0,0.5,0.0,0.0,1.9513204703597073,2.0,,,
phase4__wut__isolation__OCSVM__seed-2__task-000982__cfg-7e4e6913,wut/isolation,OCSVM,track-a-defaults,2,0.0,0.5,0.0,0.0,1.9513204703597073,2.0,,,
phase4__wut__isolation__OCSVM__seed-1__task-000981__cfg-0ea92867,wut/isolation,OCSVM,track-a-defaults,1,0.0,0.5,0.0,0.0,1.9513204703597073,2.0,,,
phase4__wut__isolation__OCSVM__seed-0__task-000980__cfg-15eb749e,wut/isolation,OCSVM,track-a-defaults,0,0.0,0.5,0.0,0.0,1.9513204703597073,2.0,,,
phase4__wut__circles__HBOS__seed-42__task-000979__cfg-2fcd0514,wut/circles,HBOS,track-a-defaults,42,0.0,0.5,0.0,0.0,2.087488403572093,2.0,,,
phase4__wut__circles__HBOS__seed-3__task-000978__cfg-1f24f97e,wut/circles,HBOS,track-a-defaults,3,0.0,0.5,0.0,0.0,2.087488403572093,2.0,,,
phase4__wut__circles__HBOS__seed-2__task-000977__cfg-9ac87552,wut/circles,HBOS,track-a-defaults,2,0.0,0.5,0.0,0.0,2.087488403572093,2.0,,,
phase4__wut__circles__HBOS__seed-1__task-000976__cfg-3119766e,wut/circles,HBOS,track-a-defaults,1,0.0,0.5,0.0,0.0,2.087488403572093,2.0,,,
phase4__wut__circles__HBOS__seed-0__task-000975__cfg-9c441707,wut/circles,HBOS,track-a-defaults,0,0.0,0.5,0.0,0.0,2.087488403572093,2.0,,,
phase4__wut__circles__ECOD__seed-42__task-000974__cfg-227081ed,wut/circles,ECOD,track-a-defaults,42,0.0,0.5,0.0,0.0,2.087488403572093,2.0,,,
phase4__wut__circles__ECOD__seed-3__task-000973__cfg-3e2c2dd3,wut/circles,ECOD,track-a-defaults,3,0.0,0.5,0.0,0.0,2.087488403572093,2.0,,,
phase4__wut__circles__ECOD__seed-2__task-000972__cfg-a25ff134,wut/circles,ECOD,track-a-defaults,2,0.0,0.5,0.0,0.0,2.087488403572093,2.0,,,
phase4__wut__circles__ECOD__seed-1__task-000971__cfg-76bf512a,wut/circles,ECOD,track-a-defaults,1,0.0,0.5,0.0,0.0,2.087488403572093,2.0,,,
phase4__wut__circles__ECOD__seed-0__task-000970__cfg-093d6111,wut/circles,ECOD,track-a-defaults,0,0.0,0.5,0.0,0.0,2.087488403572093,2.0,,,
phase4__wut__circles__DBSCAN__seed-42__task-000969__cfg-c436d25c,wut/circles,DBSCAN,track-a-defaults,42,0.0,0.5,0.0,0.0,2.087488403572093,2.0,,,
phase4__wut__circles__DBSCAN__seed-3__task-000968__cfg-15811f7e,wut/circles,DBSCAN,track-a-defaults,3,0.0,0.5,0.0,0.0,2.087488403572093,2.0,,,
phase4__wut__circles__DBSCAN__seed-2__task-000967__cfg-b881cf07,wut/circles,DBSCAN,track-a-defaults,2,0.0,0.5,0.0,0.0,2.087488403572093,2.0,,,
phase4__wut__circles__DBSCAN__seed-1__task-000966__cfg-966a8b15,wut/circles,DBSCAN,track-a-defaults,1,0.0,0.5,0.0,0.0,2.087488403572093,2.0,,,
phase4__wut__circles__DBSCAN__seed-0__task-000965__cfg-0f61f6ed,wut/circles,DBSCAN,track-a-defaults,0,0.0,0.5,0.0,0.0,2.087488403572093,2.0,,,
phase4__wut__circles__LOF__seed-42__task-000964__cfg-4f7e9cd0,wut/circles,LOF,track-a-defaults,42,0.0,0.5,0.0,0.0,2.087488403572093,2.0,,,
phase4__wut__circles__LOF__seed-3__task-000963__cfg-4c685cd6,wut/circles,LOF,track-a-defaults,3,0.0,0.5,0.0,0.0,2.087488403572093,2.0,,,
phase4__wut__circles__LOF__seed-2__task-000962__cfg-dfd9894f,wut/circles,LOF,track-a-defaults,2,0.0,0.5,0.0,0.0,2.087488403572093,2.0,,,
phase4__wut__circles__LOF__seed-1__task-000961__cfg-1c121a28,wut/circles,LOF,track-a-defaults,1,0.0,0.5,0.0,0.0,2.087488403572093,2.0,,,
phase4__wut__circles__LOF__seed-0__task-000960__cfg-811f023a,wut/circles,LOF,track-a-defaults,0,0.0,0.5,0.0,0.0,2.087488403572093,2.0,,,
phase4__wut__circles__IForest__seed-42__task-000959__cfg-7dbfefed,wut/circles,IForest,track-a-defaults,42,0.0,0.5,0.0,0.0,2.087488403572093,2.0,,,
phase4__wut__circles__IForest__seed-3__task-000958__cfg-0662a4cd,wut/circles,IForest,track-a-defaults,3,0.0,0.5,0.0,0.0,2.087488403572093,2.0,,,
phase4__wut__circles__IForest__seed-2__task-000957__cfg-1026c02c,wut/circles,IForest,track-a-defaults,2,0.0,0.5,0.0,0.0,2.087488403572093,2.0,,,
phase4__wut__circles__IForest__seed-1__task-000956__cfg-d2fb8122,wut/circles,IForest,track-a-defaults,1,0.0,0.5,0.0,0.0,2.087488403572093,2.0,,,
phase4__wut__circles__IForest__seed-0__task-000955__cfg-b3cf189d,wut/circles,IForest,track-a-defaults,0,0.0,0.5,0.0,0.0,2.087488403572093,2.0,,,
phase4__wut__circles__OCSVM__seed-42__task-000954__cfg-0d1e61f5,wut/circles,OCSVM,track-a-defaults,42,0.0,0.5,0.0,0.0,2.087488403572093,2.0,,,
phase4__wut__circles__OCSVM__seed-3__task-000953__cfg-9c13afdb,wut/circles,OCSVM,track-a-defaults,3,0.0,0.5,0.0,0.0,2.087488403572093,2.0,,,
phase4__wut__circles__OCSVM__seed-2__task-000952__cfg-7572962e,wut/circles,OCSVM,track-a-defaults,2,0.0,0.5,0.0,0.0,2.087488403572093,2.0,,,
phase4__wut__circles__OCSVM__seed-1__task-000951__cfg-fc8d8d7c,wut/circles,OCSVM,track-a-defaults,1,0.0,0.5,0.0,0.0,2.087488403572093,2.0,,,
phase4__wut__circles__OCSVM__seed-0__task-000950__cfg-95e32fc4,wut/circles,OCSVM,track-a-defaults,0,0.0,0.5,0.0,0.0,2.087488403572093,2.0,,,
phase4__wine__HBOS__seed-42__task-000949__cfg-9b2a9b66,wine,HBOS,track-a-defaults,42,0.394039849039849,0.907563025210084,0.3266744786349088,0.38095238095238093,1.6459584863244756,13.0,,,
phase4__wine__HBOS__seed-3__task-000948__cfg-acd7655f,wine,HBOS,track-a-defaults,3,0.394039849039849,0.907563025210084,0.3266744786349088,0.38095238095238093,1.6459584863244756,13.0,,,
phase4__wine__HBOS__seed-2__task-000947__cfg-ed6ea2f5,wine,HBOS,track-a-defaults,2,0.394039849039849,0.907563025210084,0.3266744786349088,0.38095238095238093,1.6459584863244756,13.0,,,
phase4__wine__HBOS__seed-1__task-000946__cfg-18d4e635,wine,HBOS,track-a-defaults,1,0.394039849039849,0.907563025210084,0.3266744786349088,0.38095238095238093,1.6459584863244756,13.0,,,
phase4__wine__HBOS__seed-0__task-000945__cfg-ea13ab2b,wine,HBOS,track-a-defaults,0,0.394039849039849,0.907563025210084,0.3266744786349088,0.38095238095238093,1.6459584863244756,13.0,,,
phase4__wine__ECOD__seed-42__task-000944__cfg-64635f96,wine,ECOD,track-a-defaults,42,0.19072455539363922,0.7327731092436974,0.1190833074826761,0.19047619047619047,1.6459584863244756,13.0,,,
phase4__wine__ECOD__seed-3__task-000943__cfg-a6abb3eb,wine,ECOD,track-a-defaults,3,0.19072455539363922,0.7327731092436974,0.1190833074826761,0.19047619047619047,1.6459584863244756,13.0,,,
phase4__wine__ECOD__seed-2__task-000942__cfg-b4456c87,wine,ECOD,track-a-defaults,2,0.19072455539363922,0.7327731092436974,0.1190833074826761,0.19047619047619047,1.6459584863244756,13.0,,,
phase4__wine__ECOD__seed-1__task-000941__cfg-3ace95d7,wine,ECOD,track-a-defaults,1,0.19072455539363922,0.7327731092436974,0.1190833074826761,0.19047619047619047,1.6459584863244756,13.0,,,
phase4__wine__ECOD__seed-0__task-000940__cfg-dea6c954,wine,ECOD,track-a-defaults,0,0.19072455539363922,0.7327731092436974,0.1190833074826761,0.19047619047619047,1.6459584863244756,13.0,,,
phase4__wine__DBSCAN__seed-42__task-000939__cfg-e65ea01d,wine,DBSCAN,track-a-defaults,42,0.07751937984496124,0.47058823529411764,0.3266744786349088,0.38095238095238093,1.6459584863244756,13.0,,,
phase4__wine__DBSCAN__seed-3__task-000938__cfg-85ad8674,wine,DBSCAN,track-a-defaults,3,0.07751937984496124,0.47058823529411764,0.3266744786349088,0.38095238095238093,1.6459584863244756,13.0,,,
phase4__wine__DBSCAN__seed-2__task-000937__cfg-56f08040,wine,DBSCAN,track-a-defaults,2,0.07751937984496124,0.47058823529411764,0.3266744786349088,0.38095238095238093,1.6459584863244756,13.0,,,
phase4__wine__DBSCAN__seed-1__task-000936__cfg-dcb83d97,wine,DBSCAN,track-a-defaults,1,0.07751937984496124,0.47058823529411764,0.3266744786349088,0.38095238095238093,1.6459584863244756,13.0,,,
phase4__wine__DBSCAN__seed-0__task-000935__cfg-057fe202,wine,DBSCAN,track-a-defaults,0,0.07751937984496124,0.47058823529411764,0.3266744786349088,0.38095238095238093,1.6459584863244756,13.0,,,
phase4__wine__LOF__seed-42__task-000934__cfg-cb8f2d5b,wine,LOF,track-a-defaults,42,0.30806296223279145,0.9042016806722689,0.22287889305879244,0.2857142857142857,1.6459584863244756,13.0,,,
phase4__wine__LOF__seed-3__task-000933__cfg-56e4e2f4,wine,LOF,track-a-defaults,3,0.30806296223279145,0.9042016806722689,0.22287889305879244,0.2857142857142857,1.6459584863244756,13.0,,,
phase4__wine__LOF__seed-2__task-000932__cfg-7059815c,wine,LOF,track-a-defaults,2,0.30806296223279145,0.9042016806722689,0.22287889305879244,0.2857142857142857,1.6459584863244756,13.0,,,
phase4__wine__LOF__seed-1__task-000931__cfg-4dd54275,wine,LOF,track-a-defaults,1,0.30806296223279145,0.9042016806722689,0.22287889305879244,0.2857142857142857,1.6459584863244756,13.0,,,
phase4__wine__LOF__seed-0__task-000930__cfg-4d9fcfec,wine,LOF,track-a-defaults,0,0.30806296223279145,0.9042016806722689,0.22287889305879244,0.2857142857142857,1.6459584863244756,13.0,,,
phase4__wine__IForest__seed-42__task-000929__cfg-08689a06,wine,IForest,track-a-defaults,42,0.1852177837824912,0.7815126050420168,0.01528772190655977,0.09523809523809523,1.6459584863244756,13.0,,,
phase4__wine__IForest__seed-3__task-000928__cfg-bf58de0a,wine,IForest,track-a-defaults,3,0.23300561849661938,0.8151260504201681,0.1190833074826761,0.19047619047619047,1.6459584863244756,13.0,,,
phase4__wine__IForest__seed-2__task-000927__cfg-a3e7a4c3,wine,IForest,track-a-defaults,2,0.24902849647577727,0.846218487394958,0.1190833074826761,0.19047619047619047,1.6459584863244756,13.0,,,
phase4__wine__IForest__seed-1__task-000926__cfg-96cfb840,wine,IForest,track-a-defaults,1,0.2335040568624328,0.8142857142857143,0.1190833074826761,0.19047619047619047,1.6459584863244756,13.0,,,
phase4__wine__IForest__seed-0__task-000925__cfg-c4131a40,wine,IForest,track-a-defaults,0,0.17141294922302847,0.7571428571428571,0.01528772190655977,0.09523809523809523,1.6459584863244756,13.0,,,
phase4__wine__OCSVM__seed-42__task-000924__cfg-15d5e537,wine,OCSVM,track-a-defaults,42,0.248731082085458,0.7067226890756302,0.1190833074826761,0.19047619047619047,1.6459584863244756,13.0,,,
phase4__wine__OCSVM__seed-3__task-000923__cfg-c00a59e1,wine,OCSVM,track-a-defaults,3,0.248731082085458,0.7067226890756302,0.1190833074826761,0.19047619047619047,1.6459584863244756,13.0,,,
phase4__wine__OCSVM__seed-2__task-000922__cfg-8221aad3,wine,OCSVM,track-a-defaults,2,0.248731082085458,0.7067226890756302,0.1190833074826761,0.19047619047619047,1.6459584863244756,13.0,,,
phase4__wine__OCSVM__seed-1__task-000921__cfg-c541937f,wine,OCSVM,track-a-defaults,1,0.248731082085458,0.7067226890756302,0.1190833074826761,0.19047619047619047,1.6459584863244756,13.0,,,
phase4__wine__OCSVM__seed-0__task-000920__cfg-cd4c1d07,wine,OCSVM,track-a-defaults,0,0.248731082085458,0.7067226890756302,0.1190833074826761,0.19047619047619047,1.6459584863244756,13.0,,,
phase4__wbc__HBOS__seed-42__task-000919__cfg-28675b7e,wbc,HBOS,track-a-defaults,42,0.7836921850079744,0.9887323943661971,0.6859154929577465,0.7,4.325757318676476,9.0,,,
phase4__wbc__HBOS__seed-3__task-000918__cfg-b752dbfe,wbc,HBOS,track-a-defaults,3,0.7836921850079744,0.9887323943661971,0.6859154929577465,0.7,4.325757318676476,9.0,,,
phase4__wbc__HBOS__seed-2__task-000917__cfg-9cc69fc9,wbc,HBOS,track-a-defaults,2,0.7836921850079744,0.9887323943661971,0.6859154929577465,0.7,4.325757318676476,9.0,,,
phase4__wbc__HBOS__seed-1__task-000916__cfg-14a3fb49,wbc,HBOS,track-a-defaults,1,0.7836921850079744,0.9887323943661971,0.6859154929577465,0.7,4.325757318676476,9.0,,,
phase4__wbc__HBOS__seed-0__task-000915__cfg-065954bb,wbc,HBOS,track-a-defaults,0,0.7836921850079744,0.9887323943661971,0.6859154929577465,0.7,4.325757318676476,9.0,,,
phase4__wbc__ECOD__seed-42__task-000914__cfg-58a3ffca,wbc,ECOD,track-a-defaults,42,0.9037698412698413,0.9948356807511737,0.7906103286384977,0.8,4.325757318676476,9.0,,,
phase4__wbc__ECOD__seed-3__task-000913__cfg-5ff4195f,wbc,ECOD,track-a-defaults,3,0.9037698412698413,0.9948356807511737,0.7906103286384977,0.8,4.325757318676476,9.0,,,
phase4__wbc__ECOD__seed-2__task-000912__cfg-cc38fee6,wbc,ECOD,track-a-defaults,2,0.9037698412698413,0.9948356807511737,0.7906103286384977,0.8,4.325757318676476,9.0,,,
phase4__wbc__ECOD__seed-1__task-000911__cfg-3da69f73,wbc,ECOD,track-a-defaults,1,0.9037698412698413,0.9948356807511737,0.7906103286384977,0.8,4.325757318676476,9.0,,,
phase4__wbc__ECOD__seed-0__task-000910__cfg-a85bc4b2,wbc,ECOD,track-a-defaults,0,0.9037698412698413,0.9948356807511737,0.7906103286384977,0.8,4.325757318676476,9.0,,,
phase4__wbc__DBSCAN__seed-42__task-000909__cfg-b8211c3d,wbc,DBSCAN,track-a-defaults,42,0.9714285714285714,0.9981220657276995,0.8953051643192488,0.9,4.325757318676476,9.0,,,
phase4__wbc__DBSCAN__seed-3__task-000908__cfg-b7be1a64,wbc,DBSCAN,track-a-defaults,3,0.9714285714285714,0.9981220657276995,0.8953051643192488,0.9,4.325757318676476,9.0,,,
phase4__wbc__DBSCAN__seed-2__task-000907__cfg-5beae58f,wbc,DBSCAN,track-a-defaults,2,0.9714285714285714,0.9981220657276995,0.8953051643192488,0.9,4.325757318676476,9.0,,,
phase4__wbc__DBSCAN__seed-1__task-000906__cfg-0e3e90b1,wbc,DBSCAN,track-a-defaults,1,0.9714285714285714,0.9981220657276995,0.8953051643192488,0.9,4.325757318676476,9.0,,,
phase4__wbc__DBSCAN__seed-0__task-000905__cfg-50d228cc,wbc,DBSCAN,track-a-defaults,0,0.9714285714285714,0.9981220657276995,0.8953051643192488,0.9,4.325757318676476,9.0,,,
phase4__wbc__LOF__seed-42__task-000904__cfg-4b40a412,wbc,LOF,track-a-defaults,42,0.12574215605665184,0.8244131455399061,-0.046948356807511735,0.0,4.325757318676476,9.0,,,
phase4__wbc__LOF__seed-3__task-000903__cfg-f0763306,wbc,LOF,track-a-defaults,3,0.12574215605665184,0.8244131455399061,-0.046948356807511735,0.0,4.325757318676476,9.0,,,
phase4__wbc__LOF__seed-2__task-000902__cfg-c445a66d,wbc,LOF,track-a-defaults,2,0.12574215605665184,0.8244131455399061,-0.046948356807511735,0.0,4.325757318676476,9.0,,,
phase4__wbc__LOF__seed-1__task-000901__cfg-099587d7,wbc,LOF,track-a-defaults,1,0.12574215605665184,0.8244131455399061,-0.046948356807511735,0.0,4.325757318676476,9.0,,,
phase4__wbc__LOF__seed-0__task-000900__cfg-73ce1f06,wbc,LOF,track-a-defaults,0,0.12574215605665184,0.8244131455399061,-0.046948356807511735,0.0,4.325757318676476,9.0,,,
phase4__wbc__IForest__seed-42__task-000899__cfg-2d4640fd,wbc,IForest,track-a-defaults,42,0.9555555555555556,0.996244131455399,0.8953051643192488,0.9,4.325757318676476,9.0,,,
phase4__wbc__IForest__seed-3__task-000898__cfg-1ca8b245,wbc,IForest,track-a-defaults,3,0.9500000000000001,0.9953051643192488,0.8953051643192488,0.9,4.325757318676476,9.0,,,
phase4__wbc__IForest__seed-2__task-000897__cfg-243b1478,wbc,IForest,track-a-defaults,2,0.9555555555555556,0.996244131455399,0.8953051643192488,0.9,4.325757318676476,9.0,,,
phase4__wbc__IForest__seed-1__task-000896__cfg-fff831cb,wbc,IForest,track-a-defaults,1,0.9454545454545454,0.9943661971830986,0.8953051643192488,0.9,4.325757318676476,9.0,,,
phase4__wbc__IForest__seed-0__task-000895__cfg-992ac949,wbc,IForest,track-a-defaults,0,0.9476190476190477,0.9948356807511738,0.8953051643192488,0.9,4.325757318676476,9.0,,,
phase4__wbc__OCSVM__seed-42__task-000894__cfg-5a7f18c2,wbc,OCSVM,track-a-defaults,42,0.5159933435739887,0.9389671361502347,0.37183098591549296,0.4,4.325757318676476,9.0,,,
phase4__wbc__OCSVM__seed-3__task-000893__cfg-f791c52e,wbc,OCSVM,track-a-defaults,3,0.5159933435739887,0.9389671361502347,0.37183098591549296,0.4,4.325757318676476,9.0,,,
phase4__wbc__OCSVM__seed-2__task-000892__cfg-1185d9d0,wbc,OCSVM,track-a-defaults,2,0.5159933435739887,0.9389671361502347,0.37183098591549296,0.4,4.325757318676476,9.0,,,
phase4__wbc__OCSVM__seed-1__task-000891__cfg-7f1510b7,wbc,OCSVM,track-a-defaults,1,0.5159933435739887,0.9389671361502347,0.37183098591549296,0.4,4.325757318676476,9.0,,,
phase4__wbc__OCSVM__seed-0__task-000890__cfg-42629956,wbc,OCSVM,track-a-defaults,0,0.5159933435739887,0.9389671361502347,0.37183098591549296,0.4,4.325757318676476,9.0,,,
phase4__vowels__HBOS__seed-42__task-000889__cfg-c704c435,vowels,HBOS,track-a-defaults,42,0.08100387368680187,0.6758890469416785,0.08870554765291608,0.12,1.488860607127828,12.0,,,
phase4__vowels__HBOS__seed-3__task-000888__cfg-856e8efa,vowels,HBOS,track-a-defaults,3,0.08100387368680187,0.6758890469416785,0.08870554765291608,0.12,1.488860607127828,12.0,,,
phase4__vowels__HBOS__seed-2__task-000887__cfg-3cf1f899,vowels,HBOS,track-a-defaults,2,0.08100387368680187,0.6758890469416785,0.08870554765291608,0.12,1.488860607127828,12.0,,,
phase4__vowels__HBOS__seed-1__task-000886__cfg-1258b4ff,vowels,HBOS,track-a-defaults,1,0.08100387368680187,0.6758890469416785,0.08870554765291608,0.12,1.488860607127828,12.0,,,
phase4__vowels__HBOS__seed-0__task-000885__cfg-09e1175e,vowels,HBOS,track-a-defaults,0,0.08100387368680187,0.6758890469416785,0.08870554765291608,0.12,1.488860607127828,12.0,,,
phase4__vowels__ECOD__seed-42__task-000884__cfg-0e22b8ff,vowels,ECOD,track-a-defaults,42,0.08138936896790486,0.5929018492176387,0.15083926031294453,0.18,1.488860607127828,12.0,,,
phase4__vowels__ECOD__seed-3__task-000883__cfg-b6780561,vowels,ECOD,track-a-defaults,3,0.08138936896790486,0.5929018492176387,0.15083926031294453,0.18,1.488860607127828,12.0,,,
phase4__vowels__ECOD__seed-2__task-000882__cfg-74518c6f,vowels,ECOD,track-a-defaults,2,0.08138936896790486,0.5929018492176387,0.15083926031294453,0.18,1.488860607127828,12.0,,,
phase4__vowels__ECOD__seed-1__task-000881__cfg-d9006412,vowels,ECOD,track-a-defaults,1,0.08138936896790486,0.5929018492176387,0.15083926031294453,0.18,1.488860607127828,12.0,,,
phase4__vowels__ECOD__seed-0__task-000880__cfg-70041533,vowels,ECOD,track-a-defaults,0,0.08138936896790486,0.5929018492176387,0.15083926031294453,0.18,1.488860607127828,12.0,,,
phase4__vowels__DBSCAN__seed-42__task-000879__cfg-91e57a96,vowels,DBSCAN,track-a-defaults,42,0.4506980807963539,0.8400426742532006,0.6479089615931721,0.66,1.488860607127828,12.0,,,
phase4__vowels__DBSCAN__seed-3__task-000878__cfg-32943c73,vowels,DBSCAN,track-a-defaults,3,0.4506980807963539,0.8400426742532006,0.6479089615931721,0.66,1.488860607127828,12.0,,,
phase4__vowels__DBSCAN__seed-2__task-000877__cfg-606b6216,vowels,DBSCAN,track-a-defaults,2,0.4506980807963539,0.8400426742532006,0.6479089615931721,0.66,1.488860607127828,12.0,,,
phase4__vowels__DBSCAN__seed-1__task-000876__cfg-64f57b0e,vowels,DBSCAN,track-a-defaults,1,0.4506980807963539,0.8400426742532006,0.6479089615931721,0.66,1.488860607127828,12.0,,,
phase4__vowels__DBSCAN__seed-0__task-000875__cfg-35d5c309,vowels,DBSCAN,track-a-defaults,0,0.4506980807963539,0.8400426742532006,0.6479089615931721,0.66,1.488860607127828,12.0,,,
phase4__vowels__LOF__seed-42__task-000874__cfg-6ab0445b,vowels,LOF,track-a-defaults,42,0.2979481018579078,0.9350924608819345,0.31652916073968707,0.34,1.488860607127828,12.0,,,
phase4__vowels__LOF__seed-3__task-000873__cfg-377fc7a4,vowels,LOF,track-a-defaults,3,0.2979481018579078,0.9350924608819345,0.31652916073968707,0.34,1.488860607127828,12.0,,,
phase4__vowels__LOF__seed-2__task-000872__cfg-3b411625,vowels,LOF,track-a-defaults,2,0.2979481018579078,0.9350924608819345,0.31652916073968707,0.34,1.488860607127828,12.0,,,
phase4__vowels__LOF__seed-1__task-000871__cfg-cb0e2155,vowels,LOF,track-a-defaults,1,0.2979481018579078,0.9350924608819345,0.31652916073968707,0.34,1.488860607127828,12.0,,,
phase4__vowels__LOF__seed-0__task-000870__cfg-8c489ac3,vowels,LOF,track-a-defaults,0,0.2979481018579078,0.9350924608819345,0.31652916073968707,0.34,1.488860607127828,12.0,,,
phase4__vowels__IForest__seed-42__task-000869__cfg-ed5efc5e,vowels,IForest,track-a-defaults,42,0.11556397505205779,0.7285917496443812,0.17155049786628734,0.2,1.488860607127828,12.0,,,
phase4__vowels__IForest__seed-3__task-000868__cfg-f9b7e933,vowels,IForest,track-a-defaults,3,0.18672553204650527,0.7781365576102418,0.21297297297297296,0.24,1.488860607127828,12.0,,,
phase4__vowels__IForest__seed-2__task-000867__cfg-3625515c,vowels,IForest,track-a-defaults,2,0.1219073946704417,0.7465860597439544,0.08870554765291608,0.12,1.488860607127828,12.0,,,
phase4__vowels__IForest__seed-1__task-000866__cfg-c7048ea3,vowels,IForest,track-a-defaults,1,0.17842649901131785,0.7751209103840683,0.19226173541963015,0.22,1.488860607127828,12.0,,,
phase4__vowels__IForest__seed-0__task-000865__cfg-bbb6fcb8,vowels,IForest,track-a-defaults,0,0.1550144660307757,0.7649359886201991,0.17155049786628734,0.2,1.488860607127828,12.0,,,
phase4__vowels__OCSVM__seed-42__task-000864__cfg-cf6b4eb1,vowels,OCSVM,track-a-defaults,42,0.2021721307214164,0.7385064011379802,0.2543954480796586,0.28,1.488860607127828,12.0,,,
phase4__vowels__OCSVM__seed-3__task-000863__cfg-29086882,vowels,OCSVM,track-a-defaults,3,0.2021721307214164,0.7385064011379802,0.2543954480796586,0.28,1.488860607127828,12.0,,,
phase4__vowels__OCSVM__seed-2__task-000862__cfg-9306eb55,vowels,OCSVM,track-a-defaults,2,0.2021721307214164,0.7385064011379802,0.2543954480796586,0.28,1.488860607127828,12.0,,,
phase4__vowels__OCSVM__seed-1__task-000861__cfg-a4061453,vowels,OCSVM,track-a-defaults,1,0.2021721307214164,0.7385064011379802,0.2543954480796586,0.28,1.488860607127828,12.0,,,
phase4__vowels__OCSVM__seed-0__task-000860__cfg-fd410736,vowels,OCSVM,track-a-defaults,0,0.2021721307214164,0.7385064011379802,0.2543954480796586,0.28,1.488860607127828,12.0,,,
phase4__vertebral__HBOS__seed-42__task-000859__cfg-6b100a45,vertebral,HBOS,track-a-defaults,42,0.08671584454446388,0.3036507936507936,-0.10476190476190476,0.03333333333333333,3.8429066789898934,6.0,,,
phase4__vertebral__HBOS__seed-3__task-000858__cfg-adc17fd4,vertebral,HBOS,track-a-defaults,3,0.08671584454446388,0.3036507936507936,-0.10476190476190476,0.03333333333333333,3.8429066789898934,6.0,,,
phase4__vertebral__HBOS__seed-2__task-000857__cfg-89d8953d,vertebral,HBOS,track-a-defaults,2,0.08671584454446388,0.3036507936507936,-0.10476190476190476,0.03333333333333333,3.8429066789898934,6.0,,,
phase4__vertebral__HBOS__seed-1__task-000856__cfg-6fe7521e,vertebral,HBOS,track-a-defaults,1,0.08671584454446388,0.3036507936507936,-0.10476190476190476,0.03333333333333333,3.8429066789898934,6.0,,,
phase4__vertebral__HBOS__seed-0__task-000855__cfg-b4b98c56,vertebral,HBOS,track-a-defaults,0,0.08671584454446388,0.3036507936507936,-0.10476190476190476,0.03333333333333333,3.8429066789898934,6.0,,,
phase4__vertebral__ECOD__seed-42__task-000854__cfg-9816c6dd,vertebral,ECOD,track-a-defaults,42,0.10720170445120708,0.42000000000000004,0.009523809523809525,0.13333333333333333,3.8429066789898934,6.0,,,
phase4__vertebral__ECOD__seed-3__task-000853__cfg-acea61d2,vertebral,ECOD,track-a-defaults,3,0.10720170445120708,0.42000000000000004,0.009523809523809525,0.13333333333333333,3.8429066789898934,6.0,,,
phase4__vertebral__ECOD__seed-2__task-000852__cfg-dcf56e95,vertebral,ECOD,track-a-defaults,2,0.10720170445120708,0.42000000000000004,0.009523809523809525,0.13333333333333333,3.8429066789898934,6.0,,,
phase4__vertebral__ECOD__seed-1__task-000851__cfg-cf3b03d9,vertebral,ECOD,track-a-defaults,1,0.10720170445120708,0.42000000000000004,0.009523809523809525,0.13333333333333333,3.8429066789898934,6.0,,,
phase4__vertebral__ECOD__seed-0__task-000850__cfg-efa43de5,vertebral,ECOD,track-a-defaults,0,0.10720170445120708,0.42000000000000004,0.009523809523809525,0.13333333333333333,3.8429066789898934,6.0,,,
phase4__vertebral__DBSCAN__seed-42__task-000849__cfg-92a99fec,vertebral,DBSCAN,track-a-defaults,42,0.125,0.48333333333333334,-0.14285714285714285,0.0,3.8429066789898934,6.0,,,
phase4__vertebral__DBSCAN__seed-3__task-000848__cfg-95e7ed2d,vertebral,DBSCAN,track-a-defaults,3,0.125,0.48333333333333334,-0.14285714285714285,0.0,3.8429066789898934,6.0,,,
phase4__vertebral__DBSCAN__seed-2__task-000847__cfg-5aa69f7b,vertebral,DBSCAN,track-a-defaults,2,0.125,0.48333333333333334,-0.14285714285714285,0.0,3.8429066789898934,6.0,,,
phase4__vertebral__DBSCAN__seed-1__task-000846__cfg-5e313d07,vertebral,DBSCAN,track-a-defaults,1,0.125,0.48333333333333334,-0.14285714285714285,0.0,3.8429066789898934,6.0,,,
phase4__vertebral__DBSCAN__seed-0__task-000845__cfg-f16914ee,vertebral,DBSCAN,track-a-defaults,0,0.125,0.48333333333333334,-0.14285714285714285,0.0,3.8429066789898934,6.0,,,
phase4__vertebral__LOF__seed-42__task-000844__cfg-5231dbb0,vertebral,LOF,track-a-defaults,42,0.11434384939689093,0.4563492063492064,-0.02857142857142857,0.1,3.8429066789898934,6.0,,,
phase4__vertebral__LOF__seed-3__task-000843__cfg-d6d423fc,vertebral,LOF,track-a-defaults,3,0.11434384939689093,0.4563492063492064,-0.02857142857142857,0.1,3.8429066789898934,6.0,,,
phase4__vertebral__LOF__seed-2__task-000842__cfg-dc0077a4,vertebral,LOF,track-a-defaults,2,0.11434384939689093,0.4563492063492064,-0.02857142857142857,0.1,3.8429066789898934,6.0,,,
phase4__vertebral__LOF__seed-1__task-000841__cfg-d2d71840,vertebral,LOF,track-a-defaults,1,0.11434384939689093,0.4563492063492064,-0.02857142857142857,0.1,3.8429066789898934,6.0,,,
phase4__vertebral__LOF__seed-0__task-000840__cfg-61e42454,vertebral,LOF,track-a-defaults,0,0.11434384939689093,0.4563492063492064,-0.02857142857142857,0.1,3.8429066789898934,6.0,,,
phase4__vertebral__IForest__seed-42__task-000839__cfg-50359241,vertebral,IForest,track-a-defaults,42,0.09880101631167082,0.3933333333333333,-0.06666666666666667,0.06666666666666667,3.8429066789898934,6.0,,,
phase4__vertebral__IForest__seed-3__task-000838__cfg-25b4729a,vertebral,IForest,track-a-defaults,3,0.09488240122316147,0.3657142857142857,-0.10476190476190476,0.03333333333333333,3.8429066789898934,6.0,,,
phase4__vertebral__IForest__seed-2__task-000837__cfg-dfad42f1,vertebral,IForest,track-a-defaults,2,0.09226168820716574,0.34888888888888886,-0.10476190476190476,0.03333333333333333,3.8429066789898934,6.0,,,
phase4__vertebral__IForest__seed-1__task-000836__cfg-fe7ebe99,vertebral,IForest,track-a-defaults,1,0.09134885315269836,0.34031746031746035,-0.10476190476190476,0.03333333333333333,3.8429066789898934,6.0,,,
phase4__vertebral__IForest__seed-0__task-000835__cfg-14e27ba2,vertebral,IForest,track-a-defaults,0,0.09961805987091416,0.3980952380952381,-0.10476190476190476,0.03333333333333333,3.8429066789898934,6.0,,,
phase4__vertebral__OCSVM__seed-42__task-000834__cfg-9cb1b47b,vertebral,OCSVM,track-a-defaults,42,0.10804909474706194,0.44634920634920633,-0.10476190476190476,0.03333333333333333,3.8429066789898934,6.0,,,
phase4__vertebral__OCSVM__seed-3__task-000833__cfg-a643b875,vertebral,OCSVM,track-a-defaults,3,0.10804909474706194,0.44634920634920633,-0.10476190476190476,0.03333333333333333,3.8429066789898934,6.0,,,
phase4__vertebral__OCSVM__seed-2__task-000832__cfg-89de86b5,vertebral,OCSVM,track-a-defaults,2,0.10804909474706194,0.44634920634920633,-0.10476190476190476,0.03333333333333333,3.8429066789898934,6.0,,,
phase4__vertebral__OCSVM__seed-1__task-000831__cfg-424044fd,vertebral,OCSVM,track-a-defaults,1,0.10804909474706194,0.44634920634920633,-0.10476190476190476,0.03333333333333333,3.8429066789898934,6.0,,,
phase4__vertebral__OCSVM__seed-0__task-000830__cfg-a72784fc,vertebral,OCSVM,track-a-defaults,0,0.10804909474706194,0.44634920634920633,-0.10476190476190476,0.03333333333333333,3.8429066789898934,6.0,,,
phase4__thyroid__HBOS__seed-42__task-000829__cfg-76d4312f,thyroid,HBOS,track-a-defaults,42,0.2559625371894733,0.9348525633718839,0.29085735240389965,0.30851063829787234,45.09152774242569,6.0,,,
phase4__thyroid__HBOS__seed-3__task-000828__cfg-5de39ab9,thyroid,HBOS,track-a-defaults,3,0.2559625371894733,0.9348525633718839,0.29085735240389965,0.30851063829787234,45.09152774242569,6.0,,,
phase4__thyroid__HBOS__seed-2__task-000827__cfg-45382248,thyroid,HBOS,track-a-defaults,2,0.2559625371894733,0.9348525633718839,0.29085735240389965,0.30851063829787234,45.09152774242569,6.0,,,
phase4__thyroid__HBOS__seed-1__task-000826__cfg-be79c606,thyroid,HBOS,track-a-defaults,1,0.2559625371894733,0.9348525633718839,0.29085735240389965,0.30851063829787234,45.09152774242569,6.0,,,
phase4__thyroid__HBOS__seed-0__task-000825__cfg-6b4728d1,thyroid,HBOS,track-a-defaults,0,0.2559625371894733,0.9348525633718839,0.29085735240389965,0.30851063829787234,45.09152774242569,6.0,,,
phase4__thyroid__ECOD__seed-42__task-000824__cfg-28f79ed2,thyroid,ECOD,track-a-defaults,42,0.4677637098766388,0.9770537225227752,0.5418058120734541,0.5531914893617021,45.09152774242569,6.0,,,
phase4__thyroid__ECOD__seed-3__task-000823__cfg-251e1dbb,thyroid,ECOD,track-a-defaults,3,0.4677637098766388,0.9770537225227752,0.5418058120734541,0.5531914893617021,45.09152774242569,6.0,,,
phase4__thyroid__ECOD__seed-2__task-000822__cfg-ae154af6,thyroid,ECOD,track-a-defaults,2,0.4677637098766388,0.9770537225227752,0.5418058120734541,0.5531914893617021,45.09152774242569,6.0,,,
phase4__thyroid__ECOD__seed-1__task-000821__cfg-6e13027c,thyroid,ECOD,track-a-defaults,1,0.4677637098766388,0.9770537225227752,0.5418058120734541,0.5531914893617021,45.09152774242569,6.0,,,
phase4__thyroid__ECOD__seed-0__task-000820__cfg-3fa3ef7d,thyroid,ECOD,track-a-defaults,0,0.4677637098766388,0.9770537225227752,0.5418058120734541,0.5531914893617021,45.09152774242569,6.0,,,
phase4__thyroid__DBSCAN__seed-42__task-000819__cfg-38e6be9c,thyroid,DBSCAN,track-a-defaults,42,0.5137954574111306,0.801696346891833,0.5527166146677827,0.5638297872340425,45.09152774242569,6.0,,,
phase4__thyroid__DBSCAN__seed-3__task-000818__cfg-349fa374,thyroid,DBSCAN,track-a-defaults,3,0.5137954574111306,0.801696346891833,0.5527166146677827,0.5638297872340425,45.09152774242569,6.0,,,
phase4__thyroid__DBSCAN__seed-2__task-000817__cfg-f1587423,thyroid,DBSCAN,track-a-defaults,2,0.5137954574111306,0.801696346891833,0.5527166146677827,0.5638297872340425,45.09152774242569,6.0,,,
phase4__thyroid__DBSCAN__seed-1__task-000816__cfg-1af4c204,thyroid,DBSCAN,track-a-defaults,1,0.5137954574111306,0.801696346891833,0.5527166146677827,0.5638297872340425,45.09152774242569,6.0,,,
phase4__thyroid__DBSCAN__seed-0__task-000815__cfg-5497fde9,thyroid,DBSCAN,track-a-defaults,0,0.5137954574111306,0.801696346891833,0.5527166146677827,0.5638297872340425,45.09152774242569,6.0,,,
phase4__thyroid__LOF__seed-42__task-000814__cfg-ff0fcafa,thyroid,LOF,track-a-defaults,42,0.053323207380527884,0.6157061146232468,0.03990889273434511,0.06382978723404255,45.09152774242569,6.0,,,
phase4__thyroid__LOF__seed-3__task-000813__cfg-a9205aa2,thyroid,LOF,track-a-defaults,3,0.053323207380527884,0.6157061146232468,0.03990889273434511,0.06382978723404255,45.09152774242569,6.0,,,
phase4__thyroid__LOF__seed-2__task-000812__cfg-dc7a18b3,thyroid,LOF,track-a-defaults,2,0.053323207380527884,0.6157061146232468,0.03990889273434511,0.06382978723404255,45.09152774242569,6.0,,,
phase4__thyroid__LOF__seed-1__task-000811__cfg-83a6bddf,thyroid,LOF,track-a-defaults,1,0.053323207380527884,0.6157061146232468,0.03990889273434511,0.06382978723404255,45.09152774242569,6.0,,,
phase4__thyroid__LOF__seed-0__task-000810__cfg-87fde56c,thyroid,LOF,track-a-defaults,0,0.053323207380527884,0.6157061146232468,0.03990889273434511,0.06382978723404255,45.09152774242569,6.0,,,
phase4__thyroid__IForest__seed-42__task-000809__cfg-ba6a504c,thyroid,IForest,track-a-defaults,42,0.5238921838935207,0.9758700207805417,0.5090734042904688,0.5212765957446809,45.09152774242569,6.0,,,
phase4__thyroid__IForest__seed-3__task-000808__cfg-dee480a3,thyroid,IForest,track-a-defaults,3,0.5017291279412852,0.9771969358199838,0.5745382198564395,0.5851063829787234,45.09152774242569,6.0,,,
phase4__thyroid__IForest__seed-2__task-000807__cfg-59526a16,thyroid,IForest,track-a-defaults,2,0.5070328987360753,0.9773109219136805,0.5199842068847973,0.5319148936170213,45.09152774242569,6.0,,,
phase4__thyroid__IForest__seed-1__task-000806__cfg-4f252c31,thyroid,IForest,track-a-defaults,1,0.5444216351253587,0.979564339304451,0.585449022450768,0.5957446808510638,45.09152774242569,6.0,,,
phase4__thyroid__IForest__seed-0__task-000805__cfg-60d36a51,thyroid,IForest,track-a-defaults,0,0.49972632444908194,0.9777230254831988,0.5418058120734541,0.5531914893617021,45.09152774242569,6.0,,,
phase4__thyroid__OCSVM__seed-42__task-000804__cfg-ebf12c75,thyroid,OCSVM,track-a-defaults,42,0.7614151587520173,0.9827968680128717,0.6836462457997241,0.6914893617021277,45.09152774242569,6.0,,,
phase4__thyroid__OCSVM__seed-3__task-000803__cfg-00e51ace,thyroid,OCSVM,track-a-defaults,3,0.7614151587520173,0.9827968680128717,0.6836462457997241,0.6914893617021277,45.09152774242569,6.0,,,
phase4__thyroid__OCSVM__seed-2__task-000802__cfg-6ace20ae,thyroid,OCSVM,track-a-defaults,2,0.7614151587520173,0.9827968680128717,0.6836462457997241,0.6914893617021277,45.09152774242569,6.0,,,
phase4__thyroid__OCSVM__seed-1__task-000801__cfg-aae41d54,thyroid,OCSVM,track-a-defaults,1,0.7614151587520173,0.9827968680128717,0.6836462457997241,0.6914893617021277,45.09152774242569,6.0,,,
phase4__thyroid__OCSVM__seed-0__task-000800__cfg-6f99335f,thyroid,OCSVM,track-a-defaults,0,0.7614151587520173,0.9827968680128717,0.6836462457997241,0.6914893617021277,45.09152774242569,6.0,,,
phase4__speech__HBOS__seed-42__task-000799__cfg-bff7b409,speech,HBOS,track-a-defaults,42,0.02237310938884302,0.4757354437535331,0.01651102317693612,0.03278688524590164,0.4889148038223775,400.0,,,
phase4__speech__HBOS__seed-3__task-000798__cfg-a591ac2c,speech,HBOS,track-a-defaults,3,0.02237310938884302,0.4757354437535331,0.01651102317693612,0.03278688524590164,0.4889148038223775,400.0,,,
phase4__speech__HBOS__seed-2__task-000797__cfg-7ed249ad,speech,HBOS,track-a-defaults,2,0.02237310938884302,0.4757354437535331,0.01651102317693612,0.03278688524590164,0.4889148038223775,400.0,,,
phase4__speech__HBOS__seed-1__task-000796__cfg-e29665da,speech,HBOS,track-a-defaults,1,0.02237310938884302,0.4757354437535331,0.01651102317693612,0.03278688524590164,0.4889148038223775,400.0,,,
phase4__speech__HBOS__seed-0__task-000795__cfg-e36e8c80,speech,HBOS,track-a-defaults,0,0.02237310938884302,0.4757354437535331,0.01651102317693612,0.03278688524590164,0.4889148038223775,400.0,,,
phase4__speech__ECOD__seed-42__task-000794__cfg-d986b11f,speech,ECOD,track-a-defaults,42,0.019620413685438074,0.4697117015262861,0.01651102317693612,0.03278688524590164,0.4889148038223775,400.0,,,
phase4__speech__ECOD__seed-3__task-000793__cfg-100f7cfb,speech,ECOD,track-a-defaults,3,0.019620413685438074,0.4697117015262861,0.01651102317693612,0.03278688524590164,0.4889148038223775,400.0,,,
phase4__speech__ECOD__seed-2__task-000792__cfg-5d306c21,speech,ECOD,track-a-defaults,2,0.019620413685438074,0.4697117015262861,0.01651102317693612,0.03278688524590164,0.4889148038223775,400.0,,,
phase4__speech__ECOD__seed-1__task-000791__cfg-ddd0bae8,speech,ECOD,track-a-defaults,1,0.019620413685438074,0.4697117015262861,0.01651102317693612,0.03278688524590164,0.4889148038223775,400.0,,,
phase4__speech__ECOD__seed-0__task-000790__cfg-601f08f3,speech,ECOD,track-a-defaults,0,0.019620413685438074,0.4697117015262861,0.01651102317693612,0.03278688524590164,0.4889148038223775,400.0,,,
phase4__speech__DBSCAN__seed-42__task-000789__cfg-6fb1bec8,speech,DBSCAN,track-a-defaults,42,0.01682524010448134,0.4702227247032222,0.01651102317693612,0.03278688524590164,0.4889148038223775,400.0,,,
phase4__speech__DBSCAN__seed-3__task-000788__cfg-dc005415,speech,DBSCAN,track-a-defaults,3,0.01682524010448134,0.4702227247032222,0.01651102317693612,0.03278688524590164,0.4889148038223775,400.0,,,
phase4__speech__DBSCAN__seed-2__task-000787__cfg-cf008665,speech,DBSCAN,track-a-defaults,2,0.01682524010448134,0.4702227247032222,0.01651102317693612,0.03278688524590164,0.4889148038223775,400.0,,,
phase4__speech__DBSCAN__seed-1__task-000786__cfg-1400f6c9,speech,DBSCAN,track-a-defaults,1,0.01682524010448134,0.4702227247032222,0.01651102317693612,0.03278688524590164,0.4889148038223775,400.0,,,
phase4__speech__DBSCAN__seed-0__task-000785__cfg-115b7d62,speech,DBSCAN,track-a-defaults,0,0.01682524010448134,0.4702227247032222,0.01651102317693612,0.03278688524590164,0.4889148038223775,400.0,,,
phase4__speech__LOF__seed-42__task-000784__cfg-bc92d218,speech,LOF,track-a-defaults,42,0.024065583541958216,0.5080927077444884,0.01651102317693612,0.03278688524590164,0.4889148038223775,400.0,,,
phase4__speech__LOF__seed-3__task-000783__cfg-c68b25f4,speech,LOF,track-a-defaults,3,0.024065583541958216,0.5080927077444884,0.01651102317693612,0.03278688524590164,0.4889148038223775,400.0,,,
phase4__speech__LOF__seed-2__task-000782__cfg-3b4c2f7d,speech,LOF,track-a-defaults,2,0.024065583541958216,0.5080927077444884,0.01651102317693612,0.03278688524590164,0.4889148038223775,400.0,,,
phase4__speech__LOF__seed-1__task-000781__cfg-d5bd1ad6,speech,LOF,track-a-defaults,1,0.024065583541958216,0.5080927077444884,0.01651102317693612,0.03278688524590164,0.4889148038223775,400.0,,,
phase4__speech__LOF__seed-0__task-000780__cfg-9dc0a9f1,speech,LOF,track-a-defaults,0,0.024065583541958216,0.5080927077444884,0.01651102317693612,0.03278688524590164,0.4889148038223775,400.0,,,
phase4__speech__IForest__seed-42__task-000779__cfg-58436f2a,speech,IForest,track-a-defaults,42,0.038208519038843196,0.47993216506500846,0.0498496325607688,0.06557377049180328,0.4889148038223775,400.0,,,
phase4__speech__IForest__seed-3__task-000778__cfg-c947c01c,speech,IForest,track-a-defaults,3,0.02427268453263496,0.5058541548897683,0.03318032786885246,0.04918032786885246,0.4889148038223775,400.0,,,
phase4__speech__IForest__seed-2__task-000777__cfg-e141888e,speech,IForest,track-a-defaults,2,0.018115674412026782,0.4721401921989825,0.01651102317693612,0.03278688524590164,0.4889148038223775,400.0,,,
phase4__speech__IForest__seed-1__task-000776__cfg-de88fc32,speech,IForest,track-a-defaults,1,0.020038807462722748,0.48035274166195585,0.01651102317693612,0.03278688524590164,0.4889148038223775,400.0,,,
phase4__speech__IForest__seed-0__task-000775__cfg-d63022a5,speech,IForest,track-a-defaults,0,0.01548807398287455,0.4337817976257774,-0.01682758620689655,0.0,0.4889148038223775,400.0,,,
phase4__speech__OCSVM__seed-42__task-000774__cfg-aec2e511,speech,OCSVM,track-a-defaults,42,0.018755622402110296,0.4611057094403618,-0.0001582815149802148,0.01639344262295082,0.4889148038223775,400.0,,,
phase4__speech__OCSVM__seed-3__task-000773__cfg-ce298bff,speech,OCSVM,track-a-defaults,3,0.018755622402110296,0.4611057094403618,-0.0001582815149802148,0.01639344262295082,0.4889148038223775,400.0,,,
phase4__speech__OCSVM__seed-2__task-000772__cfg-fb95ee41,speech,OCSVM,track-a-defaults,2,0.018755622402110296,0.4611057094403618,-0.0001582815149802148,0.01639344262295082,0.4889148038223775,400.0,,,
phase4__speech__OCSVM__seed-1__task-000771__cfg-58105869,speech,OCSVM,track-a-defaults,1,0.018755622402110296,0.4611057094403618,-0.0001582815149802148,0.01639344262295082,0.4889148038223775,400.0,,,
phase4__speech__OCSVM__seed-0__task-000770__cfg-a37fae2c,speech,OCSVM,track-a-defaults,0,0.018755622402110296,0.4611057094403618,-0.0001582815149802148,0.01639344262295082,0.4889148038223775,400.0,,,
phase4__smtp__HBOS__seed-42__task-000769__cfg-77e83614,smtp,HBOS,track-a-defaults,42,0.0018787718185884331,0.7695551163719698,-0.0003100688284327994,0.0,14.050066162689816,3.0,,,
phase4__smtp__HBOS__seed-3__task-000768__cfg-7802ec65,smtp,HBOS,track-a-defaults,3,0.0018787718185884331,0.7695551163719698,-0.0003100688284327994,0.0,14.050066162689816,3.0,,,
phase4__smtp__HBOS__seed-2__task-000767__cfg-8fb849b4,smtp,HBOS,track-a-defaults,2,0.0018787718185884331,0.7695551163719698,-0.0003100688284327994,0.0,14.050066162689816,3.0,,,
phase4__smtp__HBOS__seed-1__task-000766__cfg-ba4a68f7,smtp,HBOS,track-a-defaults,1,0.0018787718185884331,0.7695551163719698,-0.0003100688284327994,0.0,14.050066162689816,3.0,,,
phase4__smtp__HBOS__seed-0__task-000765__cfg-939d62ef,smtp,HBOS,track-a-defaults,0,0.0018787718185884331,0.7695551163719698,-0.0003100688284327994,0.0,14.050066162689816,3.0,,,
phase4__smtp__ECOD__seed-42__task-000764__cfg-84fd30cd,smtp,ECOD,track-a-defaults,42,0.5072922037867936,0.880101129028867,0.6779637113635548,0.6779661016949152,14.050066162689816,3.0,,,
phase4__smtp__ECOD__seed-3__task-000763__cfg-4bb737f5,smtp,ECOD,track-a-defaults,3,0.5072922037867936,0.880101129028867,0.6779637113635548,0.6779661016949152,14.050066162689816,3.0,,,
phase4__smtp__ECOD__seed-2__task-000762__cfg-d7983e86,smtp,ECOD,track-a-defaults,2,0.5072922037867936,0.880101129028867,0.6779637113635548,0.6779661016949152,14.050066162689816,3.0,,,
phase4__smtp__ECOD__seed-1__task-000761__cfg-0a5571fe,smtp,ECOD,track-a-defaults,1,0.5072922037867936,0.880101129028867,0.6779637113635548,0.6779661016949152,14.050066162689816,3.0,,,
phase4__smtp__ECOD__seed-0__task-000760__cfg-662b71b7,smtp,ECOD,track-a-defaults,0,0.5072922037867936,0.880101129028867,0.6779637113635548,0.6779661016949152,14.050066162689816,3.0,,,
phase4__smtp__DBSCAN__seed-42__task-000759__cfg-f4fb77f2,smtp,DBSCAN,track-a-defaults,42,0.29375079365079365,0.8262895535327264,0.33313327331532794,0.3333333333333333,12.095352876487492,3.0,,,
phase4__smtp__DBSCAN__seed-3__task-000758__cfg-020d1d22,smtp,DBSCAN,track-a-defaults,3,0.16880079365079365,0.7403429362141976,0.33313327331532794,0.3333333333333333,12.92127074764596,3.0,,,
phase4__smtp__DBSCAN__seed-2__task-000757__cfg-feb4f614,smtp,DBSCAN,track-a-defaults,2,0.4306555555555555,0.8276066153179287,0.6665666366576639,0.6666666666666666,40.16554354357663,3.0,,,
phase4__smtp__DBSCAN__seed-1__task-000756__cfg-f2720015,smtp,DBSCAN,track-a-defaults,1,0.10853333333333334,0.6559634557033777,0.33313327331532794,0.3333333333333333,10.129443152417295,3.0,,,
phase4__smtp__DBSCAN__seed-0__task-000755__cfg-05e2d56c,smtp,DBSCAN,track-a-defaults,0,0.49870357528124515,0.9982494748424527,0.4998499549864959,0.5,11.513500193774057,3.0,,,
phase4__smtp__LOF__seed-42__task-000754__cfg-bf0f8f12,smtp,LOF,track-a-defaults,42,0.09896065427923115,0.8720616184855456,-0.00030009002700810244,0.0,12.095352876487492,3.0,,,
phase4__smtp__LOF__seed-3__task-000753__cfg-0a53115b,smtp,LOF,track-a-defaults,3,0.057856786055820494,0.5863175619352472,-0.00030009002700810244,0.0,12.92127074764596,3.0,,,
phase4__smtp__LOF__seed-2__task-000752__cfg-38f320e9,smtp,LOF,track-a-defaults,2,0.13843511226722427,0.8723700443466373,-0.00030009002700810244,0.0,40.16554354357663,3.0,,,
phase4__smtp__LOF__seed-1__task-000751__cfg-594b0671,smtp,LOF,track-a-defaults,1,0.036253205027390926,0.5652529092060952,-0.00030009002700810244,0.0,10.129443152417295,3.0,,,
phase4__smtp__LOF__seed-0__task-000750__cfg-99e5cb3e,smtp,LOF,track-a-defaults,0,0.3527956227244484,0.8452869194091561,0.33313327331532794,0.3333333333333333,11.513500193774057,3.0,,,
phase4__smtp__IForest__seed-42__task-000749__cfg-6e4206aa,smtp,IForest,track-a-defaults,42,0.004439200360489829,0.9033778006713903,-0.0003100688284327994,0.0,14.050066162689816,3.0,,,
phase4__smtp__IForest__seed-3__task-000748__cfg-c49a7be1,smtp,IForest,track-a-defaults,3,0.004216837326374217,0.8968525955049094,-0.0003100688284327994,0.0,14.050066162689816,3.0,,,
phase4__smtp__IForest__seed-2__task-000747__cfg-73855882,smtp,IForest,track-a-defaults,2,0.004276948222565362,0.8999901884518078,-0.0003100688284327994,0.0,14.050066162689816,3.0,,,
phase4__smtp__IForest__seed-1__task-000746__cfg-38f61754,smtp,IForest,track-a-defaults,1,0.004345745142089734,0.8995565530629551,-0.0003100688284327994,0.0,14.050066162689816,3.0,,,
phase4__smtp__IForest__seed-0__task-000745__cfg-48cb92e4,smtp,IForest,track-a-defaults,0,0.004103773807050887,0.8954195838501916,-0.0003100688284327994,0.0,14.050066162689816,3.0,,,
phase4__smtp__OCSVM__seed-42__task-000744__cfg-9fe2d92d,smtp,OCSVM,track-a-defaults,42,0.2873453220983448,0.930629188756627,0.4998499549864959,0.5,12.095352876487492,3.0,,,
phase4__smtp__OCSVM__seed-3__task-000743__cfg-6d22ae22,smtp,OCSVM,track-a-defaults,3,0.16740953317947074,0.9200343436364242,0.16641659164415992,0.16666666666666666,12.92127074764596,3.0,,,
phase4__smtp__OCSVM__seed-2__task-000742__cfg-d73e6594,smtp,OCSVM,track-a-defaults,2,0.30133477633477634,0.9383898502884199,0.4998499549864959,0.5,40.16554354357663,3.0,,,
phase4__smtp__OCSVM__seed-1__task-000741__cfg-1c154c3b,smtp,OCSVM,track-a-defaults,1,0.19531194510364372,0.8655930112367043,0.33313327331532794,0.3333333333333333,10.129443152417295,3.0,,,
phase4__smtp__OCSVM__seed-0__task-000740__cfg-92ebdcb6,smtp,OCSVM,track-a-defaults,0,0.3973613815621251,0.9954236270881265,0.33313327331532794,0.3333333333333333,11.513500193774057,3.0,,,
phase4__sipu__spiral__HBOS__seed-42__task-000739__cfg-868bbe6e,sipu/spiral,HBOS,track-a-defaults,42,0.0,0.5,0.0,0.0,2.298383424537831,2.0,,,
phase4__sipu__spiral__HBOS__seed-3__task-000738__cfg-6ab350b0,sipu/spiral,HBOS,track-a-defaults,3,0.0,0.5,0.0,0.0,2.298383424537831,2.0,,,
phase4__sipu__spiral__HBOS__seed-2__task-000737__cfg-53d9dda6,sipu/spiral,HBOS,track-a-defaults,2,0.0,0.5,0.0,0.0,2.298383424537831,2.0,,,
phase4__sipu__spiral__HBOS__seed-1__task-000736__cfg-c2c9fa4a,sipu/spiral,HBOS,track-a-defaults,1,0.0,0.5,0.0,0.0,2.298383424537831,2.0,,,
phase4__sipu__spiral__HBOS__seed-0__task-000735__cfg-c053a8c6,sipu/spiral,HBOS,track-a-defaults,0,0.0,0.5,0.0,0.0,2.298383424537831,2.0,,,
phase4__sipu__spiral__ECOD__seed-42__task-000734__cfg-2303e52b,sipu/spiral,ECOD,track-a-defaults,42,0.0,0.5,0.0,0.0,2.298383424537831,2.0,,,
phase4__sipu__spiral__ECOD__seed-3__task-000733__cfg-a20ffde0,sipu/spiral,ECOD,track-a-defaults,3,0.0,0.5,0.0,0.0,2.298383424537831,2.0,,,
phase4__sipu__spiral__ECOD__seed-2__task-000732__cfg-1c33a699,sipu/spiral,ECOD,track-a-defaults,2,0.0,0.5,0.0,0.0,2.298383424537831,2.0,,,
phase4__sipu__spiral__ECOD__seed-1__task-000731__cfg-e92825cb,sipu/spiral,ECOD,track-a-defaults,1,0.0,0.5,0.0,0.0,2.298383424537831,2.0,,,
phase4__sipu__spiral__ECOD__seed-0__task-000730__cfg-5ca4a400,sipu/spiral,ECOD,track-a-defaults,0,0.0,0.5,0.0,0.0,2.298383424537831,2.0,,,
phase4__sipu__spiral__DBSCAN__seed-42__task-000729__cfg-9e1294a9,sipu/spiral,DBSCAN,track-a-defaults,42,0.0,0.5,0.0,0.0,2.298383424537831,2.0,,,
phase4__sipu__spiral__DBSCAN__seed-3__task-000728__cfg-47e149bb,sipu/spiral,DBSCAN,track-a-defaults,3,0.0,0.5,0.0,0.0,2.298383424537831,2.0,,,
phase4__sipu__spiral__DBSCAN__seed-2__task-000727__cfg-523f8d57,sipu/spiral,DBSCAN,track-a-defaults,2,0.0,0.5,0.0,0.0,2.298383424537831,2.0,,,
phase4__sipu__spiral__DBSCAN__seed-1__task-000726__cfg-100c54b1,sipu/spiral,DBSCAN,track-a-defaults,1,0.0,0.5,0.0,0.0,2.298383424537831,2.0,,,
phase4__sipu__spiral__DBSCAN__seed-0__task-000725__cfg-611fdae1,sipu/spiral,DBSCAN,track-a-defaults,0,0.0,0.5,0.0,0.0,2.298383424537831,2.0,,,
phase4__sipu__spiral__LOF__seed-42__task-000724__cfg-6c03c9cb,sipu/spiral,LOF,track-a-defaults,42,0.0,0.5,0.0,0.0,2.298383424537831,2.0,,,
phase4__sipu__spiral__LOF__seed-3__task-000723__cfg-be0410b8,sipu/spiral,LOF,track-a-defaults,3,0.0,0.5,0.0,0.0,2.298383424537831,2.0,,,
phase4__sipu__spiral__LOF__seed-2__task-000722__cfg-29cb61db,sipu/spiral,LOF,track-a-defaults,2,0.0,0.5,0.0,0.0,2.298383424537831,2.0,,,
phase4__sipu__spiral__LOF__seed-1__task-000721__cfg-9b5d5afd,sipu/spiral,LOF,track-a-defaults,1,0.0,0.5,0.0,0.0,2.298383424537831,2.0,,,
phase4__sipu__spiral__LOF__seed-0__task-000720__cfg-79cae990,sipu/spiral,LOF,track-a-defaults,0,0.0,0.5,0.0,0.0,2.298383424537831,2.0,,,
phase4__sipu__spiral__IForest__seed-42__task-000719__cfg-3680845b,sipu/spiral,IForest,track-a-defaults,42,0.0,0.5,0.0,0.0,2.298383424537831,2.0,,,
phase4__sipu__spiral__IForest__seed-3__task-000718__cfg-ded2a31c,sipu/spiral,IForest,track-a-defaults,3,0.0,0.5,0.0,0.0,2.298383424537831,2.0,,,
phase4__sipu__spiral__IForest__seed-2__task-000717__cfg-8b5762b0,sipu/spiral,IForest,track-a-defaults,2,0.0,0.5,0.0,0.0,2.298383424537831,2.0,,,
phase4__sipu__spiral__IForest__seed-1__task-000716__cfg-8a4dcd73,sipu/spiral,IForest,track-a-defaults,1,0.0,0.5,0.0,0.0,2.298383424537831,2.0,,,
phase4__sipu__spiral__IForest__seed-0__task-000715__cfg-b4064c5f,sipu/spiral,IForest,track-a-defaults,0,0.0,0.5,0.0,0.0,2.298383424537831,2.0,,,
phase4__sipu__spiral__OCSVM__seed-42__task-000714__cfg-5eced401,sipu/spiral,OCSVM,track-a-defaults,42,0.0,0.5,0.0,0.0,2.298383424537831,2.0,,,
phase4__sipu__spiral__OCSVM__seed-3__task-000713__cfg-ebe8c0f7,sipu/spiral,OCSVM,track-a-defaults,3,0.0,0.5,0.0,0.0,2.298383424537831,2.0,,,
phase4__sipu__spiral__OCSVM__seed-2__task-000712__cfg-1d8950c8,sipu/spiral,OCSVM,track-a-defaults,2,0.0,0.5,0.0,0.0,2.298383424537831,2.0,,,
phase4__sipu__spiral__OCSVM__seed-1__task-000711__cfg-357826a5,sipu/spiral,OCSVM,track-a-defaults,1,0.0,0.5,0.0,0.0,2.298383424537831,2.0,,,
phase4__sipu__spiral__OCSVM__seed-0__task-000710__cfg-4bb423d9,sipu/spiral,OCSVM,track-a-defaults,0,0.0,0.5,0.0,0.0,2.298383424537831,2.0,,,
phase4__sipu__jain__HBOS__seed-42__task-000709__cfg-922248f0,sipu/jain,HBOS,track-a-defaults,42,0.0,0.5,0.0,0.0,2.2772645363698447,2.0,,,
phase4__sipu__jain__HBOS__seed-3__task-000708__cfg-2e7164c4,sipu/jain,HBOS,track-a-defaults,3,0.0,0.5,0.0,0.0,2.2772645363698447,2.0,,,
phase4__sipu__jain__HBOS__seed-2__task-000707__cfg-f00a3550,sipu/jain,HBOS,track-a-defaults,2,0.0,0.5,0.0,0.0,2.2772645363698447,2.0,,,
phase4__sipu__jain__HBOS__seed-1__task-000706__cfg-01a1ce62,sipu/jain,HBOS,track-a-defaults,1,0.0,0.5,0.0,0.0,2.2772645363698447,2.0,,,
phase4__sipu__jain__HBOS__seed-0__task-000705__cfg-66912fce,sipu/jain,HBOS,track-a-defaults,0,0.0,0.5,0.0,0.0,2.2772645363698447,2.0,,,
phase4__sipu__jain__ECOD__seed-42__task-000704__cfg-06f61359,sipu/jain,ECOD,track-a-defaults,42,0.0,0.5,0.0,0.0,2.2772645363698447,2.0,,,
phase4__sipu__jain__ECOD__seed-3__task-000703__cfg-ff208618,sipu/jain,ECOD,track-a-defaults,3,0.0,0.5,0.0,0.0,2.2772645363698447,2.0,,,
phase4__sipu__jain__ECOD__seed-2__task-000702__cfg-a1f411d8,sipu/jain,ECOD,track-a-defaults,2,0.0,0.5,0.0,0.0,2.2772645363698447,2.0,,,
phase4__sipu__jain__ECOD__seed-1__task-000701__cfg-b84084bb,sipu/jain,ECOD,track-a-defaults,1,0.0,0.5,0.0,0.0,2.2772645363698447,2.0,,,
phase4__sipu__jain__ECOD__seed-0__task-000700__cfg-96ef7617,sipu/jain,ECOD,track-a-defaults,0,0.0,0.5,0.0,0.0,2.2772645363698447,2.0,,,
phase4__sipu__jain__DBSCAN__seed-42__task-000699__cfg-37a5c4b5,sipu/jain,DBSCAN,track-a-defaults,42,0.0,0.5,0.0,0.0,2.2772645363698447,2.0,,,
phase4__sipu__jain__DBSCAN__seed-3__task-000698__cfg-0be6b6e4,sipu/jain,DBSCAN,track-a-defaults,3,0.0,0.5,0.0,0.0,2.2772645363698447,2.0,,,
phase4__sipu__jain__DBSCAN__seed-2__task-000697__cfg-cf252034,sipu/jain,DBSCAN,track-a-defaults,2,0.0,0.5,0.0,0.0,2.2772645363698447,2.0,,,
phase4__sipu__jain__DBSCAN__seed-1__task-000696__cfg-0d237ade,sipu/jain,DBSCAN,track-a-defaults,1,0.0,0.5,0.0,0.0,2.2772645363698447,2.0,,,
phase4__sipu__jain__DBSCAN__seed-0__task-000695__cfg-9a681670,sipu/jain,DBSCAN,track-a-defaults,0,0.0,0.5,0.0,0.0,2.2772645363698447,2.0,,,
phase4__sipu__jain__LOF__seed-42__task-000694__cfg-4fde43e5,sipu/jain,LOF,track-a-defaults,42,0.0,0.5,0.0,0.0,2.2772645363698447,2.0,,,
phase4__sipu__jain__LOF__seed-3__task-000693__cfg-b80ad9e9,sipu/jain,LOF,track-a-defaults,3,0.0,0.5,0.0,0.0,2.2772645363698447,2.0,,,
phase4__sipu__jain__LOF__seed-2__task-000692__cfg-bc00cb04,sipu/jain,LOF,track-a-defaults,2,0.0,0.5,0.0,0.0,2.2772645363698447,2.0,,,
phase4__sipu__jain__LOF__seed-1__task-000691__cfg-071922ed,sipu/jain,LOF,track-a-defaults,1,0.0,0.5,0.0,0.0,2.2772645363698447,2.0,,,
phase4__sipu__jain__LOF__seed-0__task-000690__cfg-fbba3404,sipu/jain,LOF,track-a-defaults,0,0.0,0.5,0.0,0.0,2.2772645363698447,2.0,,,
phase4__sipu__jain__IForest__seed-42__task-000689__cfg-f8654c3e,sipu/jain,IForest,track-a-defaults,42,0.0,0.5,0.0,0.0,2.2772645363698447,2.0,,,
phase4__sipu__jain__IForest__seed-3__task-000688__cfg-a4e37f57,sipu/jain,IForest,track-a-defaults,3,0.0,0.5,0.0,0.0,2.2772645363698447,2.0,,,
phase4__sipu__jain__IForest__seed-2__task-000687__cfg-2939f909,sipu/jain,IForest,track-a-defaults,2,0.0,0.5,0.0,0.0,2.2772645363698447,2.0,,,
phase4__sipu__jain__IForest__seed-1__task-000686__cfg-7b7cf402,sipu/jain,IForest,track-a-defaults,1,0.0,0.5,0.0,0.0,2.2772645363698447,2.0,,,
phase4__sipu__jain__IForest__seed-0__task-000685__cfg-3f9e910d,sipu/jain,IForest,track-a-defaults,0,0.0,0.5,0.0,0.0,2.2772645363698447,2.0,,,
phase4__sipu__jain__OCSVM__seed-42__task-000684__cfg-ada79b18,sipu/jain,OCSVM,track-a-defaults,42,0.0,0.5,0.0,0.0,2.2772645363698447,2.0,,,
phase4__sipu__jain__OCSVM__seed-3__task-000683__cfg-6498c789,sipu/jain,OCSVM,track-a-defaults,3,0.0,0.5,0.0,0.0,2.2772645363698447,2.0,,,
phase4__sipu__jain__OCSVM__seed-2__task-000682__cfg-bda959a8,sipu/jain,OCSVM,track-a-defaults,2,0.0,0.5,0.0,0.0,2.2772645363698447,2.0,,,
phase4__sipu__jain__OCSVM__seed-1__task-000681__cfg-db6cf643,sipu/jain,OCSVM,track-a-defaults,1,0.0,0.5,0.0,0.0,2.2772645363698447,2.0,,,
phase4__sipu__jain__OCSVM__seed-0__task-000680__cfg-5e0e808f,sipu/jain,OCSVM,track-a-defaults,0,0.0,0.5,0.0,0.0,2.2772645363698447,2.0,,,
phase4__sipu__flame__HBOS__seed-42__task-000679__cfg-502aae2f,sipu/flame,HBOS,track-a-defaults,42,0.20380162749898406,0.34247076023391815,0.12280701754385964,0.16666666666666666,2.4179360530756884,2.0,,,
phase4__sipu__flame__HBOS__seed-3__task-000678__cfg-27fad2c1,sipu/flame,HBOS,track-a-defaults,3,0.20380162749898406,0.34247076023391815,0.12280701754385964,0.16666666666666666,2.4179360530756884,2.0,,,
phase4__sipu__flame__HBOS__seed-2__task-000677__cfg-13a95060,sipu/flame,HBOS,track-a-defaults,2,0.20380162749898406,0.34247076023391815,0.12280701754385964,0.16666666666666666,2.4179360530756884,2.0,,,
phase4__sipu__flame__HBOS__seed-1__task-000676__cfg-be31dd4a,sipu/flame,HBOS,track-a-defaults,1,0.20380162749898406,0.34247076023391815,0.12280701754385964,0.16666666666666666,2.4179360530756884,2.0,,,
phase4__sipu__flame__HBOS__seed-0__task-000675__cfg-8e6df300,sipu/flame,HBOS,track-a-defaults,0,0.20380162749898406,0.34247076023391815,0.12280701754385964,0.16666666666666666,2.4179360530756884,2.0,,,
phase4__sipu__flame__ECOD__seed-42__task-000674__cfg-3be6df5b,sipu/flame,ECOD,track-a-defaults,42,0.1525061457291392,0.20723684210526316,0.12280701754385964,0.16666666666666666,2.4179360530756884,2.0,,,
phase4__sipu__flame__ECOD__seed-3__task-000673__cfg-90c7fe60,sipu/flame,ECOD,track-a-defaults,3,0.1525061457291392,0.20723684210526316,0.12280701754385964,0.16666666666666666,2.4179360530756884,2.0,,,
phase4__sipu__flame__ECOD__seed-2__task-000672__cfg-de3d42f0,sipu/flame,ECOD,track-a-defaults,2,0.1525061457291392,0.20723684210526316,0.12280701754385964,0.16666666666666666,2.4179360530756884,2.0,,,
phase4__sipu__flame__ECOD__seed-1__task-000671__cfg-27e1e0e7,sipu/flame,ECOD,track-a-defaults,1,0.1525061457291392,0.20723684210526316,0.12280701754385964,0.16666666666666666,2.4179360530756884,2.0,,,
phase4__sipu__flame__ECOD__seed-0__task-000670__cfg-9292787d,sipu/flame,ECOD,track-a-defaults,0,0.1525061457291392,0.20723684210526316,0.12280701754385964,0.16666666666666666,2.4179360530756884,2.0,,,
phase4__sipu__flame__DBSCAN__seed-42__task-000669__cfg-ff4d7af3,sipu/flame,DBSCAN,track-a-defaults,42,0.2724537037037037,0.6708698830409358,0.21052631578947367,0.25,2.4179360530756884,2.0,,,
phase4__sipu__flame__DBSCAN__seed-3__task-000668__cfg-20a10672,sipu/flame,DBSCAN,track-a-defaults,3,0.2724537037037037,0.6708698830409358,0.21052631578947367,0.25,2.4179360530756884,2.0,,,
phase4__sipu__flame__DBSCAN__seed-2__task-000667__cfg-f062f977,sipu/flame,DBSCAN,track-a-defaults,2,0.2724537037037037,0.6708698830409358,0.21052631578947367,0.25,2.4179360530756884,2.0,,,
phase4__sipu__flame__DBSCAN__seed-1__task-000666__cfg-8d850e4c,sipu/flame,DBSCAN,track-a-defaults,1,0.2724537037037037,0.6708698830409358,0.21052631578947367,0.25,2.4179360530756884,2.0,,,
phase4__sipu__flame__DBSCAN__seed-0__task-000665__cfg-16401083,sipu/flame,DBSCAN,track-a-defaults,0,0.2724537037037037,0.6708698830409358,0.21052631578947367,0.25,2.4179360530756884,2.0,,,
phase4__sipu__flame__LOF__seed-42__task-000664__cfg-c2034d34,sipu/flame,LOF,track-a-defaults,42,0.24852176936915576,0.756578947368421,0.12280701754385964,0.16666666666666666,2.4179360530756884,2.0,,,
phase4__sipu__flame__LOF__seed-3__task-000663__cfg-5bf805f3,sipu/flame,LOF,track-a-defaults,3,0.24852176936915576,0.756578947368421,0.12280701754385964,0.16666666666666666,2.4179360530756884,2.0,,,
phase4__sipu__flame__LOF__seed-2__task-000662__cfg-0e32c4d9,sipu/flame,LOF,track-a-defaults,2,0.24852176936915576,0.756578947368421,0.12280701754385964,0.16666666666666666,2.4179360530756884,2.0,,,
phase4__sipu__flame__LOF__seed-1__task-000661__cfg-908243da,sipu/flame,LOF,track-a-defaults,1,0.24852176936915576,0.756578947368421,0.12280701754385964,0.16666666666666666,2.4179360530756884,2.0,,,
phase4__sipu__flame__LOF__seed-0__task-000660__cfg-f6b75e49,sipu/flame,LOF,track-a-defaults,0,0.24852176936915576,0.756578947368421,0.12280701754385964,0.16666666666666666,2.4179360530756884,2.0,,,
phase4__sipu__flame__IForest__seed-42__task-000659__cfg-24dbf0da,sipu/flame,IForest,track-a-defaults,42,0.20161691960787173,0.3969298245614035,0.12280701754385964,0.16666666666666666,2.4179360530756884,2.0,,,
phase4__sipu__flame__IForest__seed-3__task-000658__cfg-b0e15955,sipu/flame,IForest,track-a-defaults,3,0.2005393531650561,0.3775584795321637,0.12280701754385964,0.16666666666666666,2.4179360530756884,2.0,,,
phase4__sipu__flame__IForest__seed-2__task-000657__cfg-b5c10e38,sipu/flame,IForest,track-a-defaults,2,0.1995981263279425,0.3607456140350877,0.12280701754385964,0.16666666666666666,2.4179360530756884,2.0,,,
phase4__sipu__flame__IForest__seed-1__task-000656__cfg-1632df18,sipu/flame,IForest,track-a-defaults,1,0.19982629518033063,0.3600146198830409,0.12280701754385964,0.16666666666666666,2.4179360530756884,2.0,,,
phase4__sipu__flame__IForest__seed-0__task-000655__cfg-a18e31e3,sipu/flame,IForest,track-a-defaults,0,0.2015350408397542,0.3969298245614035,0.12280701754385964,0.16666666666666666,2.4179360530756884,2.0,,,
phase4__sipu__flame__OCSVM__seed-42__task-000654__cfg-81daa684,sipu/flame,OCSVM,track-a-defaults,42,0.24765533013430577,0.7540204678362574,0.12280701754385964,0.16666666666666666,2.4179360530756884,2.0,,,
phase4__sipu__flame__OCSVM__seed-3__task-000653__cfg-33b56e99,sipu/flame,OCSVM,track-a-defaults,3,0.24765533013430577,0.7540204678362574,0.12280701754385964,0.16666666666666666,2.4179360530756884,2.0,,,
phase4__sipu__flame__OCSVM__seed-2__task-000652__cfg-3750a450,sipu/flame,OCSVM,track-a-defaults,2,0.24765533013430577,0.7540204678362574,0.12280701754385964,0.16666666666666666,2.4179360530756884,2.0,,,
phase4__sipu__flame__OCSVM__seed-1__task-000651__cfg-9dbe6b5a,sipu/flame,OCSVM,track-a-defaults,1,0.24765533013430577,0.7540204678362574,0.12280701754385964,0.16666666666666666,2.4179360530756884,2.0,,,
phase4__sipu__flame__OCSVM__seed-0__task-000650__cfg-468346fd,sipu/flame,OCSVM,track-a-defaults,0,0.24765533013430577,0.7540204678362574,0.12280701754385964,0.16666666666666666,2.4179360530756884,2.0,,,
phase4__sipu__compound__HBOS__seed-42__task-000649__cfg-4724e408,sipu/compound,HBOS,track-a-defaults,42,0.0,0.5,0.0,0.0,2.5214650312274465,2.0,,,
phase4__sipu__compound__HBOS__seed-3__task-000648__cfg-c136b1ef,sipu/compound,HBOS,track-a-defaults,3,0.0,0.5,0.0,0.0,2.5214650312274465,2.0,,,
phase4__sipu__compound__HBOS__seed-2__task-000647__cfg-8fe7ed97,sipu/compound,HBOS,track-a-defaults,2,0.0,0.5,0.0,0.0,2.5214650312274465,2.0,,,
phase4__sipu__compound__HBOS__seed-1__task-000646__cfg-73745ba8,sipu/compound,HBOS,track-a-defaults,1,0.0,0.5,0.0,0.0,2.5214650312274465,2.0,,,
phase4__sipu__compound__HBOS__seed-0__task-000645__cfg-37e61ac5,sipu/compound,HBOS,track-a-defaults,0,0.0,0.5,0.0,0.0,2.5214650312274465,2.0,,,
phase4__sipu__compound__ECOD__seed-42__task-000644__cfg-fd371fda,sipu/compound,ECOD,track-a-defaults,42,0.0,0.5,0.0,0.0,2.5214650312274465,2.0,,,
phase4__sipu__compound__ECOD__seed-3__task-000643__cfg-816de863,sipu/compound,ECOD,track-a-defaults,3,0.0,0.5,0.0,0.0,2.5214650312274465,2.0,,,
phase4__sipu__compound__ECOD__seed-2__task-000642__cfg-4062da9b,sipu/compound,ECOD,track-a-defaults,2,0.0,0.5,0.0,0.0,2.5214650312274465,2.0,,,
phase4__sipu__compound__ECOD__seed-1__task-000641__cfg-b473e69a,sipu/compound,ECOD,track-a-defaults,1,0.0,0.5,0.0,0.0,2.5214650312274465,2.0,,,
phase4__sipu__compound__ECOD__seed-0__task-000640__cfg-ff4e90c1,sipu/compound,ECOD,track-a-defaults,0,0.0,0.5,0.0,0.0,2.5214650312274465,2.0,,,
phase4__sipu__compound__DBSCAN__seed-42__task-000639__cfg-ab891b7c,sipu/compound,DBSCAN,track-a-defaults,42,0.0,0.5,0.0,0.0,2.5214650312274465,2.0,,,
phase4__sipu__compound__DBSCAN__seed-3__task-000638__cfg-c7038acd,sipu/compound,DBSCAN,track-a-defaults,3,0.0,0.5,0.0,0.0,2.5214650312274465,2.0,,,
phase4__sipu__compound__DBSCAN__seed-2__task-000637__cfg-90de1c02,sipu/compound,DBSCAN,track-a-defaults,2,0.0,0.5,0.0,0.0,2.5214650312274465,2.0,,,
phase4__sipu__compound__DBSCAN__seed-1__task-000636__cfg-a5c41569,sipu/compound,DBSCAN,track-a-defaults,1,0.0,0.5,0.0,0.0,2.5214650312274465,2.0,,,
phase4__sipu__compound__DBSCAN__seed-0__task-000635__cfg-a0d54704,sipu/compound,DBSCAN,track-a-defaults,0,0.0,0.5,0.0,0.0,2.5214650312274465,2.0,,,
phase4__sipu__compound__LOF__seed-42__task-000634__cfg-45ab0244,sipu/compound,LOF,track-a-defaults,42,0.0,0.5,0.0,0.0,2.5214650312274465,2.0,,,
phase4__sipu__compound__LOF__seed-3__task-000633__cfg-53422f80,sipu/compound,LOF,track-a-defaults,3,0.0,0.5,0.0,0.0,2.5214650312274465,2.0,,,
phase4__sipu__compound__LOF__seed-2__task-000632__cfg-05789bf5,sipu/compound,LOF,track-a-defaults,2,0.0,0.5,0.0,0.0,2.5214650312274465,2.0,,,
phase4__sipu__compound__LOF__seed-1__task-000631__cfg-ca73c312,sipu/compound,LOF,track-a-defaults,1,0.0,0.5,0.0,0.0,2.5214650312274465,2.0,,,
phase4__sipu__compound__LOF__seed-0__task-000630__cfg-3536d09c,sipu/compound,LOF,track-a-defaults,0,0.0,0.5,0.0,0.0,2.5214650312274465,2.0,,,
phase4__sipu__compound__IForest__seed-42__task-000629__cfg-1db135ff,sipu/compound,IForest,track-a-defaults,42,0.0,0.5,0.0,0.0,2.5214650312274465,2.0,,,
phase4__sipu__compound__IForest__seed-3__task-000628__cfg-1587d9d4,sipu/compound,IForest,track-a-defaults,3,0.0,0.5,0.0,0.0,2.5214650312274465,2.0,,,
phase4__sipu__compound__IForest__seed-2__task-000627__cfg-68a628c7,sipu/compound,IForest,track-a-defaults,2,0.0,0.5,0.0,0.0,2.5214650312274465,2.0,,,
phase4__sipu__compound__IForest__seed-1__task-000626__cfg-5d50bb65,sipu/compound,IForest,track-a-defaults,1,0.0,0.5,0.0,0.0,2.5214650312274465,2.0,,,
phase4__sipu__compound__IForest__seed-0__task-000625__cfg-5aaca606,sipu/compound,IForest,track-a-defaults,0,0.0,0.5,0.0,0.0,2.5214650312274465,2.0,,,
phase4__sipu__compound__OCSVM__seed-42__task-000624__cfg-0fa4ffd9,sipu/compound,OCSVM,track-a-defaults,42,0.0,0.5,0.0,0.0,2.5214650312274465,2.0,,,
phase4__sipu__compound__OCSVM__seed-3__task-000623__cfg-bc579322,sipu/compound,OCSVM,track-a-defaults,3,0.0,0.5,0.0,0.0,2.5214650312274465,2.0,,,
phase4__sipu__compound__OCSVM__seed-2__task-000622__cfg-7128fdec,sipu/compound,OCSVM,track-a-defaults,2,0.0,0.5,0.0,0.0,2.5214650312274465,2.0,,,
phase4__sipu__compound__OCSVM__seed-1__task-000621__cfg-f09801f4,sipu/compound,OCSVM,track-a-defaults,1,0.0,0.5,0.0,0.0,2.5214650312274465,2.0,,,
phase4__sipu__compound__OCSVM__seed-0__task-000620__cfg-0702c3cb,sipu/compound,OCSVM,track-a-defaults,0,0.0,0.5,0.0,0.0,2.5214650312274465,2.0,,,
phase4__shuttle__HBOS__seed-42__task-000619__cfg-c6580327,shuttle,HBOS,track-a-defaults,42,0.9573225126879805,0.9825127820914401,0.899400798674076,0.9066136815214306,110.18630204141186,9.0,,,
phase4__shuttle__HBOS__seed-3__task-000618__cfg-e74cf950,shuttle,HBOS,track-a-defaults,3,0.9573225126879805,0.9825127820914401,0.899400798674076,0.9066136815214306,110.18630204141186,9.0,,,
phase4__shuttle__HBOS__seed-2__task-000617__cfg-34f18088,shuttle,HBOS,track-a-defaults,2,0.9573225126879805,0.9825127820914401,0.899400798674076,0.9066136815214306,110.18630204141186,9.0,,,
phase4__shuttle__HBOS__seed-1__task-000616__cfg-03ddc8f6,shuttle,HBOS,track-a-defaults,1,0.9573225126879805,0.9825127820914401,0.899400798674076,0.9066136815214306,110.18630204141186,9.0,,,
phase4__shuttle__HBOS__seed-0__task-000615__cfg-8b6de7fc,shuttle,HBOS,track-a-defaults,0,0.9573225126879805,0.9825127820914401,0.899400798674076,0.9066136815214306,110.18630204141186,9.0,,,
phase4__shuttle__ECOD__seed-42__task-000614__cfg-7a4b7edf,shuttle,ECOD,track-a-defaults,42,0.90426580852467,0.9929491361850228,0.8590361078362944,0.8691456145330684,110.18630204141186,9.0,,,
phase4__shuttle__ECOD__seed-3__task-000613__cfg-184ec511,shuttle,ECOD,track-a-defaults,3,0.90426580852467,0.9929491361850228,0.8590361078362944,0.8691456145330684,110.18630204141186,9.0,,,
phase4__shuttle__ECOD__seed-2__task-000612__cfg-4f1c38fd,shuttle,ECOD,track-a-defaults,2,0.90426580852467,0.9929491361850228,0.8590361078362944,0.8691456145330684,110.18630204141186,9.0,,,
phase4__shuttle__ECOD__seed-1__task-000611__cfg-90b1de12,shuttle,ECOD,track-a-defaults,1,0.90426580852467,0.9929491361850228,0.8590361078362944,0.8691456145330684,110.18630204141186,9.0,,,
phase4__shuttle__ECOD__seed-0__task-000610__cfg-8944c834,shuttle,ECOD,track-a-defaults,0,0.90426580852467,0.9929491361850228,0.8590361078362944,0.8691456145330684,110.18630204141186,9.0,,,
phase4__shuttle__DBSCAN__seed-42__task-000609__cfg-348da25a,shuttle,DBSCAN,track-a-defaults,42,0.1521994701040676,0.5836155390113387,0.1584347968331452,0.21881533101045297,180.09714880524157,9.0,,,
phase4__shuttle__DBSCAN__seed-3__task-000608__cfg-3766e74e,shuttle,DBSCAN,track-a-defaults,3,0.15825362173154553,0.5884007591762034,0.16218846430929063,0.22229965156794426,5.437570367270125,9.0,,,
phase4__shuttle__DBSCAN__seed-2__task-000607__cfg-84f00c2c,shuttle,DBSCAN,track-a-defaults,2,0.14475574811571112,0.5854572379693542,0.15993626382360338,0.22020905923344947,248.00405568721746,9.0,,,
phase4__shuttle__DBSCAN__seed-1__task-000606__cfg-dd38e94f,shuttle,DBSCAN,track-a-defaults,1,0.1597579169984505,0.5900327808970782,0.17645240071864315,0.23554006968641114,99.63942132102899,9.0,,,
phase4__shuttle__DBSCAN__seed-0__task-000605__cfg-ae06c9b8,shuttle,DBSCAN,track-a-defaults,0,0.16321199287997618,0.5921557629231297,0.1742002002329559,0.23344947735191637,63.55215195332911,9.0,,,
phase4__shuttle__LOF__seed-42__task-000604__cfg-9f050d26,shuttle,LOF,track-a-defaults,42,0.11338420515227035,0.5997505563902978,0.025554968177597913,0.09547038327526132,180.09714880524157,9.0,,,
phase4__shuttle__LOF__seed-3__task-000603__cfg-f7d95a4b,shuttle,LOF,track-a-defaults,3,0.11619813229313486,0.6190065938369653,0.030810102644201476,0.10034843205574913,5.437570367270125,9.0,,,
phase4__shuttle__LOF__seed-2__task-000602__cfg-430ca935,shuttle,LOF,track-a-defaults,2,0.1136186704865982,0.6062594002658623,0.03981890458695045,0.10871080139372823,248.00405568721746,9.0,,,
phase4__shuttle__LOF__seed-1__task-000601__cfg-a56eeab5,shuttle,LOF,track-a-defaults,1,0.11518814854765688,0.6046580129617286,0.028557902158514236,0.09825783972125436,99.63942132102899,9.0,,,
phase4__shuttle__LOF__seed-0__task-000600__cfg-ce654eed,shuttle,LOF,track-a-defaults,0,0.1237517650732262,0.6247869524121544,0.0533321075010739,0.12125435540069686,63.55215195332911,9.0,,,
phase4__shuttle__IForest__seed-42__task-000599__cfg-40291ac6,shuttle,IForest,track-a-defaults,42,0.9815740898189821,0.9973459699578725,0.9584188693687111,0.9613965370422936,110.18630204141186,9.0,,,
phase4__shuttle__IForest__seed-3__task-000598__cfg-49b50d11,shuttle,IForest,track-a-defaults,3,0.98237999038422,0.9977062518619679,0.9651463178416747,0.9676412148736871,110.18630204141186,9.0,,,
phase4__shuttle__IForest__seed-2__task-000597__cfg-7434f421,shuttle,IForest,track-a-defaults,2,0.9803128487940089,0.9973977779758517,0.9605594211555633,0.963383479988646,110.18630204141186,9.0,,,
phase4__shuttle__IForest__seed-1__task-000596__cfg-cfc1c9b3,shuttle,IForest,track-a-defaults,1,0.9739107991534939,0.996590023997509,0.9315090754768568,0.9364178257167187,110.18630204141186,9.0,,,
phase4__shuttle__IForest__seed-0__task-000595__cfg-aa5da4a2,shuttle,IForest,track-a-defaults,0,0.9774936091488073,0.9969898366939047,0.9489392828840806,0.9525972182798751,110.18630204141186,9.0,,,
phase4__shuttle__OCSVM__seed-42__task-000594__cfg-e35f3ce0,shuttle,OCSVM,track-a-defaults,42,0.42396699226088586,0.7830893500683485,0.4729921313341301,0.510801393728223,180.09714880524157,9.0,,,
phase4__shuttle__OCSVM__seed-3__task-000593__cfg-e44a7f8a,shuttle,OCSVM,track-a-defaults,3,0.42942643642496864,0.8003046684064454,0.4684877303627556,0.5066202090592334,5.437570367270125,9.0,,,
phase4__shuttle__OCSVM__seed-2__task-000592__cfg-81a87f44,shuttle,OCSVM,track-a-defaults,2,0.40994677990790873,0.7803421941547952,0.46623552987706834,0.5045296167247387,248.00405568721746,9.0,,,
phase4__shuttle__OCSVM__seed-1__task-000591__cfg-0af62979,shuttle,OCSVM,track-a-defaults,1,0.43324869028495544,0.797545066672692,0.4737428648293592,0.5114982578397212,99.63942132102899,9.0,,,
phase4__shuttle__OCSVM__seed-0__task-000590__cfg-c867bc5c,shuttle,OCSVM,track-a-defaults,0,0.4339872305241236,0.7920663638999665,0.47449359832458826,0.5121951219512195,63.55215195332911,9.0,,,
phase4__satimage-2__HBOS__seed-42__task-000589__cfg-7f9a3d7b,satimage-2,HBOS,track-a-defaults,42,0.7550084411337856,0.9778289415488044,0.691302923319206,0.6950354609929078,2.3747923259529724,36.0,,,
phase4__satimage-2__HBOS__seed-3__task-000588__cfg-e64cb92d,satimage-2,HBOS,track-a-defaults,3,0.7550084411337856,0.9778289415488044,0.691302923319206,0.6950354609929078,2.3747923259529724,36.0,,,
phase4__satimage-2__HBOS__seed-2__task-000587__cfg-a4221a2e,satimage-2,HBOS,track-a-defaults,2,0.7550084411337856,0.9778289415488044,0.691302923319206,0.6950354609929078,2.3747923259529724,36.0,,,
phase4__satimage-2__HBOS__seed-1__task-000586__cfg-f9a40215,satimage-2,HBOS,track-a-defaults,1,0.7550084411337856,0.9778289415488044,0.691302923319206,0.6950354609929078,2.3747923259529724,36.0,,,
phase4__satimage-2__HBOS__seed-0__task-000585__cfg-f0b99629,satimage-2,HBOS,track-a-defaults,0,0.7550084411337856,0.9778289415488044,0.691302923319206,0.6950354609929078,2.3747923259529724,36.0,,,
phase4__satimage-2__ECOD__seed-42__task-000584__cfg-5f236a57,satimage-2,ECOD,track-a-defaults,42,0.6597101759053016,0.9648771905683928,0.6051477094536117,0.6099290780141844,2.3747923259529724,36.0,,,
phase4__satimage-2__ECOD__seed-3__task-000583__cfg-4c2f13ee,satimage-2,ECOD,track-a-defaults,3,0.6597101759053016,0.9648771905683928,0.6051477094536117,0.6099290780141844,2.3747923259529724,36.0,,,
phase4__satimage-2__ECOD__seed-2__task-000582__cfg-66c4dc22,satimage-2,ECOD,track-a-defaults,2,0.6597101759053016,0.9648771905683928,0.6051477094536117,0.6099290780141844,2.3747923259529724,36.0,,,
phase4__satimage-2__ECOD__seed-1__task-000581__cfg-e54dcf91,satimage-2,ECOD,track-a-defaults,1,0.6597101759053016,0.9648771905683928,0.6051477094536117,0.6099290780141844,2.3747923259529724,36.0,,,
phase4__satimage-2__ECOD__seed-0__task-000580__cfg-06fe0e4a,satimage-2,ECOD,track-a-defaults,0,0.6597101759053016,0.9648771905683928,0.6051477094536117,0.6099290780141844,2.3747923259529724,36.0,,,
phase4__satimage-2__DBSCAN__seed-42__task-000579__cfg-0d3125b1,satimage-2,DBSCAN,track-a-defaults,42,0.33436146733148103,0.7318771315962769,0.3610412701677615,0.36879432624113473,2.3747923259529724,36.0,,,
phase4__satimage-2__DBSCAN__seed-3__task-000578__cfg-a5942e5f,satimage-2,DBSCAN,track-a-defaults,3,0.33436146733148103,0.7318771315962769,0.3610412701677615,0.36879432624113473,2.3747923259529724,36.0,,,
phase4__satimage-2__DBSCAN__seed-2__task-000577__cfg-9914e84f,satimage-2,DBSCAN,track-a-defaults,2,0.33436146733148103,0.7318771315962769,0.3610412701677615,0.36879432624113473,2.3747923259529724,36.0,,,
phase4__satimage-2__DBSCAN__seed-1__task-000576__cfg-6b60d817,satimage-2,DBSCAN,track-a-defaults,1,0.33436146733148103,0.7318771315962769,0.3610412701677615,0.36879432624113473,2.3747923259529724,36.0,,,
phase4__satimage-2__DBSCAN__seed-0__task-000575__cfg-dabbe8a6,satimage-2,DBSCAN,track-a-defaults,0,0.33436146733148103,0.7318771315962769,0.3610412701677615,0.36879432624113473,2.3747923259529724,36.0,,,
phase4__satimage-2__LOF__seed-42__task-000574__cfg-ac55bb2d,satimage-2,LOF,track-a-defaults,42,0.03485408826628529,0.5481335325280363,0.05949802163818176,0.07092198581560284,2.3747923259529724,36.0,,,
phase4__satimage-2__LOF__seed-3__task-000573__cfg-7f879362,satimage-2,LOF,track-a-defaults,3,0.03485408826628529,0.5481335325280363,0.05949802163818176,0.07092198581560284,2.3747923259529724,36.0,,,
phase4__satimage-2__LOF__seed-2__task-000572__cfg-a041a41c,satimage-2,LOF,track-a-defaults,2,0.03485408826628529,0.5481335325280363,0.05949802163818176,0.07092198581560284,2.3747923259529724,36.0,,,
phase4__satimage-2__LOF__seed-1__task-000571__cfg-108ccb39,satimage-2,LOF,track-a-defaults,1,0.03485408826628529,0.5481335325280363,0.05949802163818176,0.07092198581560284,2.3747923259529724,36.0,,,
phase4__satimage-2__LOF__seed-0__task-000570__cfg-2fd86c41,satimage-2,LOF,track-a-defaults,0,0.03485408826628529,0.5481335325280363,0.05949802163818176,0.07092198581560284,2.3747923259529724,36.0,,,
phase4__satimage-2__IForest__seed-42__task-000569__cfg-42bef25b,satimage-2,IForest,track-a-defaults,42,0.9244404587599285,0.9931838062569416,0.8779725533613267,0.8794326241134752,2.3747923259529724,36.0,,,
phase4__satimage-2__IForest__seed-3__task-000568__cfg-6177a41c,satimage-2,IForest,track-a-defaults,3,0.939334057240639,0.9941568461712353,0.9066909579831914,0.9078014184397163,2.3747923259529724,36.0,,,
phase4__satimage-2__IForest__seed-2__task-000567__cfg-ba6be54e,satimage-2,IForest,track-a-defaults,2,0.9371481755458891,0.9941396459707301,0.9066909579831914,0.9078014184397163,2.3747923259529724,36.0,,,
phase4__satimage-2__IForest__seed-1__task-000566__cfg-79307b2a,satimage-2,IForest,track-a-defaults,1,0.9273132853952452,0.9953485743490953,0.8636133510503944,0.8652482269503546,2.3747923259529724,36.0,,,
phase4__satimage-2__IForest__seed-0__task-000565__cfg-4dffdb9a,satimage-2,IForest,track-a-defaults,0,0.912709323738727,0.9935720393540588,0.849254148739462,0.851063829787234,2.3747923259529724,36.0,,,
phase4__satimage-2__OCSVM__seed-42__task-000564__cfg-ec8260a1,satimage-2,OCSVM,track-a-defaults,42,0.911501843662334,0.995599205842171,0.8348949464285297,0.8368794326241135,2.3747923259529724,36.0,,,
phase4__satimage-2__OCSVM__seed-3__task-000563__cfg-26631d53,satimage-2,OCSVM,track-a-defaults,3,0.911501843662334,0.995599205842171,0.8348949464285297,0.8368794326241135,2.3747923259529724,36.0,,,
phase4__satimage-2__OCSVM__seed-2__task-000562__cfg-6fd3e434,satimage-2,OCSVM,track-a-defaults,2,0.911501843662334,0.995599205842171,0.8348949464285297,0.8368794326241135,2.3747923259529724,36.0,,,
phase4__satimage-2__OCSVM__seed-1__task-000561__cfg-41c9c5c4,satimage-2,OCSVM,track-a-defaults,1,0.911501843662334,0.995599205842171,0.8348949464285297,0.8368794326241135,2.3747923259529724,36.0,,,
phase4__satimage-2__OCSVM__seed-0__task-000560__cfg-34bc2075,satimage-2,OCSVM,track-a-defaults,0,0.911501843662334,0.995599205842171,0.8348949464285297,0.8368794326241135,2.3747923259529724,36.0,,,
phase4__satellite__HBOS__seed-42__task-000559__cfg-a067646d,satellite,HBOS,track-a-defaults,42,0.6816244036705184,0.7495856577512927,0.375473139685625,0.572972972972973,2.4326234312012662,36.0,,,
phase4__satellite__HBOS__seed-3__task-000558__cfg-1fb3ff2e,satellite,HBOS,track-a-defaults,3,0.6816244036705184,0.7495856577512927,0.375473139685625,0.572972972972973,2.4326234312012662,36.0,,,
phase4__satellite__HBOS__seed-2__task-000557__cfg-916d2fb7,satellite,HBOS,track-a-defaults,2,0.6816244036705184,0.7495856577512927,0.375473139685625,0.572972972972973,2.4326234312012662,36.0,,,
phase4__satellite__HBOS__seed-1__task-000556__cfg-b2cfe781,satellite,HBOS,track-a-defaults,1,0.6816244036705184,0.7495856577512927,0.375473139685625,0.572972972972973,2.4326234312012662,36.0,,,
phase4__satellite__HBOS__seed-0__task-000555__cfg-e5790ef8,satellite,HBOS,track-a-defaults,0,0.6816244036705184,0.7495856577512927,0.375473139685625,0.572972972972973,2.4326234312012662,36.0,,,
phase4__satellite__ECOD__seed-42__task-000554__cfg-e5bd22ca,satellite,ECOD,track-a-defaults,42,0.5261240658997652,0.5829611212764465,0.19508613536046535,0.44963144963144963,2.4326234312012662,36.0,,,
phase4__satellite__ECOD__seed-3__task-000553__cfg-a5d4ce8e,satellite,ECOD,track-a-defaults,3,0.5261240658997652,0.5829611212764465,0.19508613536046535,0.44963144963144963,2.4326234312012662,36.0,,,
phase4__satellite__ECOD__seed-2__task-000552__cfg-bf0939e1,satellite,ECOD,track-a-defaults,2,0.5261240658997652,0.5829611212764465,0.19508613536046535,0.44963144963144963,2.4326234312012662,36.0,,,
phase4__satellite__ECOD__seed-1__task-000551__cfg-fb80c5c9,satellite,ECOD,track-a-defaults,1,0.5261240658997652,0.5829611212764465,0.19508613536046535,0.44963144963144963,2.4326234312012662,36.0,,,
phase4__satellite__ECOD__seed-0__task-000550__cfg-8610df34,satellite,ECOD,track-a-defaults,0,0.5261240658997652,0.5829611212764465,0.19508613536046535,0.44963144963144963,2.4326234312012662,36.0,,,
phase4__satellite__DBSCAN__seed-42__task-000549__cfg-5d285e46,satellite,DBSCAN,track-a-defaults,42,0.4573042306710686,0.5839628670741832,0.10812666315590631,0.39017199017199017,2.4326234312012662,36.0,,,
phase4__satellite__DBSCAN__seed-3__task-000548__cfg-6c3663b5,satellite,DBSCAN,track-a-defaults,3,0.4573042306710686,0.5839628670741832,0.10812666315590631,0.39017199017199017,2.4326234312012662,36.0,,,
phase4__satellite__DBSCAN__seed-2__task-000547__cfg-45da12a5,satellite,DBSCAN,track-a-defaults,2,0.4573042306710686,0.5839628670741832,0.10812666315590631,0.39017199017199017,2.4326234312012662,36.0,,,
phase4__satellite__DBSCAN__seed-1__task-000546__cfg-669e959b,satellite,DBSCAN,track-a-defaults,1,0.4573042306710686,0.5839628670741832,0.10812666315590631,0.39017199017199017,2.4326234312012662,36.0,,,
phase4__satellite__DBSCAN__seed-0__task-000545__cfg-fb25b15e,satellite,DBSCAN,track-a-defaults,0,0.4573042306710686,0.5839628670741832,0.10812666315590631,0.39017199017199017,2.4326234312012662,36.0,,,
phase4__satellite__LOF__seed-42__task-000544__cfg-cd4e7314,satellite,LOF,track-a-defaults,42,0.3803630644804611,0.5483677304763406,0.08225442349173999,0.3724815724815725,2.4326234312012662,36.0,,,
phase4__satellite__LOF__seed-3__task-000543__cfg-4eebf492,satellite,LOF,track-a-defaults,3,0.3803630644804611,0.5483677304763406,0.08225442349173999,0.3724815724815725,2.4326234312012662,36.0,,,
phase4__satellite__LOF__seed-2__task-000542__cfg-9bcd2636,satellite,LOF,track-a-defaults,2,0.3803630644804611,0.5483677304763406,0.08225442349173999,0.3724815724815725,2.4326234312012662,36.0,,,
phase4__satellite__LOF__seed-1__task-000541__cfg-4493c510,satellite,LOF,track-a-defaults,1,0.3803630644804611,0.5483677304763406,0.08225442349173999,0.3724815724815725,2.4326234312012662,36.0,,,
phase4__satellite__LOF__seed-0__task-000540__cfg-dd936059,satellite,LOF,track-a-defaults,0,0.3803630644804611,0.5483677304763406,0.08225442349173999,0.3724815724815725,2.4326234312012662,36.0,,,
phase4__satellite__IForest__seed-42__task-000539__cfg-f7900d55,satellite,IForest,track-a-defaults,42,0.6746992108751617,0.706188359472661,0.40134537934979136,0.5906633906633907,2.4326234312012662,36.0,,,
phase4__satellite__IForest__seed-3__task-000538__cfg-7577b9f2,satellite,IForest,track-a-defaults,3,0.654998919438973,0.6876682323317811,0.3668490597975696,0.567076167076167,2.4326234312012662,36.0,,,
phase4__satellite__IForest__seed-2__task-000537__cfg-25697223,satellite,IForest,track-a-defaults,2,0.6644205260710849,0.7087140495853005,0.38625323954569435,0.5803439803439804,2.4326234312012662,36.0,,,
phase4__satellite__IForest__seed-1__task-000536__cfg-1853c282,satellite,IForest,track-a-defaults,1,0.6623979377499488,0.6969444296815092,0.3704424264175927,0.5695331695331696,2.4326234312012662,36.0,,,
phase4__satellite__IForest__seed-0__task-000535__cfg-7cc760fa,satellite,IForest,track-a-defaults,0,0.6403791801793419,0.668364193326667,0.34888222669745406,0.5547911547911548,2.4326234312012662,36.0,,,
phase4__satellite__OCSVM__seed-42__task-000534__cfg-0ba6a76f,satellite,OCSVM,track-a-defaults,42,0.47098748503888943,0.5498649898552582,0.18718072879641454,0.4442260442260442,2.4326234312012662,36.0,,,
phase4__satellite__OCSVM__seed-3__task-000533__cfg-cd5d10d1,satellite,OCSVM,track-a-defaults,3,0.47098748503888943,0.5498649898552582,0.18718072879641454,0.4442260442260442,2.4326234312012662,36.0,,,
phase4__satellite__OCSVM__seed-2__task-000532__cfg-fe36cae5,satellite,OCSVM,track-a-defaults,2,0.47098748503888943,0.5498649898552582,0.18718072879641454,0.4442260442260442,2.4326234312012662,36.0,,,
phase4__satellite__OCSVM__seed-1__task-000531__cfg-01140c1c,satellite,OCSVM,track-a-defaults,1,0.47098748503888943,0.5498649898552582,0.18718072879641454,0.4442260442260442,2.4326234312012662,36.0,,,
phase4__satellite__OCSVM__seed-0__task-000530__cfg-3c6f1942,satellite,OCSVM,track-a-defaults,0,0.47098748503888943,0.5498649898552582,0.18718072879641454,0.4442260442260442,2.4326234312012662,36.0,,,
phase4__pima__HBOS__seed-42__task-000529__cfg-0f9d8987,pima,HBOS,track-a-defaults,42,0.5688236295473943,0.7046231343283582,0.2927925151216647,0.5400372439478585,2.615846188558707,8.0,,,
phase4__pima__HBOS__seed-3__task-000528__cfg-83e77aab,pima,HBOS,track-a-defaults,3,0.5688236295473943,0.7046231343283582,0.2927925151216647,0.5400372439478585,2.615846188558707,8.0,,,
phase4__pima__HBOS__seed-2__task-000527__cfg-6ab99acb,pima,HBOS,track-a-defaults,2,0.5688236295473943,0.7046231343283582,0.2927925151216647,0.5400372439478585,2.615846188558707,8.0,,,
phase4__pima__HBOS__seed-1__task-000526__cfg-0dc8abac,pima,HBOS,track-a-defaults,1,0.5688236295473943,0.7046231343283582,0.2927925151216647,0.5400372439478585,2.615846188558707,8.0,,,
phase4__pima__HBOS__seed-0__task-000525__cfg-5671666c,pima,HBOS,track-a-defaults,0,0.5688236295473943,0.7046231343283582,0.2927925151216647,0.5400372439478585,2.615846188558707,8.0,,,
phase4__pima__ECOD__seed-42__task-000524__cfg-74232587,pima,ECOD,track-a-defaults,42,0.46417095059441604,0.5943955223880597,0.16108509464929316,0.4543761638733706,2.615846188558707,8.0,,,
phase4__pima__ECOD__seed-3__task-000523__cfg-a0a70a05,pima,ECOD,track-a-defaults,3,0.46417095059441604,0.5943955223880597,0.16108509464929316,0.4543761638733706,2.615846188558707,8.0,,,
phase4__pima__ECOD__seed-2__task-000522__cfg-0bc2225e,pima,ECOD,track-a-defaults,2,0.46417095059441604,0.5943955223880597,0.16108509464929316,0.4543761638733706,2.615846188558707,8.0,,,
phase4__pima__ECOD__seed-1__task-000521__cfg-81601bbe,pima,ECOD,track-a-defaults,1,0.46417095059441604,0.5943955223880597,0.16108509464929316,0.4543761638733706,2.615846188558707,8.0,,,
phase4__pima__ECOD__seed-0__task-000520__cfg-b78151b6,pima,ECOD,track-a-defaults,0,0.46417095059441604,0.5943955223880597,0.16108509464929316,0.4543761638733706,2.615846188558707,8.0,,,
phase4__pima__DBSCAN__seed-42__task-000519__cfg-dd96b626,pima,DBSCAN,track-a-defaults,42,0.37441816216865875,0.5262910447761193,0.07518895086296391,0.3985102420856611,2.615846188558707,8.0,,,
phase4__pima__DBSCAN__seed-3__task-000518__cfg-e9e00a91,pima,DBSCAN,track-a-defaults,3,0.37441816216865875,0.5262910447761193,0.07518895086296391,0.3985102420856611,2.615846188558707,8.0,,,
phase4__pima__DBSCAN__seed-2__task-000517__cfg-39708864,pima,DBSCAN,track-a-defaults,2,0.37441816216865875,0.5262910447761193,0.07518895086296391,0.3985102420856611,2.615846188558707,8.0,,,
phase4__pima__DBSCAN__seed-1__task-000516__cfg-e38195b1,pima,DBSCAN,track-a-defaults,1,0.37441816216865875,0.5262910447761193,0.07518895086296391,0.3985102420856611,2.615846188558707,8.0,,,
phase4__pima__DBSCAN__seed-0__task-000515__cfg-f195b3f9,pima,DBSCAN,track-a-defaults,0,0.37441816216865875,0.5262910447761193,0.07518895086296391,0.3985102420856611,2.615846188558707,8.0,,,
phase4__pima__LOF__seed-42__task-000514__cfg-fe596361,pima,LOF,track-a-defaults,42,0.4186948335369789,0.6118656716417912,0.1496322754777826,0.44692737430167595,2.615846188558707,8.0,,,
phase4__pima__LOF__seed-3__task-000513__cfg-e6175b3c,pima,LOF,track-a-defaults,3,0.4186948335369789,0.6118656716417912,0.1496322754777826,0.44692737430167595,2.615846188558707,8.0,,,
phase4__pima__LOF__seed-2__task-000512__cfg-d1636428,pima,LOF,track-a-defaults,2,0.4186948335369789,0.6118656716417912,0.1496322754777826,0.44692737430167595,2.615846188558707,8.0,,,
phase4__pima__LOF__seed-1__task-000511__cfg-e5d7f581,pima,LOF,track-a-defaults,1,0.4186948335369789,0.6118656716417912,0.1496322754777826,0.44692737430167595,2.615846188558707,8.0,,,
phase4__pima__LOF__seed-0__task-000510__cfg-41fdc0d6,pima,LOF,track-a-defaults,0,0.4186948335369789,0.6118656716417912,0.1496322754777826,0.44692737430167595,2.615846188558707,8.0,,,
phase4__pima__IForest__seed-42__task-000509__cfg-a480f264,pima,IForest,track-a-defaults,42,0.5026134493529008,0.6725671641791044,0.258434057607133,0.5176908752327747,2.615846188558707,8.0,,,
phase4__pima__IForest__seed-3__task-000508__cfg-4fbdf935,pima,IForest,track-a-defaults,3,0.5061021039922484,0.676455223880597,0.2813396959501541,0.5325884543761639,2.615846188558707,8.0,,,
phase4__pima__IForest__seed-2__task-000507__cfg-5f3abb2a,pima,IForest,track-a-defaults,2,0.5101225716064234,0.6722089552238806,0.25270764802137774,0.5139664804469274,2.615846188558707,8.0,,,
phase4__pima__IForest__seed-1__task-000506__cfg-9e242a20,pima,IForest,track-a-defaults,1,0.4974364352260362,0.6699776119402985,0.23552841926411186,0.5027932960893855,2.615846188558707,8.0,,,
phase4__pima__IForest__seed-0__task-000505__cfg-ac460b07,pima,IForest,track-a-defaults,0,0.5015887898433247,0.6696641791044775,0.2698868767786436,0.5251396648044693,2.615846188558707,8.0,,,
phase4__pima__OCSVM__seed-42__task-000504__cfg-84cdee29,pima,OCSVM,track-a-defaults,42,0.3884084643474277,0.49319402985074623,0.02937767417692164,0.3687150837988827,2.615846188558707,8.0,,,
phase4__pima__OCSVM__seed-3__task-000503__cfg-82ed70b6,pima,OCSVM,track-a-defaults,3,0.3884084643474277,0.49319402985074623,0.02937767417692164,0.3687150837988827,2.615846188558707,8.0,,,
phase4__pima__OCSVM__seed-2__task-000502__cfg-2b3fe845,pima,OCSVM,track-a-defaults,2,0.3884084643474277,0.49319402985074623,0.02937767417692164,0.3687150837988827,2.615846188558707,8.0,,,
phase4__pima__OCSVM__seed-1__task-000501__cfg-fdf2f575,pima,OCSVM,track-a-defaults,1,0.3884084643474277,0.49319402985074623,0.02937767417692164,0.3687150837988827,2.615846188558707,8.0,,,
phase4__pima__OCSVM__seed-0__task-000500__cfg-0fcb19a7,pima,OCSVM,track-a-defaults,0,0.3884084643474277,0.49319402985074623,0.02937767417692164,0.3687150837988827,2.615846188558707,8.0,,,
phase4__pendigits__HBOS__seed-42__task-000499__cfg-cd7fd21a,pendigits,HBOS,track-a-defaults,42,0.24344694761848645,0.9237929928278453,0.2884642736041836,0.3047619047619048,1.5352091346592123,16.0,,,
phase4__pendigits__HBOS__seed-3__task-000498__cfg-5391e060,pendigits,HBOS,track-a-defaults,3,0.24344694761848645,0.9237929928278453,0.2884642736041836,0.3047619047619048,1.5352091346592123,16.0,,,
phase4__pendigits__HBOS__seed-2__task-000497__cfg-1842a168,pendigits,HBOS,track-a-defaults,2,0.24344694761848645,0.9237929928278453,0.2884642736041836,0.3047619047619048,1.5352091346592123,16.0,,,
phase4__pendigits__HBOS__seed-1__task-000496__cfg-c5fc53c7,pendigits,HBOS,track-a-defaults,1,0.24344694761848645,0.9237929928278453,0.2884642736041836,0.3047619047619048,1.5352091346592123,16.0,,,
phase4__pendigits__HBOS__seed-0__task-000495__cfg-9b97b350,pendigits,HBOS,track-a-defaults,0,0.24344694761848645,0.9237929928278453,0.2884642736041836,0.3047619047619048,1.5352091346592123,16.0,,,
phase4__pendigits__ECOD__seed-42__task-000494__cfg-599b8700,pendigits,ECOD,track-a-defaults,42,0.26564018387312244,0.9274459033172169,0.34045208980483527,0.35555555555555557,1.5352091346592123,16.0,,,
phase4__pendigits__ECOD__seed-3__task-000493__cfg-d27f5666,pendigits,ECOD,track-a-defaults,3,0.26564018387312244,0.9274459033172169,0.34045208980483527,0.35555555555555557,1.5352091346592123,16.0,,,
phase4__pendigits__ECOD__seed-2__task-000492__cfg-325e1b19,pendigits,ECOD,track-a-defaults,2,0.26564018387312244,0.9274459033172169,0.34045208980483527,0.35555555555555557,1.5352091346592123,16.0,,,
phase4__pendigits__ECOD__seed-1__task-000491__cfg-40d8b4cd,pendigits,ECOD,track-a-defaults,1,0.26564018387312244,0.9274459033172169,0.34045208980483527,0.35555555555555557,1.5352091346592123,16.0,,,
phase4__pendigits__ECOD__seed-0__task-000490__cfg-7e3ce2b5,pendigits,ECOD,track-a-defaults,0,0.26564018387312244,0.9274459033172169,0.34045208980483527,0.35555555555555557,1.5352091346592123,16.0,,,
phase4__pendigits__DBSCAN__seed-42__task-000489__cfg-178c914d,pendigits,DBSCAN,track-a-defaults,42,0.062995608526565,0.5531877515791724,0.048020623676169626,0.06984126984126984,1.5352091346592123,16.0,,,
phase4__pendigits__DBSCAN__seed-3__task-000488__cfg-0d0fd3f4,pendigits,DBSCAN,track-a-defaults,3,0.062995608526565,0.5531877515791724,0.048020623676169626,0.06984126984126984,1.5352091346592123,16.0,,,
phase4__pendigits__DBSCAN__seed-2__task-000487__cfg-4e73e937,pendigits,DBSCAN,track-a-defaults,2,0.062995608526565,0.5531877515791724,0.048020623676169626,0.06984126984126984,1.5352091346592123,16.0,,,
phase4__pendigits__DBSCAN__seed-1__task-000486__cfg-fb41b10a,pendigits,DBSCAN,track-a-defaults,1,0.062995608526565,0.5531877515791724,0.048020623676169626,0.06984126984126984,1.5352091346592123,16.0,,,
phase4__pendigits__DBSCAN__seed-0__task-000485__cfg-cb675731,pendigits,DBSCAN,track-a-defaults,0,0.062995608526565,0.5531877515791724,0.048020623676169626,0.06984126984126984,1.5352091346592123,16.0,,,
phase4__pendigits__LOF__seed-42__task-000484__cfg-fc65d637,pendigits,LOF,track-a-defaults,42,0.042409480215576605,0.5069592432192969,0.054519100701251086,0.0761904761904762,1.5352091346592123,16.0,,,
phase4__pendigits__LOF__seed-3__task-000483__cfg-d19fe22e,pendigits,LOF,track-a-defaults,3,0.042409480215576605,0.5069592432192969,0.054519100701251086,0.0761904761904762,1.5352091346592123,16.0,,,
phase4__pendigits__LOF__seed-2__task-000482__cfg-47e93c46,pendigits,LOF,track-a-defaults,2,0.042409480215576605,0.5069592432192969,0.054519100701251086,0.0761904761904762,1.5352091346592123,16.0,,,
phase4__pendigits__LOF__seed-1__task-000481__cfg-abbb31c7,pendigits,LOF,track-a-defaults,1,0.042409480215576605,0.5069592432192969,0.054519100701251086,0.0761904761904762,1.5352091346592123,16.0,,,
phase4__pendigits__LOF__seed-0__task-000480__cfg-d74ca8f3,pendigits,LOF,track-a-defaults,0,0.042409480215576605,0.5069592432192969,0.054519100701251086,0.0761904761904762,1.5352091346592123,16.0,,,
phase4__pendigits__IForest__seed-42__task-000479__cfg-44fe9ed7,pendigits,IForest,track-a-defaults,42,0.22917839681344865,0.9385077488294646,0.3014612276543465,0.31746031746031744,1.5352091346592123,16.0,,,
phase4__pendigits__IForest__seed-3__task-000478__cfg-8a318c21,pendigits,IForest,track-a-defaults,3,0.24089143040633867,0.9391684425196489,0.32745513575467233,0.34285714285714286,1.5352091346592123,16.0,,,
phase4__pendigits__IForest__seed-2__task-000477__cfg-ee36fd27,pendigits,IForest,track-a-defaults,2,0.2568468588088035,0.9465611466281707,0.30795970467942796,0.3238095238095238,1.5352091346592123,16.0,,,
phase4__pendigits__IForest__seed-1__task-000476__cfg-03d91acd,pendigits,IForest,track-a-defaults,1,0.3182004502655278,0.9509473125424868,0.3534490438549982,0.3682539682539683,1.5352091346592123,16.0,,,
phase4__pendigits__IForest__seed-0__task-000475__cfg-6abf9df3,pendigits,IForest,track-a-defaults,0,0.2902766065965062,0.9571093314390903,0.35994752088007964,0.3746031746031746,1.5352091346592123,16.0,,,
phase4__pendigits__OCSVM__seed-42__task-000474__cfg-00a0897d,pendigits,OCSVM,track-a-defaults,42,0.1143017549743488,0.8550092420735852,0.13899930202731003,0.15873015873015872,1.5352091346592123,16.0,,,
phase4__pendigits__OCSVM__seed-3__task-000473__cfg-67b1969b,pendigits,OCSVM,track-a-defaults,3,0.1143017549743488,0.8550092420735852,0.13899930202731003,0.15873015873015872,1.5352091346592123,16.0,,,
phase4__pendigits__OCSVM__seed-2__task-000472__cfg-596f8c09,pendigits,OCSVM,track-a-defaults,2,0.1143017549743488,0.8550092420735852,0.13899930202731003,0.15873015873015872,1.5352091346592123,16.0,,,
phase4__pendigits__OCSVM__seed-1__task-000471__cfg-7329d9ee,pendigits,OCSVM,track-a-defaults,1,0.1143017549743488,0.8550092420735852,0.13899930202731003,0.15873015873015872,1.5352091346592123,16.0,,,
phase4__pendigits__OCSVM__seed-0__task-000470__cfg-539ec3b2,pendigits,OCSVM,track-a-defaults,0,0.1143017549743488,0.8550092420735852,0.13899930202731003,0.15873015873015872,1.5352091346592123,16.0,,,
phase4__optdigits__HBOS__seed-42__task-000469__cfg-686bd277,optdigits,HBOS,track-a-defaults,42,0.17798137134479844,0.8620647453612317,0.20889170137110624,0.23178807947019867,2.780299708719368,64.0,,,
phase4__optdigits__HBOS__seed-3__task-000468__cfg-d4f65d79,optdigits,HBOS,track-a-defaults,3,0.17798137134479844,0.8620647453612317,0.20889170137110624,0.23178807947019867,2.780299708719368,64.0,,,
phase4__optdigits__HBOS__seed-2__task-000467__cfg-9a53e687,optdigits,HBOS,track-a-defaults,2,0.17798137134479844,0.8620647453612317,0.20889170137110624,0.23178807947019867,2.780299708719368,64.0,,,
phase4__optdigits__HBOS__seed-1__task-000466__cfg-9a05594b,optdigits,HBOS,track-a-defaults,1,0.17798137134479844,0.8620647453612317,0.20889170137110624,0.23178807947019867,2.780299708719368,64.0,,,
phase4__optdigits__HBOS__seed-0__task-000465__cfg-16b4ae7f,optdigits,HBOS,track-a-defaults,0,0.17798137134479844,0.8620647453612317,0.20889170137110624,0.23178807947019867,2.780299708719368,64.0,,,
phase4__optdigits__ECOD__seed-42__task-000464__cfg-83bc493a,optdigits,ECOD,track-a-defaults,42,0.03372281865520045,0.6045163837347021,-0.022991685508948,0.006622516556291391,2.780299708719368,64.0,,,
phase4__optdigits__ECOD__seed-3__task-000463__cfg-943cb505,optdigits,ECOD,track-a-defaults,3,0.03372281865520045,0.6045163837347021,-0.022991685508948,0.006622516556291391,2.780299708719368,64.0,,,
phase4__optdigits__ECOD__seed-2__task-000462__cfg-a020ba97,optdigits,ECOD,track-a-defaults,2,0.03372281865520045,0.6045163837347021,-0.022991685508948,0.006622516556291391,2.780299708719368,64.0,,,
phase4__optdigits__ECOD__seed-1__task-000461__cfg-5e34c6bd,optdigits,ECOD,track-a-defaults,1,0.03372281865520045,0.6045163837347021,-0.022991685508948,0.006622516556291391,2.780299708719368,64.0,,,
phase4__optdigits__ECOD__seed-0__task-000460__cfg-56b5be8d,optdigits,ECOD,track-a-defaults,0,0.03372281865520045,0.6045163837347021,-0.022991685508948,0.006622516556291391,2.780299708719368,64.0,,,
phase4__optdigits__DBSCAN__seed-42__task-000459__cfg-e672d7f7,optdigits,DBSCAN,track-a-defaults,42,0.033026523412671496,0.551177786550862,-0.022991685508948,0.006622516556291391,2.780299708719368,64.0,,,
phase4__optdigits__DBSCAN__seed-3__task-000458__cfg-8217a072,optdigits,DBSCAN,track-a-defaults,3,0.033026523412671496,0.551177786550862,-0.022991685508948,0.006622516556291391,2.780299708719368,64.0,,,
phase4__optdigits__DBSCAN__seed-2__task-000457__cfg-c186302f,optdigits,DBSCAN,track-a-defaults,2,0.033026523412671496,0.551177786550862,-0.022991685508948,0.006622516556291391,2.780299708719368,64.0,,,
phase4__optdigits__DBSCAN__seed-1__task-000456__cfg-0c7ce355,optdigits,DBSCAN,track-a-defaults,1,0.033026523412671496,0.551177786550862,-0.022991685508948,0.006622516556291391,2.780299708719368,64.0,,,
phase4__optdigits__DBSCAN__seed-0__task-000455__cfg-94f922ab,optdigits,DBSCAN,track-a-defaults,0,0.033026523412671496,0.551177786550862,-0.022991685508948,0.006622516556291391,2.780299708719368,64.0,,,
phase4__optdigits__LOF__seed-42__task-000454__cfg-9b81a905,optdigits,LOF,track-a-defaults,42,0.028660854991571467,0.48246611396236344,0.004288712947528971,0.033112582781456956,2.780299708719368,64.0,,,
phase4__optdigits__LOF__seed-3__task-000453__cfg-ccb2fd19,optdigits,LOF,track-a-defaults,3,0.028660854991571467,0.48246611396236344,0.004288712947528971,0.033112582781456956,2.780299708719368,64.0,,,
phase4__optdigits__LOF__seed-2__task-000452__cfg-438989c6,optdigits,LOF,track-a-defaults,2,0.028660854991571467,0.48246611396236344,0.004288712947528971,0.033112582781456956,2.780299708719368,64.0,,,
phase4__optdigits__LOF__seed-1__task-000451__cfg-1a9ddc14,optdigits,LOF,track-a-defaults,1,0.028660854991571467,0.48246611396236344,0.004288712947528971,0.033112582781456956,2.780299708719368,64.0,,,
phase4__optdigits__LOF__seed-0__task-000450__cfg-ecbbf622,optdigits,LOF,track-a-defaults,0,0.028660854991571467,0.48246611396236344,0.004288712947528971,0.033112582781456956,2.780299708719368,64.0,,,
phase4__optdigits__IForest__seed-42__task-000449__cfg-e9801f88,optdigits,IForest,track-a-defaults,42,0.0532833092222281,0.7441136991709436,-0.016171585894828755,0.013245033112582781,2.780299708719368,64.0,,,
phase4__optdigits__IForest__seed-3__task-000448__cfg-1a653f5e,optdigits,IForest,track-a-defaults,3,0.06457996613836145,0.7612672720094749,0.03838921101812518,0.06622516556291391,2.780299708719368,64.0,,,
phase4__optdigits__IForest__seed-2__task-000447__cfg-992d0911,optdigits,IForest,track-a-defaults,2,0.044228323769222304,0.6816528490590867,-0.009351486280709514,0.019867549668874173,2.780299708719368,64.0,,,
phase4__optdigits__IForest__seed-1__task-000446__cfg-f4d3383d,optdigits,IForest,track-a-defaults,1,0.040934008389535356,0.6711948940650085,-0.002531386666590271,0.026490066225165563,2.780299708719368,64.0,,,
phase4__optdigits__IForest__seed-0__task-000445__cfg-a183058c,optdigits,IForest,track-a-defaults,0,0.06874639110086066,0.7837439136728518,0.011108812561648215,0.039735099337748346,2.780299708719368,64.0,,,
phase4__optdigits__OCSVM__seed-42__task-000444__cfg-fd1c674e,optdigits,OCSVM,track-a-defaults,42,0.01959059289581881,0.3328793262271351,-0.022991685508948,0.006622516556291391,2.780299708719368,64.0,,,
phase4__optdigits__OCSVM__seed-3__task-000443__cfg-af56d267,optdigits,OCSVM,track-a-defaults,3,0.01959059289581881,0.3328793262271351,-0.022991685508948,0.006622516556291391,2.780299708719368,64.0,,,
phase4__optdigits__OCSVM__seed-2__task-000442__cfg-3f30350f,optdigits,OCSVM,track-a-defaults,2,0.01959059289581881,0.3328793262271351,-0.022991685508948,0.006622516556291391,2.780299708719368,64.0,,,
phase4__optdigits__OCSVM__seed-1__task-000441__cfg-ee9505b1,optdigits,OCSVM,track-a-defaults,1,0.01959059289581881,0.3328793262271351,-0.022991685508948,0.006622516556291391,2.780299708719368,64.0,,,
phase4__optdigits__OCSVM__seed-0__task-000440__cfg-40550627,optdigits,OCSVM,track-a-defaults,0,0.01959059289581881,0.3328793262271351,-0.022991685508948,0.006622516556291391,2.780299708719368,64.0,,,
phase4__musk__HBOS__seed-42__task-000439__cfg-c8f1764c,musk,HBOS,track-a-defaults,42,0.9926073883161511,0.9996279619617183,0.9735293418690546,0.9743589743589743,9.264542201500916,166.0,,,
phase4__musk__HBOS__seed-3__task-000438__cfg-1af425ef,musk,HBOS,track-a-defaults,3,0.9926073883161511,0.9996279619617183,0.9735293418690546,0.9743589743589743,9.264542201500916,166.0,,,
phase4__musk__HBOS__seed-2__task-000437__cfg-311406c6,musk,HBOS,track-a-defaults,2,0.9926073883161511,0.9996279619617183,0.9735293418690546,0.9743589743589743,9.264542201500916,166.0,,,
phase4__musk__HBOS__seed-1__task-000436__cfg-1fd0fb44,musk,HBOS,track-a-defaults,1,0.9926073883161511,0.9996279619617183,0.9735293418690546,0.9743589743589743,9.264542201500916,166.0,,,
phase4__musk__HBOS__seed-0__task-000435__cfg-2fb78907,musk,HBOS,track-a-defaults,0,0.9926073883161511,0.9996279619617183,0.9735293418690546,0.9743589743589743,9.264542201500916,166.0,,,
phase4__musk__ECOD__seed-42__task-000434__cfg-11032c10,musk,ECOD,track-a-defaults,42,0.49175583613194596,0.9559430468872239,0.4862111046525104,0.5025641025641026,9.264542201500916,166.0,,,
phase4__musk__ECOD__seed-3__task-000433__cfg-5c7b4b87,musk,ECOD,track-a-defaults,3,0.49175583613194596,0.9559430468872239,0.4862111046525104,0.5025641025641026,9.264542201500916,166.0,,,
phase4__musk__ECOD__seed-2__task-000432__cfg-50ec5fe0,musk,ECOD,track-a-defaults,2,0.49175583613194596,0.9559430468872239,0.4862111046525104,0.5025641025641026,9.264542201500916,166.0,,,
phase4__musk__ECOD__seed-1__task-000431__cfg-b3308c28,musk,ECOD,track-a-defaults,1,0.49175583613194596,0.9559430468872239,0.4862111046525104,0.5025641025641026,9.264542201500916,166.0,,,
phase4__musk__ECOD__seed-0__task-000430__cfg-44fe3f7f,musk,ECOD,track-a-defaults,0,0.49175583613194596,0.9559430468872239,0.4862111046525104,0.5025641025641026,9.264542201500916,166.0,,,
phase4__musk__DBSCAN__seed-42__task-000429__cfg-66226177,musk,DBSCAN,track-a-defaults,42,0.1158461286029971,0.6186610107612872,0.07304999049065768,0.10256410256410256,9.264542201500916,166.0,,,
phase4__musk__DBSCAN__seed-3__task-000428__cfg-e364362c,musk,DBSCAN,track-a-defaults,3,0.1158461286029971,0.6186610107612872,0.07304999049065768,0.10256410256410256,9.264542201500916,166.0,,,
phase4__musk__DBSCAN__seed-2__task-000427__cfg-35b3dbdb,musk,DBSCAN,track-a-defaults,2,0.1158461286029971,0.6186610107612872,0.07304999049065768,0.10256410256410256,9.264542201500916,166.0,,,
phase4__musk__DBSCAN__seed-1__task-000426__cfg-5373d629,musk,DBSCAN,track-a-defaults,1,0.1158461286029971,0.6186610107612872,0.07304999049065768,0.10256410256410256,9.264542201500916,166.0,,,
phase4__musk__DBSCAN__seed-0__task-000425__cfg-6b2112f1,musk,DBSCAN,track-a-defaults,0,0.1158461286029971,0.6186610107612872,0.07304999049065768,0.10256410256410256,9.264542201500916,166.0,,,
phase4__musk__LOF__seed-42__task-000424__cfg-bc490d67,musk,LOF,track-a-defaults,42,0.13274429462222187,0.6188904921680778,0.18958261243374433,0.2153846153846154,9.264542201500916,166.0,,,
phase4__musk__LOF__seed-3__task-000423__cfg-ceef00eb,musk,LOF,track-a-defaults,3,0.13274429462222187,0.6188904921680778,0.18958261243374433,0.2153846153846154,9.264542201500916,166.0,,,
phase4__musk__LOF__seed-2__task-000422__cfg-979922ee,musk,LOF,track-a-defaults,2,0.13274429462222187,0.6188904921680778,0.18958261243374433,0.2153846153846154,9.264542201500916,166.0,,,
phase4__musk__LOF__seed-1__task-000421__cfg-63dbb1e9,musk,LOF,track-a-defaults,1,0.13274429462222187,0.6188904921680778,0.18958261243374433,0.2153846153846154,9.264542201500916,166.0,,,
phase4__musk__LOF__seed-0__task-000420__cfg-381997b1,musk,LOF,track-a-defaults,0,0.13274429462222187,0.6188904921680778,0.18958261243374433,0.2153846153846154,9.264542201500916,166.0,,,
phase4__musk__IForest__seed-42__task-000419__cfg-45102ceb,musk,IForest,track-a-defaults,42,0.9995748299319727,0.999986092035952,0.9947170913132521,0.9948717948717949,9.264542201500916,166.0,,,
phase4__musk__IForest__seed-3__task-000418__cfg-7b5c2c79,musk,IForest,track-a-defaults,3,0.9993610007241421,0.9999791380539281,0.9841232165911534,0.9846153846153847,9.264542201500916,166.0,,,
phase4__musk__IForest__seed-2__task-000417__cfg-b45965bc,musk,IForest,track-a-defaults,2,0.9993751952514837,0.9999791380539281,0.9841232165911534,0.9846153846153847,9.264542201500916,166.0,,,
phase4__musk__IForest__seed-1__task-000416__cfg-651689a2,musk,IForest,track-a-defaults,1,0.9989391759953778,0.9999652300898803,0.9841232165911534,0.9846153846153847,9.264542201500916,166.0,,,
phase4__musk__IForest__seed-0__task-000415__cfg-dfe8a50f,musk,IForest,track-a-defaults,0,1.0,1.0,0.9947170913132521,0.9948717948717949,9.264542201500916,166.0,,,
phase4__musk__OCSVM__seed-42__task-000414__cfg-0ba49505,musk,OCSVM,track-a-defaults,42,0.28288012498975723,0.917581405052068,0.15780098826744798,0.18461538461538463,9.264542201500916,166.0,,,
phase4__musk__OCSVM__seed-3__task-000413__cfg-dc1ddfba,musk,OCSVM,track-a-defaults,3,0.28288012498975723,0.917581405052068,0.15780098826744798,0.18461538461538463,9.264542201500916,166.0,,,
phase4__musk__OCSVM__seed-2__task-000412__cfg-61521029,musk,OCSVM,track-a-defaults,2,0.28288012498975723,0.917581405052068,0.15780098826744798,0.18461538461538463,9.264542201500916,166.0,,,
phase4__musk__OCSVM__seed-1__task-000411__cfg-17a5bdca,musk,OCSVM,track-a-defaults,1,0.28288012498975723,0.917581405052068,0.15780098826744798,0.18461538461538463,9.264542201500916,166.0,,,
phase4__musk__OCSVM__seed-0__task-000410__cfg-f19acc56,musk,OCSVM,track-a-defaults,0,0.28288012498975723,0.917581405052068,0.15780098826744798,0.18461538461538463,9.264542201500916,166.0,,,
phase4__mnist__HBOS__seed-42__task-000409__cfg-055faa07,mnist,HBOS,track-a-defaults,42,0.06709168668777152,0.37006663769375636,-0.06521615860598912,0.032857142857142856,2.1404477895343796,100.0,,,
phase4__mnist__HBOS__seed-3__task-000408__cfg-e5a3d5ca,mnist,HBOS,track-a-defaults,3,0.06709168668777152,0.37006663769375636,-0.06521615860598912,0.032857142857142856,2.1404477895343796,100.0,,,
phase4__mnist__HBOS__seed-2__task-000407__cfg-17c44258,mnist,HBOS,track-a-defaults,2,0.06709168668777152,0.37006663769375636,-0.06521615860598912,0.032857142857142856,2.1404477895343796,100.0,,,
phase4__mnist__HBOS__seed-1__task-000406__cfg-ff3d33a3,mnist,HBOS,track-a-defaults,1,0.06709168668777152,0.37006663769375636,-0.06521615860598912,0.032857142857142856,2.1404477895343796,100.0,,,
phase4__mnist__HBOS__seed-0__task-000405__cfg-1e053003,mnist,HBOS,track-a-defaults,0,0.06709168668777152,0.37006663769375636,-0.06521615860598912,0.032857142857142856,2.1404477895343796,100.0,,,
phase4__mnist__ECOD__seed-42__task-000404__cfg-191fcd2d,mnist,ECOD,track-a-defaults,42,0.17795422475443862,0.7463432048177812,0.09684774735622194,0.18,2.1404477895343796,100.0,,,
phase4__mnist__ECOD__seed-3__task-000403__cfg-349b2d6d,mnist,ECOD,track-a-defaults,3,0.17795422475443862,0.7463432048177812,0.09684774735622194,0.18,2.1404477895343796,100.0,,,
phase4__mnist__ECOD__seed-2__task-000402__cfg-8ab96383,mnist,ECOD,track-a-defaults,2,0.17795422475443862,0.7463432048177812,0.09684774735622194,0.18,2.1404477895343796,100.0,,,
phase4__mnist__ECOD__seed-1__task-000401__cfg-c39c2f7d,mnist,ECOD,track-a-defaults,1,0.17795422475443862,0.7463432048177812,0.09684774735622194,0.18,2.1404477895343796,100.0,,,
phase4__mnist__ECOD__seed-0__task-000400__cfg-ff7d3be1,mnist,ECOD,track-a-defaults,0,0.17795422475443862,0.7463432048177812,0.09684774735622194,0.18,2.1404477895343796,100.0,,,
phase4__mnist__DBSCAN__seed-42__task-000399__cfg-516e7960,mnist,DBSCAN,track-a-defaults,42,0.296821115922271,0.7290804205210986,0.28723350096231454,0.35285714285714287,2.1404477895343796,100.0,,,
phase4__mnist__DBSCAN__seed-3__task-000398__cfg-fe17c624,mnist,DBSCAN,track-a-defaults,3,0.296821115922271,0.7290804205210986,0.28723350096231454,0.35285714285714287,2.1404477895343796,100.0,,,
phase4__mnist__DBSCAN__seed-2__task-000397__cfg-7e37772f,mnist,DBSCAN,track-a-defaults,2,0.296821115922271,0.7290804205210986,0.28723350096231454,0.35285714285714287,2.1404477895343796,100.0,,,
phase4__mnist__DBSCAN__seed-1__task-000396__cfg-2be80bed,mnist,DBSCAN,track-a-defaults,1,0.296821115922271,0.7290804205210986,0.28723350096231454,0.35285714285714287,2.1404477895343796,100.0,,,
phase4__mnist__DBSCAN__seed-0__task-000395__cfg-f64bfb4a,mnist,DBSCAN,track-a-defaults,0,0.296821115922271,0.7290804205210986,0.28723350096231454,0.35285714285714287,2.1404477895343796,100.0,,,
phase4__mnist__LOF__seed-42__task-000394__cfg-65056fa2,mnist,LOF,track-a-defaults,42,0.1288728361564414,0.5946540841456096,0.05436497589039962,0.14142857142857143,2.1404477895343796,100.0,,,
phase4__mnist__LOF__seed-3__task-000393__cfg-a227d747,mnist,LOF,track-a-defaults,3,0.1288728361564414,0.5946540841456096,0.05436497589039962,0.14142857142857143,2.1404477895343796,100.0,,,
phase4__mnist__LOF__seed-2__task-000392__cfg-358b9215,mnist,LOF,track-a-defaults,2,0.1288728361564414,0.5946540841456096,0.05436497589039962,0.14142857142857143,2.1404477895343796,100.0,,,
phase4__mnist__LOF__seed-1__task-000391__cfg-bbaf26d0,mnist,LOF,track-a-defaults,1,0.1288728361564414,0.5946540841456096,0.05436497589039962,0.14142857142857143,2.1404477895343796,100.0,,,
phase4__mnist__LOF__seed-0__task-000390__cfg-b724acd6,mnist,LOF,track-a-defaults,0,0.1288728361564414,0.5946540841456096,0.05436497589039962,0.14142857142857143,2.1404477895343796,100.0,,,
phase4__mnist__IForest__seed-42__task-000389__cfg-49dde340,mnist,IForest,track-a-defaults,42,0.26729407732146826,0.8037838620889469,0.21957575381304195,0.2914285714285714,2.1404477895343796,100.0,,,
phase4__mnist__IForest__seed-3__task-000388__cfg-29d32665,mnist,IForest,track-a-defaults,3,0.2766453432404812,0.8005322737526128,0.24003042155584528,0.31,2.1404477895343796,100.0,,,
phase4__mnist__IForest__seed-2__task-000387__cfg-6040c853,mnist,IForest,track-a-defaults,2,0.28390131830542825,0.813244759007471,0.2526179093975704,0.32142857142857145,2.1404477895343796,100.0,,,
phase4__mnist__IForest__seed-1__task-000386__cfg-0d8c6cc0,mnist,IForest,track-a-defaults,1,0.2942781064028406,0.8192200078640757,0.2777928850810207,0.3442857142857143,2.1404477895343796,100.0,,,
phase4__mnist__IForest__seed-0__task-000385__cfg-2874125b,mnist,IForest,track-a-defaults,0,0.26341171282325326,0.801063098859709,0.21170857391196374,0.2842857142857143,2.1404477895343796,100.0,,,
phase4__mnist__OCSVM__seed-42__task-000384__cfg-898510b4,mnist,OCSVM,track-a-defaults,42,0.3185679615988242,0.7682136131288674,0.2888069369425302,0.35428571428571426,2.1404477895343796,100.0,,,
phase4__mnist__OCSVM__seed-3__task-000383__cfg-15e193e0,mnist,OCSVM,track-a-defaults,3,0.3185679615988242,0.7682136131288674,0.2888069369425302,0.35428571428571426,2.1404477895343796,100.0,,,
phase4__mnist__OCSVM__seed-2__task-000382__cfg-f8264441,mnist,OCSVM,track-a-defaults,2,0.3185679615988242,0.7682136131288674,0.2888069369425302,0.35428571428571426,2.1404477895343796,100.0,,,
phase4__mnist__OCSVM__seed-1__task-000381__cfg-b976c566,mnist,OCSVM,track-a-defaults,1,0.3185679615988242,0.7682136131288674,0.2888069369425302,0.35428571428571426,2.1404477895343796,100.0,,,
phase4__mnist__OCSVM__seed-0__task-000380__cfg-ade14a4b,mnist,OCSVM,track-a-defaults,0,0.3185679615988242,0.7682136131288674,0.2888069369425302,0.35428571428571426,2.1404477895343796,100.0,,,
phase4__mammography__HBOS__seed-42__task-000379__cfg-a2a6179b,mammography,HBOS,track-a-defaults,42,0.18210557944620376,0.8562394805597223,0.1581093579592585,0.1776061776061776,4.722215877741342,6.0,,,
phase4__mammography__HBOS__seed-3__task-000378__cfg-67c86c1a,mammography,HBOS,track-a-defaults,3,0.18210557944620376,0.8562394805597223,0.1581093579592585,0.1776061776061776,4.722215877741342,6.0,,,
phase4__mammography__HBOS__seed-2__task-000377__cfg-8d0478e9,mammography,HBOS,track-a-defaults,2,0.18210557944620376,0.8562394805597223,0.1581093579592585,0.1776061776061776,4.722215877741342,6.0,,,
phase4__mammography__HBOS__seed-1__task-000376__cfg-70d7754a,mammography,HBOS,track-a-defaults,1,0.18210557944620376,0.8562394805597223,0.1581093579592585,0.1776061776061776,4.722215877741342,6.0,,,
phase4__mammography__HBOS__seed-0__task-000375__cfg-681edb54,mammography,HBOS,track-a-defaults,0,0.18210557944620376,0.8562394805597223,0.1581093579592585,0.1776061776061776,4.722215877741342,6.0,,,
phase4__mammography__ECOD__seed-42__task-000374__cfg-67bb6c24,mammography,ECOD,track-a-defaults,42,0.4359950234320086,0.9061567334981233,0.4150267263782062,0.42857142857142855,4.722215877741342,6.0,,,
phase4__mammography__ECOD__seed-3__task-000373__cfg-b3ed5773,mammography,ECOD,track-a-defaults,3,0.4359950234320086,0.9061567334981233,0.4150267263782062,0.42857142857142855,4.722215877741342,6.0,,,
phase4__mammography__ECOD__seed-2__task-000372__cfg-df74891b,mammography,ECOD,track-a-defaults,2,0.4359950234320086,0.9061567334981233,0.4150267263782062,0.42857142857142855,4.722215877741342,6.0,,,
phase4__mammography__ECOD__seed-1__task-000371__cfg-f8c54b82,mammography,ECOD,track-a-defaults,1,0.4359950234320086,0.9061567334981233,0.4150267263782062,0.42857142857142855,4.722215877741342,6.0,,,
phase4__mammography__ECOD__seed-0__task-000370__cfg-9e68a03f,mammography,ECOD,track-a-defaults,0,0.4359950234320086,0.9061567334981233,0.4150267263782062,0.42857142857142855,4.722215877741342,6.0,,,
phase4__mammography__DBSCAN__seed-42__task-000369__cfg-70407137,mammography,DBSCAN,track-a-defaults,42,0.07122479131966614,0.808143895379545,0.027674386300408152,0.05019305019305019,4.722215877741342,6.0,,,
phase4__mammography__DBSCAN__seed-3__task-000368__cfg-139690e0,mammography,DBSCAN,track-a-defaults,3,0.07122479131966614,0.808143895379545,0.027674386300408152,0.05019305019305019,4.722215877741342,6.0,,,
phase4__mammography__DBSCAN__seed-2__task-000367__cfg-f5a08461,mammography,DBSCAN,track-a-defaults,2,0.07122479131966614,0.808143895379545,0.027674386300408152,0.05019305019305019,4.722215877741342,6.0,,,
phase4__mammography__DBSCAN__seed-1__task-000366__cfg-d9ad119d,mammography,DBSCAN,track-a-defaults,1,0.07122479131966614,0.808143895379545,0.027674386300408152,0.05019305019305019,4.722215877741342,6.0,,,
phase4__mammography__DBSCAN__seed-0__task-000365__cfg-1f700502,mammography,DBSCAN,track-a-defaults,0,0.07122479131966614,0.808143895379545,0.027674386300408152,0.05019305019305019,4.722215877741342,6.0,,,
phase4__mammography__LOF__seed-42__task-000364__cfg-62bb7bef,mammography,LOF,track-a-defaults,42,0.11665146824964523,0.7639307319065628,0.205540256744295,0.22393822393822393,4.722215877741342,6.0,,,
phase4__mammography__LOF__seed-3__task-000363__cfg-56192706,mammography,LOF,track-a-defaults,3,0.11665146824964523,0.7639307319065628,0.205540256744295,0.22393822393822393,4.722215877741342,6.0,,,
phase4__mammography__LOF__seed-2__task-000362__cfg-715a98b1,mammography,LOF,track-a-defaults,2,0.11665146824964523,0.7639307319065628,0.205540256744295,0.22393822393822393,4.722215877741342,6.0,,,
phase4__mammography__LOF__seed-1__task-000361__cfg-cbcd6718,mammography,LOF,track-a-defaults,1,0.11665146824964523,0.7639307319065628,0.205540256744295,0.22393822393822393,4.722215877741342,6.0,,,
phase4__mammography__LOF__seed-0__task-000360__cfg-8d75c726,mammography,LOF,track-a-defaults,0,0.11665146824964523,0.7639307319065628,0.205540256744295,0.22393822393822393,4.722215877741342,6.0,,,
phase4__mammography__IForest__seed-42__task-000359__cfg-cc241877,mammography,IForest,track-a-defaults,42,0.20560492738299002,0.8570732892485159,0.22135055633930717,0.23938223938223938,4.722215877741342,6.0,,,
phase4__mammography__IForest__seed-3__task-000358__cfg-682212c1,mammography,IForest,track-a-defaults,3,0.17941433606707546,0.8555120106479622,0.17391965755427066,0.19305019305019305,4.722215877741342,6.0,,,
phase4__mammography__IForest__seed-2__task-000357__cfg-d43c9401,mammography,IForest,track-a-defaults,2,0.182872933288566,0.8549151754589821,0.1660145077567646,0.18532818532818532,4.722215877741342,6.0,,,
phase4__mammography__IForest__seed-1__task-000356__cfg-7fb4a9d7,mammography,IForest,track-a-defaults,1,0.21930579778341633,0.8656585609757814,0.21344540654180108,0.23166023166023167,4.722215877741342,6.0,,,
phase4__mammography__IForest__seed-0__task-000355__cfg-61f444ed,mammography,IForest,track-a-defaults,0,0.2238807780411677,0.8635803773266009,0.23716085593431932,0.2548262548262548,4.722215877741342,6.0,,,
phase4__mammography__OCSVM__seed-42__task-000354__cfg-1521f786,mammography,OCSVM,track-a-defaults,42,0.14489201893074594,0.7021514236015747,0.23716085593431932,0.2548262548262548,4.722215877741342,6.0,,,
phase4__mammography__OCSVM__seed-3__task-000353__cfg-16ee493f,mammography,OCSVM,track-a-defaults,3,0.14489201893074594,0.7021514236015747,0.23716085593431932,0.2548262548262548,4.722215877741342,6.0,,,
phase4__mammography__OCSVM__seed-2__task-000352__cfg-790f06d4,mammography,OCSVM,track-a-defaults,2,0.14489201893074594,0.7021514236015747,0.23716085593431932,0.2548262548262548,4.722215877741342,6.0,,,
phase4__mammography__OCSVM__seed-1__task-000351__cfg-ad72c3a9,mammography,OCSVM,track-a-defaults,1,0.14489201893074594,0.7021514236015747,0.23716085593431932,0.2548262548262548,4.722215877741342,6.0,,,
phase4__mammography__OCSVM__seed-0__task-000350__cfg-664c5f1e,mammography,OCSVM,track-a-defaults,0,0.14489201893074594,0.7021514236015747,0.23716085593431932,0.2548262548262548,4.722215877741342,6.0,,,
phase4__lympho__HBOS__seed-42__task-000349__cfg-752e7c17,lympho,HBOS,track-a-defaults,42,0.9166666666666665,0.9953051643192488,0.7611619129339634,0.7692307692307693,6.259834689969935,18.0,,,
phase4__lympho__HBOS__seed-3__task-000348__cfg-9983c8d4,lympho,HBOS,track-a-defaults,3,0.9166666666666665,0.9953051643192488,0.7611619129339634,0.7692307692307693,6.259834689969935,18.0,,,
phase4__lympho__HBOS__seed-2__task-000347__cfg-71be367e,lympho,HBOS,track-a-defaults,2,0.9166666666666665,0.9953051643192488,0.7611619129339634,0.7692307692307693,6.259834689969935,18.0,,,
phase4__lympho__HBOS__seed-1__task-000346__cfg-3ebeef93,lympho,HBOS,track-a-defaults,1,0.9166666666666665,0.9953051643192488,0.7611619129339634,0.7692307692307693,6.259834689969935,18.0,,,
phase4__lympho__HBOS__seed-0__task-000345__cfg-f9f60062,lympho,HBOS,track-a-defaults,0,0.9166666666666665,0.9953051643192488,0.7611619129339634,0.7692307692307693,6.259834689969935,18.0,,,
phase4__lympho__ECOD__seed-42__task-000344__cfg-778e69a5,lympho,ECOD,track-a-defaults,42,0.8972222222222221,0.9953051643192489,0.7611619129339634,0.7692307692307693,6.259834689969935,18.0,,,
phase4__lympho__ECOD__seed-3__task-000343__cfg-4b58fa41,lympho,ECOD,track-a-defaults,3,0.8972222222222221,0.9953051643192489,0.7611619129339634,0.7692307692307693,6.259834689969935,18.0,,,
phase4__lympho__ECOD__seed-2__task-000342__cfg-d437bbdd,lympho,ECOD,track-a-defaults,2,0.8972222222222221,0.9953051643192489,0.7611619129339634,0.7692307692307693,6.259834689969935,18.0,,,
phase4__lympho__ECOD__seed-1__task-000341__cfg-556540b6,lympho,ECOD,track-a-defaults,1,0.8972222222222221,0.9953051643192489,0.7611619129339634,0.7692307692307693,6.259834689969935,18.0,,,
phase4__lympho__ECOD__seed-0__task-000340__cfg-881944cf,lympho,ECOD,track-a-defaults,0,0.8972222222222221,0.9953051643192489,0.7611619129339634,0.7692307692307693,6.259834689969935,18.0,,,
phase4__lympho__DBSCAN__seed-42__task-000339__cfg-9ff08d6a,lympho,DBSCAN,track-a-defaults,42,0.775,0.9906103286384976,0.7611619129339634,0.7692307692307693,6.259834689969935,18.0,,,
phase4__lympho__DBSCAN__seed-3__task-000338__cfg-61cde715,lympho,DBSCAN,track-a-defaults,3,0.775,0.9906103286384976,0.7611619129339634,0.7692307692307693,6.259834689969935,18.0,,,
phase4__lympho__DBSCAN__seed-2__task-000337__cfg-02f4a094,lympho,DBSCAN,track-a-defaults,2,0.775,0.9906103286384976,0.7611619129339634,0.7692307692307693,6.259834689969935,18.0,,,
phase4__lympho__DBSCAN__seed-1__task-000336__cfg-93b6c7cd,lympho,DBSCAN,track-a-defaults,1,0.775,0.9906103286384976,0.7611619129339634,0.7692307692307693,6.259834689969935,18.0,,,
phase4__lympho__DBSCAN__seed-0__task-000335__cfg-a096755b,lympho,DBSCAN,track-a-defaults,0,0.775,0.9906103286384976,0.7611619129339634,0.7692307692307693,6.259834689969935,18.0,,,
phase4__lympho__LOF__seed-42__task-000334__cfg-e73db6cc,lympho,LOF,track-a-defaults,42,0.6988455988455988,0.9859154929577465,0.7611619129339634,0.7692307692307693,6.259834689969935,18.0,,,
phase4__lympho__LOF__seed-3__task-000333__cfg-3daf4dd8,lympho,LOF,track-a-defaults,3,0.6988455988455988,0.9859154929577465,0.7611619129339634,0.7692307692307693,6.259834689969935,18.0,,,
phase4__lympho__LOF__seed-2__task-000332__cfg-1df8cd1a,lympho,LOF,track-a-defaults,2,0.6988455988455988,0.9859154929577465,0.7611619129339634,0.7692307692307693,6.259834689969935,18.0,,,
phase4__lympho__LOF__seed-1__task-000331__cfg-4b16e799,lympho,LOF,track-a-defaults,1,0.6988455988455988,0.9859154929577465,0.7611619129339634,0.7692307692307693,6.259834689969935,18.0,,,
phase4__lympho__LOF__seed-0__task-000330__cfg-32e7d2d2,lympho,LOF,track-a-defaults,0,0.6988455988455988,0.9859154929577465,0.7611619129339634,0.7692307692307693,6.259834689969935,18.0,,,
phase4__lympho__IForest__seed-42__task-000329__cfg-be490613,lympho,IForest,track-a-defaults,42,0.976190476190476,0.9988262910798122,0.9225544102322822,0.9230769230769231,6.259834689969935,18.0,,,
phase4__lympho__IForest__seed-3__task-000328__cfg-7902f255,lympho,IForest,track-a-defaults,3,0.976190476190476,0.9988262910798122,0.9225544102322822,0.9230769230769231,6.259834689969935,18.0,,,
phase4__lympho__IForest__seed-2__task-000327__cfg-57ded0aa,lympho,IForest,track-a-defaults,2,0.976190476190476,0.9988262910798122,0.9225544102322822,0.9230769230769231,6.259834689969935,18.0,,,
phase4__lympho__IForest__seed-1__task-000326__cfg-4b2edf41,lympho,IForest,track-a-defaults,1,0.976190476190476,0.9988262910798122,0.9225544102322822,0.9230769230769231,6.259834689969935,18.0,,,
phase4__lympho__IForest__seed-0__task-000325__cfg-c36a7c81,lympho,IForest,track-a-defaults,0,1.0,1.0,0.9225544102322822,0.9230769230769231,6.259834689969935,18.0,,,
phase4__lympho__OCSVM__seed-42__task-000324__cfg-d5ef7e14,lympho,OCSVM,track-a-defaults,42,0.6579365079365079,0.9753521126760564,0.7611619129339634,0.7692307692307693,6.259834689969935,18.0,,,
phase4__lympho__OCSVM__seed-3__task-000323__cfg-000fee27,lympho,OCSVM,track-a-defaults,3,0.6579365079365079,0.9753521126760564,0.7611619129339634,0.7692307692307693,6.259834689969935,18.0,,,
phase4__lympho__OCSVM__seed-2__task-000322__cfg-756bec11,lympho,OCSVM,track-a-defaults,2,0.6579365079365079,0.9753521126760564,0.7611619129339634,0.7692307692307693,6.259834689969935,18.0,,,
phase4__lympho__OCSVM__seed-1__task-000321__cfg-01e4dae5,lympho,OCSVM,track-a-defaults,1,0.6579365079365079,0.9753521126760564,0.7611619129339634,0.7692307692307693,6.259834689969935,18.0,,,
phase4__lympho__OCSVM__seed-0__task-000320__cfg-678a4a44,lympho,OCSVM,track-a-defaults,0,0.6579365079365079,0.9753521126760564,0.7611619129339634,0.7692307692307693,6.259834689969935,18.0,,,
phase4__letter__HBOS__seed-42__task-000319__cfg-37e02eb0,letter,HBOS,track-a-defaults,42,0.07487362241709178,0.5762666666666667,-0.0026666666666666666,0.06,1.533836543346911,32.0,,,
phase4__letter__HBOS__seed-3__task-000318__cfg-b106e001,letter,HBOS,track-a-defaults,3,0.07487362241709178,0.5762666666666667,-0.0026666666666666666,0.06,1.533836543346911,32.0,,,
phase4__letter__HBOS__seed-2__task-000317__cfg-dade20f9,letter,HBOS,track-a-defaults,2,0.07487362241709178,0.5762666666666667,-0.0026666666666666666,0.06,1.533836543346911,32.0,,,
phase4__letter__HBOS__seed-1__task-000316__cfg-561136ed,letter,HBOS,track-a-defaults,1,0.07487362241709178,0.5762666666666667,-0.0026666666666666666,0.06,1.533836543346911,32.0,,,
phase4__letter__HBOS__seed-0__task-000315__cfg-3d75ea77,letter,HBOS,track-a-defaults,0,0.07487362241709178,0.5762666666666667,-0.0026666666666666666,0.06,1.533836543346911,32.0,,,
phase4__letter__ECOD__seed-42__task-000314__cfg-77a38d98,letter,ECOD,track-a-defaults,42,0.07670305265377031,0.5723466666666667,0.029333333333333333,0.09,1.533836543346911,32.0,,,
phase4__letter__ECOD__seed-3__task-000313__cfg-7221c4d3,letter,ECOD,track-a-defaults,3,0.07670305265377031,0.5723466666666667,0.029333333333333333,0.09,1.533836543346911,32.0,,,
phase4__letter__ECOD__seed-2__task-000312__cfg-bf196da9,letter,ECOD,track-a-defaults,2,0.07670305265377031,0.5723466666666667,0.029333333333333333,0.09,1.533836543346911,32.0,,,
phase4__letter__ECOD__seed-1__task-000311__cfg-dc62534b,letter,ECOD,track-a-defaults,1,0.07670305265377031,0.5723466666666667,0.029333333333333333,0.09,1.533836543346911,32.0,,,
phase4__letter__ECOD__seed-0__task-000310__cfg-e44194a5,letter,ECOD,track-a-defaults,0,0.07670305265377031,0.5723466666666667,0.029333333333333333,0.09,1.533836543346911,32.0,,,
phase4__letter__DBSCAN__seed-42__task-000309__cfg-f9f0146d,letter,DBSCAN,track-a-defaults,42,0.2041770270019253,0.6102433333333334,0.27466666666666667,0.32,1.533836543346911,32.0,,,
phase4__letter__DBSCAN__seed-3__task-000308__cfg-ff84edc7,letter,DBSCAN,track-a-defaults,3,0.2041770270019253,0.6102433333333334,0.27466666666666667,0.32,1.533836543346911,32.0,,,
phase4__letter__DBSCAN__seed-2__task-000307__cfg-635467db,letter,DBSCAN,track-a-defaults,2,0.2041770270019253,0.6102433333333334,0.27466666666666667,0.32,1.533836543346911,32.0,,,
phase4__letter__DBSCAN__seed-1__task-000306__cfg-8ae1420b,letter,DBSCAN,track-a-defaults,1,0.2041770270019253,0.6102433333333334,0.27466666666666667,0.32,1.533836543346911,32.0,,,
phase4__letter__DBSCAN__seed-0__task-000305__cfg-31b0e746,letter,DBSCAN,track-a-defaults,0,0.2041770270019253,0.6102433333333334,0.27466666666666667,0.32,1.533836543346911,32.0,,,
phase4__letter__LOF__seed-42__task-000304__cfg-2ee27506,letter,LOF,track-a-defaults,42,0.4242705617816079,0.8673666666666666,0.34933333333333333,0.39,1.533836543346911,32.0,,,
phase4__letter__LOF__seed-3__task-000303__cfg-21eba7d6,letter,LOF,track-a-defaults,3,0.4242705617816079,0.8673666666666666,0.34933333333333333,0.39,1.533836543346911,32.0,,,
phase4__letter__LOF__seed-2__task-000302__cfg-f5bd7740,letter,LOF,track-a-defaults,2,0.4242705617816079,0.8673666666666666,0.34933333333333333,0.39,1.533836543346911,32.0,,,
phase4__letter__LOF__seed-1__task-000301__cfg-81c1f4c6,letter,LOF,track-a-defaults,1,0.4242705617816079,0.8673666666666666,0.34933333333333333,0.39,1.533836543346911,32.0,,,
phase4__letter__LOF__seed-0__task-000300__cfg-d4f9a03e,letter,LOF,track-a-defaults,0,0.4242705617816079,0.8673666666666666,0.34933333333333333,0.39,1.533836543346911,32.0,,,
phase4__letter__IForest__seed-42__task-000299__cfg-de49529c,letter,IForest,track-a-defaults,42,0.08801939030854763,0.6195933333333333,0.029333333333333333,0.09,1.533836543346911,32.0,,,
phase4__letter__IForest__seed-3__task-000298__cfg-6b93519f,letter,IForest,track-a-defaults,3,0.09573730782260731,0.63914,0.050666666666666665,0.11,1.533836543346911,32.0,,,
phase4__letter__IForest__seed-2__task-000297__cfg-98095366,letter,IForest,track-a-defaults,2,0.09181297028280026,0.6341,0.029333333333333333,0.09,1.533836543346911,32.0,,,
phase4__letter__IForest__seed-1__task-000296__cfg-ffa5ad99,letter,IForest,track-a-defaults,1,0.0952579101857984,0.6456333333333334,0.050666666666666665,0.11,1.533836543346911,32.0,,,
phase4__letter__IForest__seed-0__task-000295__cfg-c51c8f90,letter,IForest,track-a-defaults,0,0.08878075566333746,0.6221533333333333,0.072,0.13,1.533836543346911,32.0,,,
phase4__letter__OCSVM__seed-42__task-000294__cfg-6e82963b,letter,OCSVM,track-a-defaults,42,0.13209346997038393,0.5946066666666666,0.12533333333333332,0.18,1.533836543346911,32.0,,,
phase4__letter__OCSVM__seed-3__task-000293__cfg-738d8dda,letter,OCSVM,track-a-defaults,3,0.13209346997038393,0.5946066666666666,0.12533333333333332,0.18,1.533836543346911,32.0,,,
phase4__letter__OCSVM__seed-2__task-000292__cfg-86a994c2,letter,OCSVM,track-a-defaults,2,0.13209346997038393,0.5946066666666666,0.12533333333333332,0.18,1.533836543346911,32.0,,,
phase4__letter__OCSVM__seed-1__task-000291__cfg-0351998f,letter,OCSVM,track-a-defaults,1,0.13209346997038393,0.5946066666666666,0.12533333333333332,0.18,1.533836543346911,32.0,,,
phase4__letter__OCSVM__seed-0__task-000290__cfg-519a6688,letter,OCSVM,track-a-defaults,0,0.13209346997038393,0.5946066666666666,0.12533333333333332,0.18,1.533836543346911,32.0,,,
phase4__ionosphere__HBOS__seed-42__task-000289__cfg-aa7eb394,ionosphere,HBOS,track-a-defaults,42,0.3458805391099915,0.5380246913580247,-0.019648608422785374,0.34782608695652173,2.3145271663195177,32.0,,,
phase4__ionosphere__HBOS__seed-3__task-000288__cfg-cd244620,ionosphere,HBOS,track-a-defaults,3,0.3458805391099915,0.5380246913580247,-0.019648608422785374,0.34782608695652173,2.3145271663195177,32.0,,,
phase4__ionosphere__HBOS__seed-2__task-000287__cfg-87f2d348,ionosphere,HBOS,track-a-defaults,2,0.3458805391099915,0.5380246913580247,-0.019648608422785374,0.34782608695652173,2.3145271663195177,32.0,,,
phase4__ionosphere__HBOS__seed-1__task-000286__cfg-86ec2e16,ionosphere,HBOS,track-a-defaults,1,0.3458805391099915,0.5380246913580247,-0.019648608422785374,0.34782608695652173,2.3145271663195177,32.0,,,
phase4__ionosphere__HBOS__seed-0__task-000285__cfg-56be1d28,ionosphere,HBOS,track-a-defaults,0,0.3458805391099915,0.5380246913580247,-0.019648608422785374,0.34782608695652173,2.3145271663195177,32.0,,,
phase4__ionosphere__ECOD__seed-42__task-000284__cfg-09f18d82,ionosphere,ECOD,track-a-defaults,42,0.6460527623597061,0.7284303350970016,0.2646223876294482,0.5296442687747036,2.3145271663195177,32.0,,,
phase4__ionosphere__ECOD__seed-3__task-000283__cfg-ac21ca33,ionosphere,ECOD,track-a-defaults,3,0.6460527623597061,0.7284303350970016,0.2646223876294482,0.5296442687747036,2.3145271663195177,32.0,,,
phase4__ionosphere__ECOD__seed-2__task-000282__cfg-a2833cc5,ionosphere,ECOD,track-a-defaults,2,0.6460527623597061,0.7284303350970016,0.2646223876294482,0.5296442687747036,2.3145271663195177,32.0,,,
phase4__ionosphere__ECOD__seed-1__task-000281__cfg-f17ba3bf,ionosphere,ECOD,track-a-defaults,1,0.6460527623597061,0.7284303350970016,0.2646223876294482,0.5296442687747036,2.3145271663195177,32.0,,,
phase4__ionosphere__ECOD__seed-0__task-000280__cfg-53aec930,ionosphere,ECOD,track-a-defaults,0,0.6460527623597061,0.7284303350970016,0.2646223876294482,0.5296442687747036,2.3145271663195177,32.0,,,
phase4__ionosphere__DBSCAN__seed-42__task-000279__cfg-6833b2dd,ionosphere,DBSCAN,track-a-defaults,42,0.6092729671848445,0.6364902998236331,0.16574551943736696,0.466403162055336,2.3145271663195177,32.0,,,
phase4__ionosphere__DBSCAN__seed-3__task-000278__cfg-5be6f020,ionosphere,DBSCAN,track-a-defaults,3,0.6092729671848445,0.6364902998236331,0.16574551943736696,0.466403162055336,2.3145271663195177,32.0,,,
phase4__ionosphere__DBSCAN__seed-2__task-000277__cfg-d7587ca8,ionosphere,DBSCAN,track-a-defaults,2,0.6092729671848445,0.6364902998236331,0.16574551943736696,0.466403162055336,2.3145271663195177,32.0,,,
phase4__ionosphere__DBSCAN__seed-1__task-000276__cfg-a8fc542f,ionosphere,DBSCAN,track-a-defaults,1,0.6092729671848445,0.6364902998236331,0.16574551943736696,0.466403162055336,2.3145271663195177,32.0,,,
phase4__ionosphere__DBSCAN__seed-0__task-000275__cfg-3698e162,ionosphere,DBSCAN,track-a-defaults,0,0.6092729671848445,0.6364902998236331,0.16574551943736696,0.466403162055336,2.3145271663195177,32.0,,,
phase4__ionosphere__LOF__seed-42__task-000274__cfg-49c13704,ionosphere,LOF,track-a-defaults,42,0.8465161108223718,0.8918165784832451,0.6972086859698037,0.8063241106719368,2.3145271663195177,32.0,,,
phase4__ionosphere__LOF__seed-3__task-000273__cfg-cd828c19,ionosphere,LOF,track-a-defaults,3,0.8465161108223718,0.8918165784832451,0.6972086859698037,0.8063241106719368,2.3145271663195177,32.0,,,
phase4__ionosphere__LOF__seed-2__task-000272__cfg-92a0ab23,ionosphere,LOF,track-a-defaults,2,0.8465161108223718,0.8918165784832451,0.6972086859698037,0.8063241106719368,2.3145271663195177,32.0,,,
phase4__ionosphere__LOF__seed-1__task-000271__cfg-21b4363b,ionosphere,LOF,track-a-defaults,1,0.8465161108223718,0.8918165784832451,0.6972086859698037,0.8063241106719368,2.3145271663195177,32.0,,,
phase4__ionosphere__LOF__seed-0__task-000270__cfg-77ab0fdb,ionosphere,LOF,track-a-defaults,0,0.8465161108223718,0.8918165784832451,0.6972086859698037,0.8063241106719368,2.3145271663195177,32.0,,,
phase4__ionosphere__IForest__seed-42__task-000269__cfg-af0ebbe5,ionosphere,IForest,track-a-defaults,42,0.8034298373059415,0.8500881834215168,0.47473573253762086,0.6640316205533597,2.3145271663195177,32.0,,,
phase4__ionosphere__IForest__seed-3__task-000268__cfg-4a7c07dc,ionosphere,IForest,track-a-defaults,3,0.7960505462005445,0.8445149911816578,0.45001651548960053,0.6482213438735178,2.3145271663195177,32.0,,,
phase4__ionosphere__IForest__seed-2__task-000267__cfg-b2d86b32,ionosphere,IForest,track-a-defaults,2,0.7951993884178258,0.8420811287477954,0.4376569069655904,0.6403162055335968,2.3145271663195177,32.0,,,
phase4__ionosphere__IForest__seed-1__task-000266__cfg-dd24e559,ionosphere,IForest,track-a-defaults,1,0.7992263742491479,0.8489241622574956,0.46237612401361067,0.6561264822134387,2.3145271663195177,32.0,,,
phase4__ionosphere__IForest__seed-0__task-000265__cfg-582d9b89,ionosphere,IForest,track-a-defaults,0,0.7934321404507925,0.8432451499118165,0.45001651548960053,0.6482213438735178,2.3145271663195177,32.0,,,
phase4__ionosphere__OCSVM__seed-42__task-000264__cfg-3bdddd48,ionosphere,OCSVM,track-a-defaults,42,0.7221622581430457,0.7531216931216931,0.4376569069655904,0.6403162055335968,2.3145271663195177,32.0,,,
phase4__ionosphere__OCSVM__seed-3__task-000263__cfg-d29bcc2d,ionosphere,OCSVM,track-a-defaults,3,0.7221622581430457,0.7531216931216931,0.4376569069655904,0.6403162055335968,2.3145271663195177,32.0,,,
phase4__ionosphere__OCSVM__seed-2__task-000262__cfg-8651b054,ionosphere,OCSVM,track-a-defaults,2,0.7221622581430457,0.7531216931216931,0.4376569069655904,0.6403162055335968,2.3145271663195177,32.0,,,
phase4__ionosphere__OCSVM__seed-1__task-000261__cfg-c5ed8536,ionosphere,OCSVM,track-a-defaults,1,0.7221622581430457,0.7531216931216931,0.4376569069655904,0.6403162055335968,2.3145271663195177,32.0,,,
phase4__ionosphere__OCSVM__seed-0__task-000260__cfg-60c7a835,ionosphere,OCSVM,track-a-defaults,0,0.7221622581430457,0.7531216931216931,0.4376569069655904,0.6403162055335968,2.3145271663195177,32.0,,,
phase4__http__HBOS__seed-42__task-000259__cfg-645804d8,http,HBOS,track-a-defaults,42,0.19037868268143732,0.9837490997326489,0.017412136035358846,0.021242937853107345,11.885241259957116,3.0,,,
phase4__http__HBOS__seed-3__task-000258__cfg-7b8bab46,http,HBOS,track-a-defaults,3,0.19037868268143732,0.9837490997326489,0.017412136035358846,0.021242937853107345,11.885241259957116,3.0,,,
phase4__http__HBOS__seed-2__task-000257__cfg-0e2b8631,http,HBOS,track-a-defaults,2,0.19037868268143732,0.9837490997326489,0.017412136035358846,0.021242937853107345,11.885241259957116,3.0,,,
phase4__http__HBOS__seed-1__task-000256__cfg-35e9e8f5,http,HBOS,track-a-defaults,1,0.19037868268143732,0.9837490997326489,0.017412136035358846,0.021242937853107345,11.885241259957116,3.0,,,
phase4__http__HBOS__seed-0__task-000255__cfg-b63f7159,http,HBOS,track-a-defaults,0,0.19037868268143732,0.9837490997326489,0.017412136035358846,0.021242937853107345,11.885241259957116,3.0,,,
phase4__http__ECOD__seed-42__task-000254__cfg-6f56c99c,http,ECOD,track-a-defaults,42,0.14525115111706002,0.9785941933169802,0.017412136035358846,0.021242937853107345,11.885241259957116,3.0,,,
phase4__http__ECOD__seed-3__task-000253__cfg-7669bdb4,http,ECOD,track-a-defaults,3,0.14525115111706002,0.9785941933169802,0.017412136035358846,0.021242937853107345,11.885241259957116,3.0,,,
phase4__http__ECOD__seed-2__task-000252__cfg-a4aee362,http,ECOD,track-a-defaults,2,0.14525115111706002,0.9785941933169802,0.017412136035358846,0.021242937853107345,11.885241259957116,3.0,,,
phase4__http__ECOD__seed-1__task-000251__cfg-eaaf13c4,http,ECOD,track-a-defaults,1,0.14525115111706002,0.9785941933169802,0.017412136035358846,0.021242937853107345,11.885241259957116,3.0,,,
phase4__http__ECOD__seed-0__task-000250__cfg-02673c87,http,ECOD,track-a-defaults,0,0.14525115111706002,0.9785941933169802,0.017412136035358846,0.021242937853107345,11.885241259957116,3.0,,,
phase4__http__DBSCAN__seed-42__task-000249__cfg-a99b5e37,http,DBSCAN,track-a-defaults,42,0.005234221563823128,0.5158129525662906,-0.003915269551249875,0.0,12.176400100089907,3.0,,,
phase4__http__DBSCAN__seed-3__task-000248__cfg-2add916e,http,DBSCAN,track-a-defaults,3,0.004087438662420995,0.5019219185593045,-0.003915269551249875,0.0,18.94707769443814,3.0,,,
phase4__http__DBSCAN__seed-2__task-000247__cfg-a0870ecc,http,DBSCAN,track-a-defaults,2,0.004705503667731971,0.5131545077082674,-0.003915269551249875,0.0,19.067542455487686,3.0,,,
phase4__http__DBSCAN__seed-1__task-000246__cfg-7f463e90,http,DBSCAN,track-a-defaults,1,0.003955867850098619,0.5016474506987508,-0.003915269551249875,0.0,12.684667712702089,3.0,,,
phase4__http__DBSCAN__seed-0__task-000245__cfg-39685e29,http,DBSCAN,track-a-defaults,0,0.0065227159275599855,0.5281093057797203,0.021826147616730893,0.02564102564102564,12.01024427492566,3.0,,,
phase4__http__LOF__seed-42__task-000244__cfg-2c39bdae,http,LOF,track-a-defaults,42,0.05095936233181625,0.37401378195475177,0.06043827336870204,0.0641025641025641,12.176400100089907,3.0,,,
phase4__http__LOF__seed-3__task-000243__cfg-cfba1e0d,http,LOF,track-a-defaults,3,0.04407573114063121,0.35899044736008895,0.03469685620072127,0.038461538461538464,18.94707769443814,3.0,,,
phase4__http__LOF__seed-2__task-000242__cfg-eedf97ed,http,LOF,track-a-defaults,2,0.0695478870922702,0.373876065372903,0.06043827336870204,0.0641025641025641,19.067542455487686,3.0,,,
phase4__http__LOF__seed-1__task-000241__cfg-5c394651,http,LOF,track-a-defaults,1,0.044103181307935335,0.36212768257743666,0.03469685620072127,0.038461538461538464,12.684667712702089,3.0,,,
phase4__http__LOF__seed-0__task-000240__cfg-c61201d6,http,LOF,track-a-defaults,0,0.10070792105098454,0.4047361633447367,0.09905039912067319,0.10256410256410256,12.01024427492566,3.0,,,
phase4__http__IForest__seed-42__task-000239__cfg-8ab80e7f,http,IForest,track-a-defaults,42,0.9776052215221381,0.9998880377248476,0.9675573552261361,0.967683615819209,11.885241259957116,3.0,,,
phase4__http__IForest__seed-3__task-000238__cfg-fa109eee,http,IForest,track-a-defaults,3,0.9607841661300864,0.9998158522370064,0.9643811295650399,0.9645197740112994,11.885241259957116,3.0,,,
phase4__http__IForest__seed-2__task-000237__cfg-41cc7442,http,IForest,track-a-defaults,2,0.845570847371608,0.9993087488048772,0.830072158752972,0.8307344632768362,11.885241259957116,3.0,,,
phase4__http__IForest__seed-1__task-000236__cfg-820474fe,http,IForest,track-a-defaults,1,0.9805435995166623,0.9999018937924863,0.9779935252554521,0.9780790960451977,11.885241259957116,3.0,,,
phase4__http__IForest__seed-0__task-000235__cfg-d84e832c,http,IForest,track-a-defaults,0,0.913498837809955,0.9996250204695637,0.9149227585565419,0.9152542372881356,11.885241259957116,3.0,,,
phase4__http__OCSVM__seed-42__task-000234__cfg-ee2eded9,http,OCSVM,track-a-defaults,42,0.37124886502630133,0.9937737947224947,0.047567564784711656,0.05128205128205128,12.176400100089907,3.0,,,
phase4__http__OCSVM__seed-3__task-000233__cfg-b379b446,http,OCSVM,track-a-defaults,3,0.3775081456015809,0.9939263126192149,-0.003915269551249875,0.0,18.94707769443814,3.0,,,
phase4__http__OCSVM__seed-2__task-000232__cfg-60240334,http,OCSVM,track-a-defaults,2,0.38506919283089786,0.9939649247449669,0.03469685620072127,0.038461538461538464,19.067542455487686,3.0,,,
phase4__http__OCSVM__seed-1__task-000231__cfg-e36760bb,http,OCSVM,track-a-defaults,1,0.3664484444217894,0.9936251380383495,-0.003915269551249875,0.0,12.684667712702089,3.0,,,
phase4__http__OCSVM__seed-0__task-000230__cfg-3790bc6c,http,OCSVM,track-a-defaults,0,0.4159770642999866,0.994939237384775,0.03469685620072127,0.038461538461538464,12.01024427492566,3.0,,,
phase4__graves__fuzzyx__HBOS__seed-42__task-000229__cfg-b57cca62,graves/fuzzyx,HBOS,track-a-defaults,42,0.0,0.5,0.0,0.0,2.598872536236589,2.0,,,
phase4__graves__fuzzyx__HBOS__seed-3__task-000228__cfg-5d41d447,graves/fuzzyx,HBOS,track-a-defaults,3,0.0,0.5,0.0,0.0,2.598872536236589,2.0,,,
phase4__graves__fuzzyx__HBOS__seed-2__task-000227__cfg-ce9b8664,graves/fuzzyx,HBOS,track-a-defaults,2,0.0,0.5,0.0,0.0,2.598872536236589,2.0,,,
phase4__graves__fuzzyx__HBOS__seed-1__task-000226__cfg-ca4fb252,graves/fuzzyx,HBOS,track-a-defaults,1,0.0,0.5,0.0,0.0,2.598872536236589,2.0,,,
phase4__graves__fuzzyx__HBOS__seed-0__task-000225__cfg-4717594a,graves/fuzzyx,HBOS,track-a-defaults,0,0.0,0.5,0.0,0.0,2.598872536236589,2.0,,,
phase4__graves__fuzzyx__ECOD__seed-42__task-000224__cfg-83b3d1c4,graves/fuzzyx,ECOD,track-a-defaults,42,0.0,0.5,0.0,0.0,2.598872536236589,2.0,,,
phase4__graves__fuzzyx__ECOD__seed-3__task-000223__cfg-e588a526,graves/fuzzyx,ECOD,track-a-defaults,3,0.0,0.5,0.0,0.0,2.598872536236589,2.0,,,
phase4__graves__fuzzyx__ECOD__seed-2__task-000222__cfg-725a5844,graves/fuzzyx,ECOD,track-a-defaults,2,0.0,0.5,0.0,0.0,2.598872536236589,2.0,,,
phase4__graves__fuzzyx__ECOD__seed-1__task-000221__cfg-beb3ae0a,graves/fuzzyx,ECOD,track-a-defaults,1,0.0,0.5,0.0,0.0,2.598872536236589,2.0,,,
phase4__graves__fuzzyx__ECOD__seed-0__task-000220__cfg-e03a4033,graves/fuzzyx,ECOD,track-a-defaults,0,0.0,0.5,0.0,0.0,2.598872536236589,2.0,,,
phase4__graves__fuzzyx__DBSCAN__seed-42__task-000219__cfg-6baf45c1,graves/fuzzyx,DBSCAN,track-a-defaults,42,0.0,0.5,0.0,0.0,2.598872536236589,2.0,,,
phase4__graves__fuzzyx__DBSCAN__seed-3__task-000218__cfg-4839167b,graves/fuzzyx,DBSCAN,track-a-defaults,3,0.0,0.5,0.0,0.0,2.598872536236589,2.0,,,
phase4__graves__fuzzyx__DBSCAN__seed-2__task-000217__cfg-a196a3d2,graves/fuzzyx,DBSCAN,track-a-defaults,2,0.0,0.5,0.0,0.0,2.598872536236589,2.0,,,
phase4__graves__fuzzyx__DBSCAN__seed-1__task-000216__cfg-52e55fc8,graves/fuzzyx,DBSCAN,track-a-defaults,1,0.0,0.5,0.0,0.0,2.598872536236589,2.0,,,
phase4__graves__fuzzyx__DBSCAN__seed-0__task-000215__cfg-04a39403,graves/fuzzyx,DBSCAN,track-a-defaults,0,0.0,0.5,0.0,0.0,2.598872536236589,2.0,,,
phase4__graves__fuzzyx__LOF__seed-42__task-000214__cfg-4abd3cc9,graves/fuzzyx,LOF,track-a-defaults,42,0.0,0.5,0.0,0.0,2.598872536236589,2.0,,,
phase4__graves__fuzzyx__LOF__seed-3__task-000213__cfg-ab7115e2,graves/fuzzyx,LOF,track-a-defaults,3,0.0,0.5,0.0,0.0,2.598872536236589,2.0,,,
phase4__graves__fuzzyx__LOF__seed-2__task-000212__cfg-20096aef,graves/fuzzyx,LOF,track-a-defaults,2,0.0,0.5,0.0,0.0,2.598872536236589,2.0,,,
phase4__graves__fuzzyx__LOF__seed-1__task-000211__cfg-f2392eba,graves/fuzzyx,LOF,track-a-defaults,1,0.0,0.5,0.0,0.0,2.598872536236589,2.0,,,
phase4__graves__fuzzyx__LOF__seed-0__task-000210__cfg-632ed8d6,graves/fuzzyx,LOF,track-a-defaults,0,0.0,0.5,0.0,0.0,2.598872536236589,2.0,,,
phase4__graves__fuzzyx__IForest__seed-42__task-000209__cfg-a87b4adb,graves/fuzzyx,IForest,track-a-defaults,42,0.0,0.5,0.0,0.0,2.598872536236589,2.0,,,
phase4__graves__fuzzyx__IForest__seed-3__task-000208__cfg-f2d54b4b,graves/fuzzyx,IForest,track-a-defaults,3,0.0,0.5,0.0,0.0,2.598872536236589,2.0,,,
phase4__graves__fuzzyx__IForest__seed-2__task-000207__cfg-290cbdb9,graves/fuzzyx,IForest,track-a-defaults,2,0.0,0.5,0.0,0.0,2.598872536236589,2.0,,,
phase4__graves__fuzzyx__IForest__seed-1__task-000206__cfg-b956be7f,graves/fuzzyx,IForest,track-a-defaults,1,0.0,0.5,0.0,0.0,2.598872536236589,2.0,,,
phase4__graves__fuzzyx__IForest__seed-0__task-000205__cfg-3a959389,graves/fuzzyx,IForest,track-a-defaults,0,0.0,0.5,0.0,0.0,2.598872536236589,2.0,,,
phase4__graves__fuzzyx__OCSVM__seed-42__task-000204__cfg-28460230,graves/fuzzyx,OCSVM,track-a-defaults,42,0.0,0.5,0.0,0.0,2.598872536236589,2.0,,,
phase4__graves__fuzzyx__OCSVM__seed-3__task-000203__cfg-53797566,graves/fuzzyx,OCSVM,track-a-defaults,3,0.0,0.5,0.0,0.0,2.598872536236589,2.0,,,
phase4__graves__fuzzyx__OCSVM__seed-2__task-000202__cfg-cd2ba8fb,graves/fuzzyx,OCSVM,track-a-defaults,2,0.0,0.5,0.0,0.0,2.598872536236589,2.0,,,
phase4__graves__fuzzyx__OCSVM__seed-1__task-000201__cfg-ddb8f295,graves/fuzzyx,OCSVM,track-a-defaults,1,0.0,0.5,0.0,0.0,2.598872536236589,2.0,,,
phase4__graves__fuzzyx__OCSVM__seed-0__task-000200__cfg-a64ae09a,graves/fuzzyx,OCSVM,track-a-defaults,0,0.0,0.5,0.0,0.0,2.598872536236589,2.0,,,
phase4__glass__HBOS__seed-42__task-000199__cfg-1e414666,glass,HBOS,track-a-defaults,42,0.15919885106438414,0.8140921409214092,0.07208672086720867,0.1111111111111111,4.951767838313363,7.0,,,
phase4__glass__HBOS__seed-3__task-000198__cfg-60d69394,glass,HBOS,track-a-defaults,3,0.15919885106438414,0.8140921409214092,0.07208672086720867,0.1111111111111111,4.951767838313363,7.0,,,
phase4__glass__HBOS__seed-2__task-000197__cfg-e4b45024,glass,HBOS,track-a-defaults,2,0.15919885106438414,0.8140921409214092,0.07208672086720867,0.1111111111111111,4.951767838313363,7.0,,,
phase4__glass__HBOS__seed-1__task-000196__cfg-4b25fcea,glass,HBOS,track-a-defaults,1,0.15919885106438414,0.8140921409214092,0.07208672086720867,0.1111111111111111,4.951767838313363,7.0,,,
phase4__glass__HBOS__seed-0__task-000195__cfg-a88d2f8a,glass,HBOS,track-a-defaults,0,0.15919885106438414,0.8140921409214092,0.07208672086720867,0.1111111111111111,4.951767838313363,7.0,,,
phase4__glass__ECOD__seed-42__task-000194__cfg-b9329132,glass,ECOD,track-a-defaults,42,0.1859466647060729,0.7046070460704608,0.07208672086720867,0.1111111111111111,4.951767838313363,7.0,,,
phase4__glass__ECOD__seed-3__task-000193__cfg-909ddfa5,glass,ECOD,track-a-defaults,3,0.1859466647060729,0.7046070460704608,0.07208672086720867,0.1111111111111111,4.951767838313363,7.0,,,
phase4__glass__ECOD__seed-2__task-000192__cfg-c6106a61,glass,ECOD,track-a-defaults,2,0.1859466647060729,0.7046070460704608,0.07208672086720867,0.1111111111111111,4.951767838313363,7.0,,,
phase4__glass__ECOD__seed-1__task-000191__cfg-a33de3cc,glass,ECOD,track-a-defaults,1,0.1859466647060729,0.7046070460704608,0.07208672086720867,0.1111111111111111,4.951767838313363,7.0,,,
phase4__glass__ECOD__seed-0__task-000190__cfg-60619bc4,glass,ECOD,track-a-defaults,0,0.1859466647060729,0.7046070460704608,0.07208672086720867,0.1111111111111111,4.951767838313363,7.0,,,
phase4__glass__DBSCAN__seed-42__task-000189__cfg-1cf98b42,glass,DBSCAN,track-a-defaults,42,0.0744202146071305,0.5414634146341464,0.07208672086720867,0.1111111111111111,4.951767838313363,7.0,,,
phase4__glass__DBSCAN__seed-3__task-000188__cfg-23c23922,glass,DBSCAN,track-a-defaults,3,0.0744202146071305,0.5414634146341464,0.07208672086720867,0.1111111111111111,4.951767838313363,7.0,,,
phase4__glass__DBSCAN__seed-2__task-000187__cfg-a6af4810,glass,DBSCAN,track-a-defaults,2,0.0744202146071305,0.5414634146341464,0.07208672086720867,0.1111111111111111,4.951767838313363,7.0,,,
phase4__glass__DBSCAN__seed-1__task-000186__cfg-69e676d2,glass,DBSCAN,track-a-defaults,1,0.0744202146071305,0.5414634146341464,0.07208672086720867,0.1111111111111111,4.951767838313363,7.0,,,
phase4__glass__DBSCAN__seed-0__task-000185__cfg-d3d410c0,glass,DBSCAN,track-a-defaults,0,0.0744202146071305,0.5414634146341464,0.07208672086720867,0.1111111111111111,4.951767838313363,7.0,,,
phase4__glass__LOF__seed-42__task-000184__cfg-ef569a34,glass,LOF,track-a-defaults,42,0.1087337124105374,0.7880758807588076,0.07208672086720867,0.1111111111111111,4.951767838313363,7.0,,,
phase4__glass__LOF__seed-3__task-000183__cfg-1cbf1ff8,glass,LOF,track-a-defaults,3,0.1087337124105374,0.7880758807588076,0.07208672086720867,0.1111111111111111,4.951767838313363,7.0,,,
phase4__glass__LOF__seed-2__task-000182__cfg-e052b9a1,glass,LOF,track-a-defaults,2,0.1087337124105374,0.7880758807588076,0.07208672086720867,0.1111111111111111,4.951767838313363,7.0,,,
phase4__glass__LOF__seed-1__task-000181__cfg-50690e4c,glass,LOF,track-a-defaults,1,0.1087337124105374,0.7880758807588076,0.07208672086720867,0.1111111111111111,4.951767838313363,7.0,,,
phase4__glass__LOF__seed-0__task-000180__cfg-026b2e0b,glass,LOF,track-a-defaults,0,0.1087337124105374,0.7880758807588076,0.07208672086720867,0.1111111111111111,4.951767838313363,7.0,,,
phase4__glass__IForest__seed-42__task-000179__cfg-2c47f7cd,glass,IForest,track-a-defaults,42,0.14743526504671248,0.7837398373983739,0.07208672086720867,0.1111111111111111,4.951767838313363,7.0,,,
phase4__glass__IForest__seed-3__task-000178__cfg-f7915b7d,glass,IForest,track-a-defaults,3,0.11294514427506755,0.7924119241192411,0.07208672086720867,0.1111111111111111,4.951767838313363,7.0,,,
phase4__glass__IForest__seed-2__task-000177__cfg-9e6c48cb,glass,IForest,track-a-defaults,2,0.20600840803104603,0.7815718157181573,0.07208672086720867,0.1111111111111111,4.951767838313363,7.0,,,
phase4__glass__IForest__seed-1__task-000176__cfg-fd1150a0,glass,IForest,track-a-defaults,1,0.15153207107429262,0.789159891598916,0.07208672086720867,0.1111111111111111,4.951767838313363,7.0,,,
phase4__glass__IForest__seed-0__task-000175__cfg-ee772c21,glass,IForest,track-a-defaults,0,0.20442288628099786,0.7848238482384824,0.07208672086720867,0.1111111111111111,4.951767838313363,7.0,,,
phase4__glass__OCSVM__seed-42__task-000174__cfg-cdaca707,glass,OCSVM,track-a-defaults,42,0.20827847350031214,0.5159891598915989,0.07208672086720867,0.1111111111111111,4.951767838313363,7.0,,,
phase4__glass__OCSVM__seed-3__task-000173__cfg-1cc0b3b6,glass,OCSVM,track-a-defaults,3,0.20827847350031214,0.5159891598915989,0.07208672086720867,0.1111111111111111,4.951767838313363,7.0,,,
phase4__glass__OCSVM__seed-2__task-000172__cfg-174b9e19,glass,OCSVM,track-a-defaults,2,0.20827847350031214,0.5159891598915989,0.07208672086720867,0.1111111111111111,4.951767838313363,7.0,,,
phase4__glass__OCSVM__seed-1__task-000171__cfg-03ce6be6,glass,OCSVM,track-a-defaults,1,0.20827847350031214,0.5159891598915989,0.07208672086720867,0.1111111111111111,4.951767838313363,7.0,,,
phase4__glass__OCSVM__seed-0__task-000170__cfg-64405d62,glass,OCSVM,track-a-defaults,0,0.20827847350031214,0.5159891598915989,0.07208672086720867,0.1111111111111111,4.951767838313363,7.0,,,
phase4__fcps__lsun__HBOS__seed-42__task-000169__cfg-e962b330,fcps/lsun,HBOS,track-a-defaults,42,0.0,0.5,0.0,0.0,2.508877157334041,2.0,,,
phase4__fcps__lsun__HBOS__seed-3__task-000168__cfg-354f9d6e,fcps/lsun,HBOS,track-a-defaults,3,0.0,0.5,0.0,0.0,2.508877157334041,2.0,,,
phase4__fcps__lsun__HBOS__seed-2__task-000167__cfg-75cbe7d0,fcps/lsun,HBOS,track-a-defaults,2,0.0,0.5,0.0,0.0,2.508877157334041,2.0,,,
phase4__fcps__lsun__HBOS__seed-1__task-000166__cfg-28c07804,fcps/lsun,HBOS,track-a-defaults,1,0.0,0.5,0.0,0.0,2.508877157334041,2.0,,,
phase4__fcps__lsun__HBOS__seed-0__task-000165__cfg-fdde76ef,fcps/lsun,HBOS,track-a-defaults,0,0.0,0.5,0.0,0.0,2.508877157334041,2.0,,,
phase4__fcps__lsun__ECOD__seed-42__task-000164__cfg-a6f64d0c,fcps/lsun,ECOD,track-a-defaults,42,0.0,0.5,0.0,0.0,2.508877157334041,2.0,,,
phase4__fcps__lsun__ECOD__seed-3__task-000163__cfg-b0cfffbd,fcps/lsun,ECOD,track-a-defaults,3,0.0,0.5,0.0,0.0,2.508877157334041,2.0,,,
phase4__fcps__lsun__ECOD__seed-2__task-000162__cfg-c71a9542,fcps/lsun,ECOD,track-a-defaults,2,0.0,0.5,0.0,0.0,2.508877157334041,2.0,,,
phase4__fcps__lsun__ECOD__seed-1__task-000161__cfg-c535b51c,fcps/lsun,ECOD,track-a-defaults,1,0.0,0.5,0.0,0.0,2.508877157334041,2.0,,,
phase4__fcps__lsun__ECOD__seed-0__task-000160__cfg-7641e3cc,fcps/lsun,ECOD,track-a-defaults,0,0.0,0.5,0.0,0.0,2.508877157334041,2.0,,,
phase4__fcps__lsun__DBSCAN__seed-42__task-000159__cfg-1d5cb433,fcps/lsun,DBSCAN,track-a-defaults,42,0.0,0.5,0.0,0.0,2.508877157334041,2.0,,,
phase4__fcps__lsun__DBSCAN__seed-3__task-000158__cfg-1ef27d8b,fcps/lsun,DBSCAN,track-a-defaults,3,0.0,0.5,0.0,0.0,2.508877157334041,2.0,,,
phase4__fcps__lsun__DBSCAN__seed-2__task-000157__cfg-b1e2268c,fcps/lsun,DBSCAN,track-a-defaults,2,0.0,0.5,0.0,0.0,2.508877157334041,2.0,,,
phase4__fcps__lsun__DBSCAN__seed-1__task-000156__cfg-1d7ff83c,fcps/lsun,DBSCAN,track-a-defaults,1,0.0,0.5,0.0,0.0,2.508877157334041,2.0,,,
phase4__fcps__lsun__DBSCAN__seed-0__task-000155__cfg-ba1e4c7f,fcps/lsun,DBSCAN,track-a-defaults,0,0.0,0.5,0.0,0.0,2.508877157334041,2.0,,,
phase4__fcps__lsun__LOF__seed-42__task-000154__cfg-62e1eedb,fcps/lsun,LOF,track-a-defaults,42,0.0,0.5,0.0,0.0,2.508877157334041,2.0,,,
phase4__fcps__lsun__LOF__seed-3__task-000153__cfg-e5230d86,fcps/lsun,LOF,track-a-defaults,3,0.0,0.5,0.0,0.0,2.508877157334041,2.0,,,
phase4__fcps__lsun__LOF__seed-2__task-000152__cfg-0796389c,fcps/lsun,LOF,track-a-defaults,2,0.0,0.5,0.0,0.0,2.508877157334041,2.0,,,
phase4__fcps__lsun__LOF__seed-1__task-000151__cfg-780db10d,fcps/lsun,LOF,track-a-defaults,1,0.0,0.5,0.0,0.0,2.508877157334041,2.0,,,
phase4__fcps__lsun__LOF__seed-0__task-000150__cfg-510c9d36,fcps/lsun,LOF,track-a-defaults,0,0.0,0.5,0.0,0.0,2.508877157334041,2.0,,,
phase4__fcps__lsun__IForest__seed-42__task-000149__cfg-739acd55,fcps/lsun,IForest,track-a-defaults,42,0.0,0.5,0.0,0.0,2.508877157334041,2.0,,,
phase4__fcps__lsun__IForest__seed-3__task-000148__cfg-e4a7816c,fcps/lsun,IForest,track-a-defaults,3,0.0,0.5,0.0,0.0,2.508877157334041,2.0,,,
phase4__fcps__lsun__IForest__seed-2__task-000147__cfg-5629cb5e,fcps/lsun,IForest,track-a-defaults,2,0.0,0.5,0.0,0.0,2.508877157334041,2.0,,,
phase4__fcps__lsun__IForest__seed-1__task-000146__cfg-beb11fcc,fcps/lsun,IForest,track-a-defaults,1,0.0,0.5,0.0,0.0,2.508877157334041,2.0,,,
phase4__fcps__lsun__IForest__seed-0__task-000145__cfg-bd82e6c1,fcps/lsun,IForest,track-a-defaults,0,0.0,0.5,0.0,0.0,2.508877157334041,2.0,,,
phase4__fcps__lsun__OCSVM__seed-42__task-000144__cfg-540fd95a,fcps/lsun,OCSVM,track-a-defaults,42,0.0,0.5,0.0,0.0,2.508877157334041,2.0,,,
phase4__fcps__lsun__OCSVM__seed-3__task-000143__cfg-64d1b279,fcps/lsun,OCSVM,track-a-defaults,3,0.0,0.5,0.0,0.0,2.508877157334041,2.0,,,
phase4__fcps__lsun__OCSVM__seed-2__task-000142__cfg-a86d7d1e,fcps/lsun,OCSVM,track-a-defaults,2,0.0,0.5,0.0,0.0,2.508877157334041,2.0,,,
phase4__fcps__lsun__OCSVM__seed-1__task-000141__cfg-7b510cd3,fcps/lsun,OCSVM,track-a-defaults,1,0.0,0.5,0.0,0.0,2.508877157334041,2.0,,,
phase4__fcps__lsun__OCSVM__seed-0__task-000140__cfg-e4e3d972,fcps/lsun,OCSVM,track-a-defaults,0,0.0,0.5,0.0,0.0,2.508877157334041,2.0,,,
phase4__cover__HBOS__seed-42__task-000139__cfg-10af9ca6,cover,HBOS,track-a-defaults,42,0.027322843601005415,0.7257951841191311,0.057200120982049615,0.06625409537677467,2.005662740951713,10.0,,,
phase4__cover__HBOS__seed-3__task-000138__cfg-c1777fc7,cover,HBOS,track-a-defaults,3,0.027322843601005415,0.7257951841191311,0.057200120982049615,0.06625409537677467,2.005662740951713,10.0,,,
phase4__cover__HBOS__seed-2__task-000137__cfg-7d7ffc37,cover,HBOS,track-a-defaults,2,0.027322843601005415,0.7257951841191311,0.057200120982049615,0.06625409537677467,2.005662740951713,10.0,,,
phase4__cover__HBOS__seed-1__task-000136__cfg-5e1b7217,cover,HBOS,track-a-defaults,1,0.027322843601005415,0.7257951841191311,0.057200120982049615,0.06625409537677467,2.005662740951713,10.0,,,
phase4__cover__HBOS__seed-0__task-000135__cfg-63cf94f0,cover,HBOS,track-a-defaults,0,0.027322843601005415,0.7257951841191311,0.057200120982049615,0.06625409537677467,2.005662740951713,10.0,,,
phase4__cover__ECOD__seed-42__task-000134__cfg-f059904a,cover,ECOD,track-a-defaults,42,0.10719104278713666,0.9204000946010866,0.1557070868989349,0.16381507098653075,2.005662740951713,10.0,,,
phase4__cover__ECOD__seed-3__task-000133__cfg-b9772995,cover,ECOD,track-a-defaults,3,0.10719104278713666,0.9204000946010866,0.1557070868989349,0.16381507098653075,2.005662740951713,10.0,,,
phase4__cover__ECOD__seed-2__task-000132__cfg-da76f05a,cover,ECOD,track-a-defaults,2,0.10719104278713666,0.9204000946010866,0.1557070868989349,0.16381507098653075,2.005662740951713,10.0,,,
phase4__cover__ECOD__seed-1__task-000131__cfg-751e5c90,cover,ECOD,track-a-defaults,1,0.10719104278713666,0.9204000946010866,0.1557070868989349,0.16381507098653075,2.005662740951713,10.0,,,
phase4__cover__ECOD__seed-0__task-000130__cfg-026d8958,cover,ECOD,track-a-defaults,0,0.10719104278713666,0.9204000946010866,0.1557070868989349,0.16381507098653075,2.005662740951713,10.0,,,
phase4__cover__DBSCAN__seed-42__task-000129__cfg-c1f2f6ed,cover,DBSCAN,track-a-defaults,42,0.02559528480076503,0.6059004989566507,0.0639303984921917,0.07291666666666667,2.2253039109072206,10.0,,,
phase4__cover__DBSCAN__seed-3__task-000128__cfg-dd4fe888,cover,DBSCAN,track-a-defaults,3,0.026666794794592982,0.6095651062701939,0.07444803446418956,0.08333333333333333,2.143493584855586,10.0,,,
phase4__cover__DBSCAN__seed-2__task-000127__cfg-77da21cd,cover,DBSCAN,track-a-defaults,2,0.025566185618825007,0.6043420482464997,0.09022448842218632,0.09895833333333333,2.365963794374081,10.0,,,
phase4__cover__DBSCAN__seed-1__task-000126__cfg-6befd93b,cover,DBSCAN,track-a-defaults,1,0.028707793918693998,0.6197139676309236,0.06918921647819062,0.078125,3.0433137808842865,10.0,,,
phase4__cover__DBSCAN__seed-0__task-000125__cfg-a2ccd758,cover,DBSCAN,track-a-defaults,0,0.028990491720166822,0.5992538789041464,0.1060009423801831,0.11458333333333333,2.4415674430627496,10.0,,,
phase4__cover__LOF__seed-42__task-000124__cfg-691d7caa,cover,LOF,track-a-defaults,42,0.02508271952888749,0.6741373434975768,0.042895126548196015,0.052083333333333336,2.2253039109072206,10.0,,,
phase4__cover__LOF__seed-3__task-000123__cfg-cb0ed895,cover,LOF,track-a-defaults,3,0.037793748030899514,0.7202921483743943,0.09022448842218632,0.09895833333333333,2.143493584855586,10.0,,,
phase4__cover__LOF__seed-2__task-000122__cfg-f4d0316c,cover,LOF,track-a-defaults,2,0.03919533211258952,0.6796706717824449,0.11125976036618201,0.11979166666666667,2.365963794374081,10.0,,,
phase4__cover__LOF__seed-1__task-000121__cfg-f0a703a3,cover,LOF,track-a-defaults,1,0.029200852138432834,0.6683534325356758,0.0849656704361874,0.09375,3.0433137808842865,10.0,,,
phase4__cover__LOF__seed-0__task-000120__cfg-475bfe18,cover,LOF,track-a-defaults,0,0.022109553073789673,0.6437150814485729,0.03237749057619817,0.041666666666666664,2.4415674430627496,10.0,,,
phase4__cover__IForest__seed-42__task-000119__cfg-dd14aa51,cover,IForest,track-a-defaults,42,0.0564379961903381,0.8914372862321902,0.07851879271033076,0.08736803785948308,2.005662740951713,10.0,,,
phase4__cover__IForest__seed-3__task-000118__cfg-78a22607,cover,IForest,track-a-defaults,3,0.03702766667854447,0.8506296601334545,0.0549947411480895,0.06406989443028759,2.005662740951713,10.0,,,
phase4__cover__IForest__seed-2__task-000117__cfg-56aca3bb,cover,IForest,track-a-defaults,2,0.061853595328516656,0.8907113510164588,0.10277797088389205,0.11139424827084092,2.005662740951713,10.0,,,
phase4__cover__IForest__seed-1__task-000116__cfg-160093e9,cover,IForest,track-a-defaults,1,0.05152081479779902,0.8779042097166179,0.07410803304241052,0.08299963596650892,2.005662740951713,10.0,,,
phase4__cover__IForest__seed-0__task-000115__cfg-04426ae6,cover,IForest,track-a-defaults,0,0.049129866689144853,0.8801791899898436,0.06969727337449029,0.07863123407353477,2.005662740951713,10.0,,,
phase4__cover__OCSVM__seed-42__task-000114__cfg-c9f41c56,cover,OCSVM,track-a-defaults,42,0.11614215316680097,0.9576102458602586,0.07444803446418956,0.08333333333333333,2.2253039109072206,10.0,,,
phase4__cover__OCSVM__seed-3__task-000113__cfg-b4eb6824,cover,OCSVM,track-a-defaults,3,0.11268773950718906,0.9551567443288907,0.0849656704361874,0.09375,2.143493584855586,10.0,,,
phase4__cover__OCSVM__seed-2__task-000112__cfg-dc906f70,cover,OCSVM,track-a-defaults,2,0.11609460949753564,0.9552884777194399,0.07970685245018848,0.08854166666666667,2.365963794374081,10.0,,,
phase4__cover__OCSVM__seed-1__task-000111__cfg-6f372f9e,cover,OCSVM,track-a-defaults,1,0.11515718116433256,0.9575552912123048,0.09548330640818524,0.10416666666666667,3.0433137808842865,10.0,,,
phase4__cover__OCSVM__seed-0__task-000110__cfg-1b098f82,cover,OCSVM,track-a-defaults,0,0.10825645602703987,0.9545254232296714,0.0639303984921917,0.07291666666666667,2.4415674430627496,10.0,,,
phase4__cardio__HBOS__seed-42__task-000109__cfg-d68938f2,cardio,HBOS,track-a-defaults,42,0.44310877435257284,0.8106667124416369,0.4405417467728646,0.4943181818181818,16.40426782718458,21.0,,,
phase4__cardio__HBOS__seed-3__task-000108__cfg-37e94921,cardio,HBOS,track-a-defaults,3,0.44310877435257284,0.8106667124416369,0.4405417467728646,0.4943181818181818,16.40426782718458,21.0,,,
phase4__cardio__HBOS__seed-2__task-000107__cfg-ce29c93a,cardio,HBOS,track-a-defaults,2,0.44310877435257284,0.8106667124416369,0.4405417467728646,0.4943181818181818,16.40426782718458,21.0,,,
phase4__cardio__HBOS__seed-1__task-000106__cfg-ddd7e7eb,cardio,HBOS,track-a-defaults,1,0.44310877435257284,0.8106667124416369,0.4405417467728646,0.4943181818181818,16.40426782718458,21.0,,,
phase4__cardio__HBOS__seed-0__task-000105__cfg-3eebe4f7,cardio,HBOS,track-a-defaults,0,0.44310877435257284,0.8106667124416369,0.4405417467728646,0.4943181818181818,16.40426782718458,21.0,,,
phase4__cardio__ECOD__seed-42__task-000104__cfg-b2e5e211,cardio,ECOD,track-a-defaults,42,0.5674131327593924,0.9350006866245537,0.47825803350727825,0.5284090909090909,16.40426782718458,21.0,,,
phase4__cardio__ECOD__seed-3__task-000103__cfg-48bcd98e,cardio,ECOD,track-a-defaults,3,0.5674131327593924,0.9350006866245537,0.47825803350727825,0.5284090909090909,16.40426782718458,21.0,,,
phase4__cardio__ECOD__seed-2__task-000102__cfg-ffef7ea0,cardio,ECOD,track-a-defaults,2,0.5674131327593924,0.9350006866245537,0.47825803350727825,0.5284090909090909,16.40426782718458,21.0,,,
phase4__cardio__ECOD__seed-1__task-000101__cfg-63e23d66,cardio,ECOD,track-a-defaults,1,0.5674131327593924,0.9350006866245537,0.47825803350727825,0.5284090909090909,16.40426782718458,21.0,,,
phase4__cardio__ECOD__seed-0__task-000100__cfg-2f84dbde,cardio,ECOD,track-a-defaults,0,0.5674131327593924,0.9350006866245537,0.47825803350727825,0.5284090909090909,16.40426782718458,21.0,,,
phase4__cardio__DBSCAN__seed-42__task-000099__cfg-c3192c12,cardio,DBSCAN,track-a-defaults,42,0.1576931812967456,0.542223976929415,0.11366726174127986,0.19886363636363635,16.40426782718458,21.0,,,
phase4__cardio__DBSCAN__seed-3__task-000098__cfg-96970a01,cardio,DBSCAN,track-a-defaults,3,0.1576931812967456,0.542223976929415,0.11366726174127986,0.19886363636363635,16.40426782718458,21.0,,,
phase4__cardio__DBSCAN__seed-2__task-000097__cfg-f083a1b8,cardio,DBSCAN,track-a-defaults,2,0.1576931812967456,0.542223976929415,0.11366726174127986,0.19886363636363635,16.40426782718458,21.0,,,
phase4__cardio__DBSCAN__seed-1__task-000096__cfg-790ba48f,cardio,DBSCAN,track-a-defaults,1,0.1576931812967456,0.542223976929415,0.11366726174127986,0.19886363636363635,16.40426782718458,21.0,,,
phase4__cardio__DBSCAN__seed-0__task-000095__cfg-f475f9dd,cardio,DBSCAN,track-a-defaults,0,0.1576931812967456,0.542223976929415,0.11366726174127986,0.19886363636363635,16.40426782718458,21.0,,,
phase4__cardio__LOF__seed-42__task-000094__cfg-de591693,cardio,LOF,track-a-defaults,42,0.19926787151592723,0.5344067563856083,0.1513835484756935,0.23295454545454544,16.40426782718458,21.0,,,
phase4__cardio__LOF__seed-3__task-000093__cfg-4e39ef4f,cardio,LOF,track-a-defaults,3,0.19926787151592723,0.5344067563856083,0.1513835484756935,0.23295454545454544,16.40426782718458,21.0,,,
phase4__cardio__LOF__seed-2__task-000092__cfg-d978d43b,cardio,LOF,track-a-defaults,2,0.19926787151592723,0.5344067563856083,0.1513835484756935,0.23295454545454544,16.40426782718458,21.0,,,
phase4__cardio__LOF__seed-1__task-000091__cfg-0e02f668,cardio,LOF,track-a-defaults,1,0.19926787151592723,0.5344067563856083,0.1513835484756935,0.23295454545454544,16.40426782718458,21.0,,,
phase4__cardio__LOF__seed-0__task-000090__cfg-ff958c5c,cardio,LOF,track-a-defaults,0,0.19926787151592723,0.5344067563856083,0.1513835484756935,0.23295454545454544,16.40426782718458,21.0,,,
phase4__cardio__IForest__seed-42__task-000089__cfg-f6707e02,cardio,IForest,track-a-defaults,42,0.5679572736328944,0.9292845372150508,0.4531138423510025,0.5056818181818182,16.40426782718458,21.0,,,
phase4__cardio__IForest__seed-3__task-000088__cfg-f2c3d523,cardio,IForest,track-a-defaults,3,0.5991840858390056,0.9371017577588575,0.4719719857182093,0.5227272727272727,16.40426782718458,21.0,,,
phase4__cardio__IForest__seed-2__task-000087__cfg-2f08ce84,cardio,IForest,track-a-defaults,2,0.5160671100710018,0.9197370227959352,0.4216836034056578,0.4772727272727273,16.40426782718458,21.0,,,
phase4__cardio__IForest__seed-1__task-000086__cfg-174358f5,cardio,IForest,track-a-defaults,1,0.5817186829361747,0.9349491897830265,0.4845440812963472,0.5340909090909091,16.40426782718458,21.0,,,
phase4__cardio__IForest__seed-0__task-000085__cfg-2a68ec40,cardio,IForest,track-a-defaults,0,0.5747040318516179,0.9381694589398516,0.4719719857182093,0.5227272727272727,16.40426782718458,21.0,,,
phase4__cardio__OCSVM__seed-42__task-000084__cfg-d5b02325,cardio,OCSVM,track-a-defaults,42,0.3190329127348953,0.7877883823125517,0.41539755561658886,0.4715909090909091,16.40426782718458,21.0,,,
phase4__cardio__OCSVM__seed-3__task-000083__cfg-7ae31078,cardio,OCSVM,track-a-defaults,3,0.3190329127348953,0.7877883823125517,0.41539755561658886,0.4715909090909091,16.40426782718458,21.0,,,
phase4__cardio__OCSVM__seed-2__task-000082__cfg-4468d1a3,cardio,OCSVM,track-a-defaults,2,0.3190329127348953,0.7877883823125517,0.41539755561658886,0.4715909090909091,16.40426782718458,21.0,,,
phase4__cardio__OCSVM__seed-1__task-000081__cfg-e2bf3676,cardio,OCSVM,track-a-defaults,1,0.3190329127348953,0.7877883823125517,0.41539755561658886,0.4715909090909091,16.40426782718458,21.0,,,
phase4__cardio__OCSVM__seed-0__task-000080__cfg-31f8fb61,cardio,OCSVM,track-a-defaults,0,0.3190329127348953,0.7877883823125517,0.41539755561658886,0.4715909090909091,16.40426782718458,21.0,,,
phase4__breastw__HBOS__seed-42__task-000079__cfg-c96b441e,breastw,HBOS,track-a-defaults,42,0.9548539328098623,0.984733687662558,0.9067676326868176,0.9394572025052192,3.638782655539799,9.0,,,
phase4__breastw__HBOS__seed-3__task-000078__cfg-c94818f9,breastw,HBOS,track-a-defaults,3,0.9548539328098623,0.984733687662558,0.9067676326868176,0.9394572025052192,3.638782655539799,9.0,,,
phase4__breastw__HBOS__seed-2__task-000077__cfg-d7c97436,breastw,HBOS,track-a-defaults,2,0.9548539328098623,0.984733687662558,0.9067676326868176,0.9394572025052192,3.638782655539799,9.0,,,
phase4__breastw__HBOS__seed-1__task-000076__cfg-8ce46c9b,breastw,HBOS,track-a-defaults,1,0.9548539328098623,0.984733687662558,0.9067676326868176,0.9394572025052192,3.638782655539799,9.0,,,
phase4__breastw__HBOS__seed-0__task-000075__cfg-b55d2834,breastw,HBOS,track-a-defaults,0,0.9548539328098623,0.984733687662558,0.9067676326868176,0.9394572025052192,3.638782655539799,9.0,,,
phase4__breastw__ECOD__seed-42__task-000074__cfg-5df9292f,breastw,ECOD,track-a-defaults,42,0.9839277954892325,0.9913962079234047,0.8874771080605882,0.9269311064718163,3.638782655539799,9.0,,,
phase4__breastw__ECOD__seed-3__task-000073__cfg-f8e7e60b,breastw,ECOD,track-a-defaults,3,0.9839277954892325,0.9913962079234047,0.8874771080605882,0.9269311064718163,3.638782655539799,9.0,,,
phase4__breastw__ECOD__seed-2__task-000072__cfg-07083079,breastw,ECOD,track-a-defaults,2,0.9839277954892325,0.9913962079234047,0.8874771080605882,0.9269311064718163,3.638782655539799,9.0,,,
phase4__breastw__ECOD__seed-1__task-000071__cfg-5c5bcb37,breastw,ECOD,track-a-defaults,1,0.9839277954892325,0.9913962079234047,0.8874771080605882,0.9269311064718163,3.638782655539799,9.0,,,
phase4__breastw__ECOD__seed-0__task-000070__cfg-7f17484e,breastw,ECOD,track-a-defaults,0,0.9839277954892325,0.9913962079234047,0.8874771080605882,0.9269311064718163,3.638782655539799,9.0,,,
phase4__breastw__DBSCAN__seed-42__task-000069__cfg-772b527f,breastw,DBSCAN,track-a-defaults,42,0.9691571074513925,0.9878623393267745,0.9003374578114078,0.9352818371607515,3.638782655539799,9.0,,,
phase4__breastw__DBSCAN__seed-3__task-000068__cfg-6bc89605,breastw,DBSCAN,track-a-defaults,3,0.9691571074513925,0.9878623393267745,0.9003374578114078,0.9352818371607515,3.638782655539799,9.0,,,
phase4__breastw__DBSCAN__seed-2__task-000067__cfg-1b271f23,breastw,DBSCAN,track-a-defaults,2,0.9691571074513925,0.9878623393267745,0.9003374578114078,0.9352818371607515,3.638782655539799,9.0,,,
phase4__breastw__DBSCAN__seed-1__task-000066__cfg-e6341030,breastw,DBSCAN,track-a-defaults,1,0.9691571074513925,0.9878623393267745,0.9003374578114078,0.9352818371607515,3.638782655539799,9.0,,,
phase4__breastw__DBSCAN__seed-0__task-000065__cfg-70a1a61d,breastw,DBSCAN,track-a-defaults,0,0.9691571074513925,0.9878623393267745,0.9003374578114078,0.9352818371607515,3.638782655539799,9.0,,,
phase4__breastw__LOF__seed-42__task-000064__cfg-e6c226bb,breastw,LOF,track-a-defaults,42,0.27311271279017396,0.3737419427795997,-0.4178483916476045,0.07933194154488518,3.638782655539799,9.0,,,
phase4__breastw__LOF__seed-3__task-000063__cfg-1d72f5c3,breastw,LOF,track-a-defaults,3,0.27311271279017396,0.3737419427795997,-0.4178483916476045,0.07933194154488518,3.638782655539799,9.0,,,
phase4__breastw__LOF__seed-2__task-000062__cfg-557f75f4,breastw,LOF,track-a-defaults,2,0.27311271279017396,0.3737419427795997,-0.4178483916476045,0.07933194154488518,3.638782655539799,9.0,,,
phase4__breastw__LOF__seed-1__task-000061__cfg-bad22436,breastw,LOF,track-a-defaults,1,0.27311271279017396,0.3737419427795997,-0.4178483916476045,0.07933194154488518,3.638782655539799,9.0,,,
phase4__breastw__LOF__seed-0__task-000060__cfg-c68b838e,breastw,LOF,track-a-defaults,0,0.27311271279017396,0.3737419427795997,-0.4178483916476045,0.07933194154488518,3.638782655539799,9.0,,,
phase4__breastw__IForest__seed-42__task-000059__cfg-b27028be,breastw,IForest,track-a-defaults,42,0.9712028968694718,0.987523087941498,0.8874771080605882,0.9269311064718163,3.638782655539799,9.0,,,
phase4__breastw__IForest__seed-3__task-000058__cfg-f7160509,breastw,IForest,track-a-defaults,3,0.9723385641101433,0.987626748086999,0.8810469331851783,0.9227557411273486,3.638782655539799,9.0,,,
phase4__breastw__IForest__seed-2__task-000057__cfg-2ad52231,breastw,IForest,track-a-defaults,2,0.9766152254017749,0.9897659165441592,0.9003374578114078,0.9352818371607515,3.638782655539799,9.0,,,
phase4__breastw__IForest__seed-1__task-000056__cfg-b7b619c9,breastw,IForest,track-a-defaults,1,0.9666513143626863,0.986213200648347,0.8746167583097686,0.918580375782881,3.638782655539799,9.0,,,
phase4__breastw__IForest__seed-0__task-000055__cfg-2de7d26f,breastw,IForest,track-a-defaults,0,0.9694667223386738,0.986769195974217,0.8810469331851783,0.9227557411273486,3.638782655539799,9.0,,,
phase4__breastw__OCSVM__seed-42__task-000054__cfg-114a6698,breastw,OCSVM,track-a-defaults,42,0.4913122965346698,0.4697029665648913,0.09013542350977098,0.4091858037578288,3.638782655539799,9.0,,,
phase4__breastw__OCSVM__seed-3__task-000053__cfg-080b361c,breastw,OCSVM,track-a-defaults,3,0.4913122965346698,0.4697029665648913,0.09013542350977098,0.4091858037578288,3.638782655539799,9.0,,,
phase4__breastw__OCSVM__seed-2__task-000052__cfg-e96125fc,breastw,OCSVM,track-a-defaults,2,0.4913122965346698,0.4697029665648913,0.09013542350977098,0.4091858037578288,3.638782655539799,9.0,,,
phase4__breastw__OCSVM__seed-1__task-000051__cfg-16c1cb51,breastw,OCSVM,track-a-defaults,1,0.4913122965346698,0.4697029665648913,0.09013542350977098,0.4091858037578288,3.638782655539799,9.0,,,
phase4__breastw__OCSVM__seed-0__task-000050__cfg-246f0ce6,breastw,OCSVM,track-a-defaults,0,0.4913122965346698,0.4697029665648913,0.09013542350977098,0.4091858037578288,3.638782655539799,9.0,,,
phase4__arrhythmia__HBOS__seed-42__task-000049__cfg-b8004351,arrhythmia,HBOS,track-a-defaults,42,0.4159925298397879,0.797848955880044,0.3967655832940807,0.48484848484848486,4.99741488815345,802.0,,,
phase4__arrhythmia__HBOS__seed-3__task-000048__cfg-5f6331e3,arrhythmia,HBOS,track-a-defaults,3,0.4159925298397879,0.797848955880044,0.3967655832940807,0.48484848484848486,4.99741488815345,802.0,,,
phase4__arrhythmia__HBOS__seed-2__task-000047__cfg-436619bc,arrhythmia,HBOS,track-a-defaults,2,0.4159925298397879,0.797848955880044,0.3967655832940807,0.48484848484848486,4.99741488815345,802.0,,,
phase4__arrhythmia__HBOS__seed-1__task-000046__cfg-47d378a7,arrhythmia,HBOS,track-a-defaults,1,0.4159925298397879,0.797848955880044,0.3967655832940807,0.48484848484848486,4.99741488815345,802.0,,,
phase4__arrhythmia__HBOS__seed-0__task-000045__cfg-582aef48,arrhythmia,HBOS,track-a-defaults,0,0.4159925298397879,0.797848955880044,0.3967655832940807,0.48484848484848486,4.99741488815345,802.0,,,
phase4__arrhythmia__ECOD__seed-42__task-000044__cfg-9c2d39be,arrhythmia,ECOD,track-a-defaults,42,0.4522396627425243,0.8047966713769823,0.3967655832940807,0.48484848484848486,4.99741488815345,802.0,,,
phase4__arrhythmia__ECOD__seed-3__task-000043__cfg-e417964b,arrhythmia,ECOD,track-a-defaults,3,0.4522396627425243,0.8047966713769823,0.3967655832940807,0.48484848484848486,4.99741488815345,802.0,,,
phase4__arrhythmia__ECOD__seed-2__task-000042__cfg-6861ca36,arrhythmia,ECOD,track-a-defaults,2,0.4522396627425243,0.8047966713769823,0.3967655832940807,0.48484848484848486,4.99741488815345,802.0,,,
phase4__arrhythmia__ECOD__seed-1__task-000041__cfg-320a9942,arrhythmia,ECOD,track-a-defaults,1,0.4522396627425243,0.8047966713769823,0.3967655832940807,0.48484848484848486,4.99741488815345,802.0,,,
phase4__arrhythmia__ECOD__seed-0__task-000040__cfg-71387255,arrhythmia,ECOD,track-a-defaults,0,0.4522396627425243,0.8047966713769823,0.3967655832940807,0.48484848484848486,4.99741488815345,802.0,,,
phase4__arrhythmia__IForest__seed-42__task-000039__cfg-0650373e,arrhythmia,IForest,track-a-defaults,42,0.4195474111260723,0.7744543884440257,0.41450777202072536,0.5,4.99741488815345,802.0,,,
phase4__arrhythmia__IForest__seed-3__task-000038__cfg-26e4109f,arrhythmia,IForest,track-a-defaults,3,0.4043663186267863,0.7950620191552834,0.2725702622075679,0.3787878787878788,4.99741488815345,802.0,,,
phase4__arrhythmia__IForest__seed-2__task-000037__cfg-610799bc,arrhythmia,IForest,track-a-defaults,2,0.43119430646155693,0.7933741560684566,0.3967655832940807,0.48484848484848486,4.99741488815345,802.0,,,
phase4__arrhythmia__IForest__seed-1__task-000036__cfg-718bff3b,arrhythmia,IForest,track-a-defaults,1,0.4135599135408875,0.7864656932014445,0.34353901711414664,0.4393939393939394,4.99741488815345,802.0,,,
phase4__arrhythmia__IForest__seed-0__task-000035__cfg-aa5ea585,arrhythmia,IForest,track-a-defaults,0,0.4367159658730751,0.7966713769822578,0.379023394567436,0.4696969696969697,4.99741488815345,802.0,,,
phase4__arrhythmia__OCSVM__seed-42__task-000034__cfg-d001a84a,arrhythmia,OCSVM,track-a-defaults,42,0.5114434483693091,0.7635029046946145,0.4499921494740148,0.5303030303030303,4.99741488815345,802.0,,,
phase4__arrhythmia__OCSVM__seed-3__task-000033__cfg-1a39060b,arrhythmia,OCSVM,track-a-defaults,3,0.5114434483693091,0.7635029046946145,0.4499921494740148,0.5303030303030303,4.99741488815345,802.0,,,
phase4__arrhythmia__OCSVM__seed-2__task-000032__cfg-1599887b,arrhythmia,OCSVM,track-a-defaults,2,0.5114434483693091,0.7635029046946145,0.4499921494740148,0.5303030303030303,4.99741488815345,802.0,,,
phase4__arrhythmia__OCSVM__seed-1__task-000031__cfg-52e98052,arrhythmia,OCSVM,track-a-defaults,1,0.5114434483693091,0.7635029046946145,0.4499921494740148,0.5303030303030303,4.99741488815345,802.0,,,
phase4__arrhythmia__OCSVM__seed-0__task-000030__cfg-93e65cd7,arrhythmia,OCSVM,track-a-defaults,0,0.5114434483693091,0.7635029046946145,0.4499921494740148,0.5303030303030303,4.99741488815345,802.0,,,
phase4__annthyroid__HBOS__seed-42__task-000029__cfg-cfb52fa6,annthyroid,HBOS,track-a-defaults,42,0.1533027505419219,0.6056279785281898,0.20339167890451618,0.2624179943767573,39.37465742487482,6.0,,,
phase4__annthyroid__HBOS__seed-3__task-000028__cfg-51b3dc7e,annthyroid,HBOS,track-a-defaults,3,0.1533027505419219,0.6056279785281898,0.20339167890451618,0.2624179943767573,39.37465742487482,6.0,,,
phase4__annthyroid__HBOS__seed-2__task-000027__cfg-51ff89ef,annthyroid,HBOS,track-a-defaults,2,0.1533027505419219,0.6056279785281898,0.20339167890451618,0.2624179943767573,39.37465742487482,6.0,,,
phase4__annthyroid__HBOS__seed-1__task-000026__cfg-fea9bdbc,annthyroid,HBOS,track-a-defaults,1,0.1533027505419219,0.6056279785281898,0.20339167890451618,0.2624179943767573,39.37465742487482,6.0,,,
phase4__annthyroid__HBOS__seed-0__task-000025__cfg-57a4024b,annthyroid,HBOS,track-a-defaults,0,0.1533027505419219,0.6056279785281898,0.20339167890451618,0.2624179943767573,39.37465742487482,6.0,,,
phase4__annthyroid__ECOD__seed-42__task-000024__cfg-7b060ed9,annthyroid,ECOD,track-a-defaults,42,0.2697345316327892,0.7886653833922719,0.251977732274539,0.30740393626991563,39.37465742487482,6.0,,,
phase4__annthyroid__ECOD__seed-3__task-000023__cfg-9de77f72,annthyroid,ECOD,track-a-defaults,3,0.2697345316327892,0.7886653833922719,0.251977732274539,0.30740393626991563,39.37465742487482,6.0,,,
phase4__annthyroid__ECOD__seed-2__task-000022__cfg-ffe74b44,annthyroid,ECOD,track-a-defaults,2,0.2697345316327892,0.7886653833922719,0.251977732274539,0.30740393626991563,39.37465742487482,6.0,,,
phase4__annthyroid__ECOD__seed-1__task-000021__cfg-68310d6c,annthyroid,ECOD,track-a-defaults,1,0.2697345316327892,0.7886653833922719,0.251977732274539,0.30740393626991563,39.37465742487482,6.0,,,
phase4__annthyroid__ECOD__seed-0__task-000020__cfg-d13609dc,annthyroid,ECOD,track-a-defaults,0,0.2697345316327892,0.7886653833922719,0.251977732274539,0.30740393626991563,39.37465742487482,6.0,,,
phase4__annthyroid__DBSCAN__seed-42__task-000019__cfg-4dfe4bb3,annthyroid,DBSCAN,track-a-defaults,42,0.5984653563609535,0.9397524022065128,0.49693241801507093,0.5342080599812559,39.37465742487482,6.0,,,
phase4__annthyroid__DBSCAN__seed-3__task-000018__cfg-6c218504,annthyroid,DBSCAN,track-a-defaults,3,0.5984653563609535,0.9397524022065128,0.49693241801507093,0.5342080599812559,39.37465742487482,6.0,,,
phase4__annthyroid__DBSCAN__seed-2__task-000017__cfg-310fb6a3,annthyroid,DBSCAN,track-a-defaults,2,0.5984653563609535,0.9397524022065128,0.49693241801507093,0.5342080599812559,39.37465742487482,6.0,,,
phase4__annthyroid__DBSCAN__seed-1__task-000016__cfg-7dfa268f,annthyroid,DBSCAN,track-a-defaults,1,0.5984653563609535,0.9397524022065128,0.49693241801507093,0.5342080599812559,39.37465742487482,6.0,,,
phase4__annthyroid__DBSCAN__seed-0__task-000015__cfg-7ac812a5,annthyroid,DBSCAN,track-a-defaults,0,0.5984653563609535,0.9397524022065128,0.49693241801507093,0.5342080599812559,39.37465742487482,6.0,,,
phase4__annthyroid__LOF__seed-42__task-000014__cfg-ebd26832,annthyroid,LOF,track-a-defaults,42,0.08350896620666817,0.46372052935630637,0.02929165432860093,0.10121836925960637,39.37465742487482,6.0,,,
phase4__annthyroid__LOF__seed-3__task-000013__cfg-961daffb,annthyroid,LOF,track-a-defaults,3,0.08350896620666817,0.46372052935630637,0.02929165432860093,0.10121836925960637,39.37465742487482,6.0,,,
phase4__annthyroid__LOF__seed-2__task-000012__cfg-9ea37f3b,annthyroid,LOF,track-a-defaults,2,0.08350896620666817,0.46372052935630637,0.02929165432860093,0.10121836925960637,39.37465742487482,6.0,,,
phase4__annthyroid__LOF__seed-1__task-000011__cfg-0473fcdb,annthyroid,LOF,track-a-defaults,1,0.08350896620666817,0.46372052935630637,0.02929165432860093,0.10121836925960637,39.37465742487482,6.0,,,
phase4__annthyroid__LOF__seed-0__task-000010__cfg-f1ebcb90,annthyroid,LOF,track-a-defaults,0,0.08350896620666817,0.46372052935630637,0.02929165432860093,0.10121836925960637,39.37465742487482,6.0,,,
phase4__annthyroid__IForest__seed-42__task-000009__cfg-4f2ab900,annthyroid,IForest,track-a-defaults,42,0.2894509047732401,0.8022869702700607,0.26412424561704473,0.31865042174320524,39.37465742487482,6.0,,,
phase4__annthyroid__IForest__seed-3__task-000008__cfg-a97cf3b4,annthyroid,IForest,track-a-defaults,3,0.3076397493910322,0.8272793571491981,0.26412424561704473,0.31865042174320524,39.37465742487482,6.0,,,
phase4__annthyroid__IForest__seed-2__task-000007__cfg-dcd74380,annthyroid,IForest,track-a-defaults,2,0.31581948840803264,0.8406916534350064,0.2803195967403857,0.3336457357075914,39.37465742487482,6.0,,,
phase4__annthyroid__IForest__seed-1__task-000006__cfg-9404de52,annthyroid,IForest,track-a-defaults,1,0.30201983102741986,0.8217917297347712,0.26007540783620947,0.3149015932521087,39.37465742487482,6.0,,,
phase4__annthyroid__IForest__seed-0__task-000005__cfg-c5ceeeaa,annthyroid,IForest,track-a-defaults,0,0.32192995899763455,0.8201351033979802,0.26614866450746233,0.32052483598875353,39.37465742487482,6.0,,,
phase4__annthyroid__OCSVM__seed-42__task-000004__cfg-a987900a,annthyroid,OCSVM,track-a-defaults,42,0.4119565823407273,0.6928344519845243,0.3896382168229371,0.43486410496719774,39.37465742487482,6.0,,,
phase4__annthyroid__OCSVM__seed-3__task-000003__cfg-763b9c51,annthyroid,OCSVM,track-a-defaults,3,0.4119565823407273,0.6928344519845243,0.3896382168229371,0.43486410496719774,39.37465742487482,6.0,,,
phase4__annthyroid__OCSVM__seed-2__task-000002__cfg-fe65601e,annthyroid,OCSVM,track-a-defaults,2,0.4119565823407273,0.6928344519845243,0.3896382168229371,0.43486410496719774,39.37465742487482,6.0,,,
phase4__annthyroid__OCSVM__seed-1__task-000001__cfg-f946d4d7,annthyroid,OCSVM,track-a-defaults,1,0.4119565823407273,0.6928344519845243,0.3896382168229371,0.43486410496719774,39.37465742487482,6.0,,,
phase4__annthyroid__OCSVM__seed-0__task-000000__cfg-88e5115b,annthyroid,OCSVM,track-a-defaults,0,0.4119565823407273,0.6928344519845243,0.3896382168229371,0.43486410496719774,39.37465742487482,6.0,,,
